sku,name,category,unit,price,currency,brand,description
LRG-00001,Bulk SKU 1,Tiles & Flooring,pcs,11,INR,Tata,10k catalog row 1
LRG-00002,Bulk SKU 2,Electrical Supplies,pcs,12,INR,Kajaria,10k catalog row 2
LRG-00003,Bulk SKU 3,Plumbing & HVAC,pcs,13,INR,Havells,10k catalog row 3
LRG-00004,Bulk SKU 4,Paint & Finishes,pcs,14,INR,Jaquar,10k catalog row 4
LRG-00005,Bulk SKU 5,Building Materials,pcs,15,INR,Asian Paints,10k catalog row 5
LRG-00006,Bulk SKU 6,Lighting & Fixtures,pcs,16,INR,Bosch,10k catalog row 6
LRG-00007,Bulk SKU 7,Timber & Wood,pcs,17,INR,3M,10k catalog row 7
LRG-00008,Bulk SKU 8,Glass & Aluminium,pcs,18,INR,Jindal,10k catalog row 8
LRG-00009,Bulk SKU 9,Sanitary Ware,pcs,19,INR,Saint-Gobain,10k catalog row 9
LRG-00010,Bulk SKU 10,Steel & Metal,pcs,20,INR,UltraTech,10k catalog row 10
LRG-00011,Bulk SKU 11,Tiles & Flooring,pcs,21,INR,Tata,10k catalog row 11
LRG-00012,Bulk SKU 12,Electrical Supplies,pcs,22,INR,Kajaria,10k catalog row 12
LRG-00013,Bulk SKU 13,Plumbing & HVAC,pcs,23,INR,Havells,10k catalog row 13
LRG-00014,Bulk SKU 14,Paint & Finishes,pcs,24,INR,Jaquar,10k catalog row 14
LRG-00015,Bulk SKU 15,Building Materials,pcs,25,INR,Asian Paints,10k catalog row 15
LRG-00016,Bulk SKU 16,Lighting & Fixtures,pcs,26,INR,Bosch,10k catalog row 16
LRG-00017,Bulk SKU 17,Timber & Wood,pcs,27,INR,3M,10k catalog row 17
LRG-00018,Bulk SKU 18,Glass & Aluminium,pcs,28,INR,Jindal,10k catalog row 18
LRG-00019,Bulk SKU 19,Sanitary Ware,pcs,29,INR,Saint-Gobain,10k catalog row 19
LRG-00020,Bulk SKU 20,Steel & Metal,pcs,30,INR,UltraTech,10k catalog row 20
LRG-00021,Bulk SKU 21,Tiles & Flooring,pcs,31,INR,Tata,10k catalog row 21
LRG-00022,Bulk SKU 22,Electrical Supplies,pcs,32,INR,Kajaria,10k catalog row 22
LRG-00023,Bulk SKU 23,Plumbing & HVAC,pcs,33,INR,Havells,10k catalog row 23
LRG-00024,Bulk SKU 24,Paint & Finishes,pcs,34,INR,Jaquar,10k catalog row 24
LRG-00025,Bulk SKU 25,Building Materials,pcs,35,INR,Asian Paints,10k catalog row 25
LRG-00026,Bulk SKU 26,Lighting & Fixtures,pcs,36,INR,Bosch,10k catalog row 26
LRG-00027,Bulk SKU 27,Timber & Wood,pcs,37,INR,3M,10k catalog row 27
LRG-00028,Bulk SKU 28,Glass & Aluminium,pcs,38,INR,Jindal,10k catalog row 28
LRG-00029,Bulk SKU 29,Sanitary Ware,pcs,39,INR,Saint-Gobain,10k catalog row 29
LRG-00030,Bulk SKU 30,Steel & Metal,pcs,40,INR,UltraTech,10k catalog row 30
LRG-00031,Bulk SKU 31,Tiles & Flooring,pcs,41,INR,Tata,10k catalog row 31
LRG-00032,Bulk SKU 32,Electrical Supplies,pcs,42,INR,Kajaria,10k catalog row 32
LRG-00033,Bulk SKU 33,Plumbing & HVAC,pcs,43,INR,Havells,10k catalog row 33
LRG-00034,Bulk SKU 34,Paint & Finishes,pcs,44,INR,Jaquar,10k catalog row 34
LRG-00035,Bulk SKU 35,Building Materials,pcs,45,INR,Asian Paints,10k catalog row 35
LRG-00036,Bulk SKU 36,Lighting & Fixtures,pcs,46,INR,Bosch,10k catalog row 36
LRG-00037,Bulk SKU 37,Timber & Wood,pcs,47,INR,3M,10k catalog row 37
LRG-00038,Bulk SKU 38,Glass & Aluminium,pcs,48,INR,Jindal,10k catalog row 38
LRG-00039,Bulk SKU 39,Sanitary Ware,pcs,49,INR,Saint-Gobain,10k catalog row 39
LRG-00040,Bulk SKU 40,Steel & Metal,pcs,50,INR,UltraTech,10k catalog row 40
LRG-00041,Bulk SKU 41,Tiles & Flooring,pcs,51,INR,Tata,10k catalog row 41
LRG-00042,Bulk SKU 42,Electrical Supplies,pcs,52,INR,Kajaria,10k catalog row 42
LRG-00043,Bulk SKU 43,Plumbing & HVAC,pcs,53,INR,Havells,10k catalog row 43
LRG-00044,Bulk SKU 44,Paint & Finishes,pcs,54,INR,Jaquar,10k catalog row 44
LRG-00045,Bulk SKU 45,Building Materials,pcs,55,INR,Asian Paints,10k catalog row 45
LRG-00046,Bulk SKU 46,Lighting & Fixtures,pcs,56,INR,Bosch,10k catalog row 46
LRG-00047,Bulk SKU 47,Timber & Wood,pcs,57,INR,3M,10k catalog row 47
LRG-00048,Bulk SKU 48,Glass & Aluminium,pcs,58,INR,Jindal,10k catalog row 48
LRG-00049,Bulk SKU 49,Sanitary Ware,pcs,59,INR,Saint-Gobain,10k catalog row 49
LRG-00050,Bulk SKU 50,Steel & Metal,pcs,60,INR,UltraTech,10k catalog row 50
LRG-00051,Bulk SKU 51,Tiles & Flooring,pcs,61,INR,Tata,10k catalog row 51
LRG-00052,Bulk SKU 52,Electrical Supplies,pcs,62,INR,Kajaria,10k catalog row 52
LRG-00053,Bulk SKU 53,Plumbing & HVAC,pcs,63,INR,Havells,10k catalog row 53
LRG-00054,Bulk SKU 54,Paint & Finishes,pcs,64,INR,Jaquar,10k catalog row 54
LRG-00055,Bulk SKU 55,Building Materials,pcs,65,INR,Asian Paints,10k catalog row 55
LRG-00056,Bulk SKU 56,Lighting & Fixtures,pcs,66,INR,Bosch,10k catalog row 56
LRG-00057,Bulk SKU 57,Timber & Wood,pcs,67,INR,3M,10k catalog row 57
LRG-00058,Bulk SKU 58,Glass & Aluminium,pcs,68,INR,Jindal,10k catalog row 58
LRG-00059,Bulk SKU 59,Sanitary Ware,pcs,69,INR,Saint-Gobain,10k catalog row 59
LRG-00060,Bulk SKU 60,Steel & Metal,pcs,70,INR,UltraTech,10k catalog row 60
LRG-00061,Bulk SKU 61,Tiles & Flooring,pcs,71,INR,Tata,10k catalog row 61
LRG-00062,Bulk SKU 62,Electrical Supplies,pcs,72,INR,Kajaria,10k catalog row 62
LRG-00063,Bulk SKU 63,Plumbing & HVAC,pcs,73,INR,Havells,10k catalog row 63
LRG-00064,Bulk SKU 64,Paint & Finishes,pcs,74,INR,Jaquar,10k catalog row 64
LRG-00065,Bulk SKU 65,Building Materials,pcs,75,INR,Asian Paints,10k catalog row 65
LRG-00066,Bulk SKU 66,Lighting & Fixtures,pcs,76,INR,Bosch,10k catalog row 66
LRG-00067,Bulk SKU 67,Timber & Wood,pcs,77,INR,3M,10k catalog row 67
LRG-00068,Bulk SKU 68,Glass & Aluminium,pcs,78,INR,Jindal,10k catalog row 68
LRG-00069,Bulk SKU 69,Sanitary Ware,pcs,79,INR,Saint-Gobain,10k catalog row 69
LRG-00070,Bulk SKU 70,Steel & Metal,pcs,80,INR,UltraTech,10k catalog row 70
LRG-00071,Bulk SKU 71,Tiles & Flooring,pcs,81,INR,Tata,10k catalog row 71
LRG-00072,Bulk SKU 72,Electrical Supplies,pcs,82,INR,Kajaria,10k catalog row 72
LRG-00073,Bulk SKU 73,Plumbing & HVAC,pcs,83,INR,Havells,10k catalog row 73
LRG-00074,Bulk SKU 74,Paint & Finishes,pcs,84,INR,Jaquar,10k catalog row 74
LRG-00075,Bulk SKU 75,Building Materials,pcs,85,INR,Asian Paints,10k catalog row 75
LRG-00076,Bulk SKU 76,Lighting & Fixtures,pcs,86,INR,Bosch,10k catalog row 76
LRG-00077,Bulk SKU 77,Timber & Wood,pcs,87,INR,3M,10k catalog row 77
LRG-00078,Bulk SKU 78,Glass & Aluminium,pcs,88,INR,Jindal,10k catalog row 78
LRG-00079,Bulk SKU 79,Sanitary Ware,pcs,89,INR,Saint-Gobain,10k catalog row 79
LRG-00080,Bulk SKU 80,Steel & Metal,pcs,90,INR,UltraTech,10k catalog row 80
LRG-00081,Bulk SKU 81,Tiles & Flooring,pcs,91,INR,Tata,10k catalog row 81
LRG-00082,Bulk SKU 82,Electrical Supplies,pcs,92,INR,Kajaria,10k catalog row 82
LRG-00083,Bulk SKU 83,Plumbing & HVAC,pcs,93,INR,Havells,10k catalog row 83
LRG-00084,Bulk SKU 84,Paint & Finishes,pcs,94,INR,Jaquar,10k catalog row 84
LRG-00085,Bulk SKU 85,Building Materials,pcs,95,INR,Asian Paints,10k catalog row 85
LRG-00086,Bulk SKU 86,Lighting & Fixtures,pcs,96,INR,Bosch,10k catalog row 86
LRG-00087,Bulk SKU 87,Timber & Wood,pcs,97,INR,3M,10k catalog row 87
LRG-00088,Bulk SKU 88,Glass & Aluminium,pcs,98,INR,Jindal,10k catalog row 88
LRG-00089,Bulk SKU 89,Sanitary Ware,pcs,99,INR,Saint-Gobain,10k catalog row 89
LRG-00090,Bulk SKU 90,Steel & Metal,pcs,100,INR,UltraTech,10k catalog row 90
LRG-00091,Bulk SKU 91,Tiles & Flooring,pcs,101,INR,Tata,10k catalog row 91
LRG-00092,Bulk SKU 92,Electrical Supplies,pcs,102,INR,Kajaria,10k catalog row 92
LRG-00093,Bulk SKU 93,Plumbing & HVAC,pcs,103,INR,Havells,10k catalog row 93
LRG-00094,Bulk SKU 94,Paint & Finishes,pcs,104,INR,Jaquar,10k catalog row 94
LRG-00095,Bulk SKU 95,Building Materials,pcs,105,INR,Asian Paints,10k catalog row 95
LRG-00096,Bulk SKU 96,Lighting & Fixtures,pcs,106,INR,Bosch,10k catalog row 96
LRG-00097,Bulk SKU 97,Timber & Wood,pcs,107,INR,3M,10k catalog row 97
LRG-00098,Bulk SKU 98,Glass & Aluminium,pcs,108,INR,Jindal,10k catalog row 98
LRG-00099,Bulk SKU 99,Sanitary Ware,pcs,109,INR,Saint-Gobain,10k catalog row 99
LRG-00100,Bulk SKU 100,Steel & Metal,pcs,110,INR,UltraTech,10k catalog row 100
LRG-00101,Bulk SKU 101,Tiles & Flooring,pcs,111,INR,Tata,10k catalog row 101
LRG-00102,Bulk SKU 102,Electrical Supplies,pcs,112,INR,Kajaria,10k catalog row 102
LRG-00103,Bulk SKU 103,Plumbing & HVAC,pcs,113,INR,Havells,10k catalog row 103
LRG-00104,Bulk SKU 104,Paint & Finishes,pcs,114,INR,Jaquar,10k catalog row 104
LRG-00105,Bulk SKU 105,Building Materials,pcs,115,INR,Asian Paints,10k catalog row 105
LRG-00106,Bulk SKU 106,Lighting & Fixtures,pcs,116,INR,Bosch,10k catalog row 106
LRG-00107,Bulk SKU 107,Timber & Wood,pcs,117,INR,3M,10k catalog row 107
LRG-00108,Bulk SKU 108,Glass & Aluminium,pcs,118,INR,Jindal,10k catalog row 108
LRG-00109,Bulk SKU 109,Sanitary Ware,pcs,119,INR,Saint-Gobain,10k catalog row 109
LRG-00110,Bulk SKU 110,Steel & Metal,pcs,120,INR,UltraTech,10k catalog row 110
LRG-00111,Bulk SKU 111,Tiles & Flooring,pcs,121,INR,Tata,10k catalog row 111
LRG-00112,Bulk SKU 112,Electrical Supplies,pcs,122,INR,Kajaria,10k catalog row 112
LRG-00113,Bulk SKU 113,Plumbing & HVAC,pcs,123,INR,Havells,10k catalog row 113
LRG-00114,Bulk SKU 114,Paint & Finishes,pcs,124,INR,Jaquar,10k catalog row 114
LRG-00115,Bulk SKU 115,Building Materials,pcs,125,INR,Asian Paints,10k catalog row 115
LRG-00116,Bulk SKU 116,Lighting & Fixtures,pcs,126,INR,Bosch,10k catalog row 116
LRG-00117,Bulk SKU 117,Timber & Wood,pcs,127,INR,3M,10k catalog row 117
LRG-00118,Bulk SKU 118,Glass & Aluminium,pcs,128,INR,Jindal,10k catalog row 118
LRG-00119,Bulk SKU 119,Sanitary Ware,pcs,129,INR,Saint-Gobain,10k catalog row 119
LRG-00120,Bulk SKU 120,Steel & Metal,pcs,130,INR,UltraTech,10k catalog row 120
LRG-00121,Bulk SKU 121,Tiles & Flooring,pcs,131,INR,Tata,10k catalog row 121
LRG-00122,Bulk SKU 122,Electrical Supplies,pcs,132,INR,Kajaria,10k catalog row 122
LRG-00123,Bulk SKU 123,Plumbing & HVAC,pcs,133,INR,Havells,10k catalog row 123
LRG-00124,Bulk SKU 124,Paint & Finishes,pcs,134,INR,Jaquar,10k catalog row 124
LRG-00125,Bulk SKU 125,Building Materials,pcs,135,INR,Asian Paints,10k catalog row 125
LRG-00126,Bulk SKU 126,Lighting & Fixtures,pcs,136,INR,Bosch,10k catalog row 126
LRG-00127,Bulk SKU 127,Timber & Wood,pcs,137,INR,3M,10k catalog row 127
LRG-00128,Bulk SKU 128,Glass & Aluminium,pcs,138,INR,Jindal,10k catalog row 128
LRG-00129,Bulk SKU 129,Sanitary Ware,pcs,139,INR,Saint-Gobain,10k catalog row 129
LRG-00130,Bulk SKU 130,Steel & Metal,pcs,140,INR,UltraTech,10k catalog row 130
LRG-00131,Bulk SKU 131,Tiles & Flooring,pcs,141,INR,Tata,10k catalog row 131
LRG-00132,Bulk SKU 132,Electrical Supplies,pcs,142,INR,Kajaria,10k catalog row 132
LRG-00133,Bulk SKU 133,Plumbing & HVAC,pcs,143,INR,Havells,10k catalog row 133
LRG-00134,Bulk SKU 134,Paint & Finishes,pcs,144,INR,Jaquar,10k catalog row 134
LRG-00135,Bulk SKU 135,Building Materials,pcs,145,INR,Asian Paints,10k catalog row 135
LRG-00136,Bulk SKU 136,Lighting & Fixtures,pcs,146,INR,Bosch,10k catalog row 136
LRG-00137,Bulk SKU 137,Timber & Wood,pcs,147,INR,3M,10k catalog row 137
LRG-00138,Bulk SKU 138,Glass & Aluminium,pcs,148,INR,Jindal,10k catalog row 138
LRG-00139,Bulk SKU 139,Sanitary Ware,pcs,149,INR,Saint-Gobain,10k catalog row 139
LRG-00140,Bulk SKU 140,Steel & Metal,pcs,150,INR,UltraTech,10k catalog row 140
LRG-00141,Bulk SKU 141,Tiles & Flooring,pcs,151,INR,Tata,10k catalog row 141
LRG-00142,Bulk SKU 142,Electrical Supplies,pcs,152,INR,Kajaria,10k catalog row 142
LRG-00143,Bulk SKU 143,Plumbing & HVAC,pcs,153,INR,Havells,10k catalog row 143
LRG-00144,Bulk SKU 144,Paint & Finishes,pcs,154,INR,Jaquar,10k catalog row 144
LRG-00145,Bulk SKU 145,Building Materials,pcs,155,INR,Asian Paints,10k catalog row 145
LRG-00146,Bulk SKU 146,Lighting & Fixtures,pcs,156,INR,Bosch,10k catalog row 146
LRG-00147,Bulk SKU 147,Timber & Wood,pcs,157,INR,3M,10k catalog row 147
LRG-00148,Bulk SKU 148,Glass & Aluminium,pcs,158,INR,Jindal,10k catalog row 148
LRG-00149,Bulk SKU 149,Sanitary Ware,pcs,159,INR,Saint-Gobain,10k catalog row 149
LRG-00150,Bulk SKU 150,Steel & Metal,pcs,160,INR,UltraTech,10k catalog row 150
LRG-00151,Bulk SKU 151,Tiles & Flooring,pcs,161,INR,Tata,10k catalog row 151
LRG-00152,Bulk SKU 152,Electrical Supplies,pcs,162,INR,Kajaria,10k catalog row 152
LRG-00153,Bulk SKU 153,Plumbing & HVAC,pcs,163,INR,Havells,10k catalog row 153
LRG-00154,Bulk SKU 154,Paint & Finishes,pcs,164,INR,Jaquar,10k catalog row 154
LRG-00155,Bulk SKU 155,Building Materials,pcs,165,INR,Asian Paints,10k catalog row 155
LRG-00156,Bulk SKU 156,Lighting & Fixtures,pcs,166,INR,Bosch,10k catalog row 156
LRG-00157,Bulk SKU 157,Timber & Wood,pcs,167,INR,3M,10k catalog row 157
LRG-00158,Bulk SKU 158,Glass & Aluminium,pcs,168,INR,Jindal,10k catalog row 158
LRG-00159,Bulk SKU 159,Sanitary Ware,pcs,169,INR,Saint-Gobain,10k catalog row 159
LRG-00160,Bulk SKU 160,Steel & Metal,pcs,170,INR,UltraTech,10k catalog row 160
LRG-00161,Bulk SKU 161,Tiles & Flooring,pcs,171,INR,Tata,10k catalog row 161
LRG-00162,Bulk SKU 162,Electrical Supplies,pcs,172,INR,Kajaria,10k catalog row 162
LRG-00163,Bulk SKU 163,Plumbing & HVAC,pcs,173,INR,Havells,10k catalog row 163
LRG-00164,Bulk SKU 164,Paint & Finishes,pcs,174,INR,Jaquar,10k catalog row 164
LRG-00165,Bulk SKU 165,Building Materials,pcs,175,INR,Asian Paints,10k catalog row 165
LRG-00166,Bulk SKU 166,Lighting & Fixtures,pcs,176,INR,Bosch,10k catalog row 166
LRG-00167,Bulk SKU 167,Timber & Wood,pcs,177,INR,3M,10k catalog row 167
LRG-00168,Bulk SKU 168,Glass & Aluminium,pcs,178,INR,Jindal,10k catalog row 168
LRG-00169,Bulk SKU 169,Sanitary Ware,pcs,179,INR,Saint-Gobain,10k catalog row 169
LRG-00170,Bulk SKU 170,Steel & Metal,pcs,180,INR,UltraTech,10k catalog row 170
LRG-00171,Bulk SKU 171,Tiles & Flooring,pcs,181,INR,Tata,10k catalog row 171
LRG-00172,Bulk SKU 172,Electrical Supplies,pcs,182,INR,Kajaria,10k catalog row 172
LRG-00173,Bulk SKU 173,Plumbing & HVAC,pcs,183,INR,Havells,10k catalog row 173
LRG-00174,Bulk SKU 174,Paint & Finishes,pcs,184,INR,Jaquar,10k catalog row 174
LRG-00175,Bulk SKU 175,Building Materials,pcs,185,INR,Asian Paints,10k catalog row 175
LRG-00176,Bulk SKU 176,Lighting & Fixtures,pcs,186,INR,Bosch,10k catalog row 176
LRG-00177,Bulk SKU 177,Timber & Wood,pcs,187,INR,3M,10k catalog row 177
LRG-00178,Bulk SKU 178,Glass & Aluminium,pcs,188,INR,Jindal,10k catalog row 178
LRG-00179,Bulk SKU 179,Sanitary Ware,pcs,189,INR,Saint-Gobain,10k catalog row 179
LRG-00180,Bulk SKU 180,Steel & Metal,pcs,190,INR,UltraTech,10k catalog row 180
LRG-00181,Bulk SKU 181,Tiles & Flooring,pcs,191,INR,Tata,10k catalog row 181
LRG-00182,Bulk SKU 182,Electrical Supplies,pcs,192,INR,Kajaria,10k catalog row 182
LRG-00183,Bulk SKU 183,Plumbing & HVAC,pcs,193,INR,Havells,10k catalog row 183
LRG-00184,Bulk SKU 184,Paint & Finishes,pcs,194,INR,Jaquar,10k catalog row 184
LRG-00185,Bulk SKU 185,Building Materials,pcs,195,INR,Asian Paints,10k catalog row 185
LRG-00186,Bulk SKU 186,Lighting & Fixtures,pcs,196,INR,Bosch,10k catalog row 186
LRG-00187,Bulk SKU 187,Timber & Wood,pcs,197,INR,3M,10k catalog row 187
LRG-00188,Bulk SKU 188,Glass & Aluminium,pcs,198,INR,Jindal,10k catalog row 188
LRG-00189,Bulk SKU 189,Sanitary Ware,pcs,199,INR,Saint-Gobain,10k catalog row 189
LRG-00190,Bulk SKU 190,Steel & Metal,pcs,200,INR,UltraTech,10k catalog row 190
LRG-00191,Bulk SKU 191,Tiles & Flooring,pcs,201,INR,Tata,10k catalog row 191
LRG-00192,Bulk SKU 192,Electrical Supplies,pcs,202,INR,Kajaria,10k catalog row 192
LRG-00193,Bulk SKU 193,Plumbing & HVAC,pcs,203,INR,Havells,10k catalog row 193
LRG-00194,Bulk SKU 194,Paint & Finishes,pcs,204,INR,Jaquar,10k catalog row 194
LRG-00195,Bulk SKU 195,Building Materials,pcs,205,INR,Asian Paints,10k catalog row 195
LRG-00196,Bulk SKU 196,Lighting & Fixtures,pcs,206,INR,Bosch,10k catalog row 196
LRG-00197,Bulk SKU 197,Timber & Wood,pcs,207,INR,3M,10k catalog row 197
LRG-00198,Bulk SKU 198,Glass & Aluminium,pcs,208,INR,Jindal,10k catalog row 198
LRG-00199,Bulk SKU 199,Sanitary Ware,pcs,209,INR,Saint-Gobain,10k catalog row 199
LRG-00200,Bulk SKU 200,Steel & Metal,pcs,210,INR,UltraTech,10k catalog row 200
LRG-00201,Bulk SKU 201,Tiles & Flooring,pcs,211,INR,Tata,10k catalog row 201
LRG-00202,Bulk SKU 202,Electrical Supplies,pcs,212,INR,Kajaria,10k catalog row 202
LRG-00203,Bulk SKU 203,Plumbing & HVAC,pcs,213,INR,Havells,10k catalog row 203
LRG-00204,Bulk SKU 204,Paint & Finishes,pcs,214,INR,Jaquar,10k catalog row 204
LRG-00205,Bulk SKU 205,Building Materials,pcs,215,INR,Asian Paints,10k catalog row 205
LRG-00206,Bulk SKU 206,Lighting & Fixtures,pcs,216,INR,Bosch,10k catalog row 206
LRG-00207,Bulk SKU 207,Timber & Wood,pcs,217,INR,3M,10k catalog row 207
LRG-00208,Bulk SKU 208,Glass & Aluminium,pcs,218,INR,Jindal,10k catalog row 208
LRG-00209,Bulk SKU 209,Sanitary Ware,pcs,219,INR,Saint-Gobain,10k catalog row 209
LRG-00210,Bulk SKU 210,Steel & Metal,pcs,220,INR,UltraTech,10k catalog row 210
LRG-00211,Bulk SKU 211,Tiles & Flooring,pcs,221,INR,Tata,10k catalog row 211
LRG-00212,Bulk SKU 212,Electrical Supplies,pcs,222,INR,Kajaria,10k catalog row 212
LRG-00213,Bulk SKU 213,Plumbing & HVAC,pcs,223,INR,Havells,10k catalog row 213
LRG-00214,Bulk SKU 214,Paint & Finishes,pcs,224,INR,Jaquar,10k catalog row 214
LRG-00215,Bulk SKU 215,Building Materials,pcs,225,INR,Asian Paints,10k catalog row 215
LRG-00216,Bulk SKU 216,Lighting & Fixtures,pcs,226,INR,Bosch,10k catalog row 216
LRG-00217,Bulk SKU 217,Timber & Wood,pcs,227,INR,3M,10k catalog row 217
LRG-00218,Bulk SKU 218,Glass & Aluminium,pcs,228,INR,Jindal,10k catalog row 218
LRG-00219,Bulk SKU 219,Sanitary Ware,pcs,229,INR,Saint-Gobain,10k catalog row 219
LRG-00220,Bulk SKU 220,Steel & Metal,pcs,230,INR,UltraTech,10k catalog row 220
LRG-00221,Bulk SKU 221,Tiles & Flooring,pcs,231,INR,Tata,10k catalog row 221
LRG-00222,Bulk SKU 222,Electrical Supplies,pcs,232,INR,Kajaria,10k catalog row 222
LRG-00223,Bulk SKU 223,Plumbing & HVAC,pcs,233,INR,Havells,10k catalog row 223
LRG-00224,Bulk SKU 224,Paint & Finishes,pcs,234,INR,Jaquar,10k catalog row 224
LRG-00225,Bulk SKU 225,Building Materials,pcs,235,INR,Asian Paints,10k catalog row 225
LRG-00226,Bulk SKU 226,Lighting & Fixtures,pcs,236,INR,Bosch,10k catalog row 226
LRG-00227,Bulk SKU 227,Timber & Wood,pcs,237,INR,3M,10k catalog row 227
LRG-00228,Bulk SKU 228,Glass & Aluminium,pcs,238,INR,Jindal,10k catalog row 228
LRG-00229,Bulk SKU 229,Sanitary Ware,pcs,239,INR,Saint-Gobain,10k catalog row 229
LRG-00230,Bulk SKU 230,Steel & Metal,pcs,240,INR,UltraTech,10k catalog row 230
LRG-00231,Bulk SKU 231,Tiles & Flooring,pcs,241,INR,Tata,10k catalog row 231
LRG-00232,Bulk SKU 232,Electrical Supplies,pcs,242,INR,Kajaria,10k catalog row 232
LRG-00233,Bulk SKU 233,Plumbing & HVAC,pcs,243,INR,Havells,10k catalog row 233
LRG-00234,Bulk SKU 234,Paint & Finishes,pcs,244,INR,Jaquar,10k catalog row 234
LRG-00235,Bulk SKU 235,Building Materials,pcs,245,INR,Asian Paints,10k catalog row 235
LRG-00236,Bulk SKU 236,Lighting & Fixtures,pcs,246,INR,Bosch,10k catalog row 236
LRG-00237,Bulk SKU 237,Timber & Wood,pcs,247,INR,3M,10k catalog row 237
LRG-00238,Bulk SKU 238,Glass & Aluminium,pcs,248,INR,Jindal,10k catalog row 238
LRG-00239,Bulk SKU 239,Sanitary Ware,pcs,249,INR,Saint-Gobain,10k catalog row 239
LRG-00240,Bulk SKU 240,Steel & Metal,pcs,250,INR,UltraTech,10k catalog row 240
LRG-00241,Bulk SKU 241,Tiles & Flooring,pcs,251,INR,Tata,10k catalog row 241
LRG-00242,Bulk SKU 242,Electrical Supplies,pcs,252,INR,Kajaria,10k catalog row 242
LRG-00243,Bulk SKU 243,Plumbing & HVAC,pcs,253,INR,Havells,10k catalog row 243
LRG-00244,Bulk SKU 244,Paint & Finishes,pcs,254,INR,Jaquar,10k catalog row 244
LRG-00245,Bulk SKU 245,Building Materials,pcs,255,INR,Asian Paints,10k catalog row 245
LRG-00246,Bulk SKU 246,Lighting & Fixtures,pcs,256,INR,Bosch,10k catalog row 246
LRG-00247,Bulk SKU 247,Timber & Wood,pcs,257,INR,3M,10k catalog row 247
LRG-00248,Bulk SKU 248,Glass & Aluminium,pcs,258,INR,Jindal,10k catalog row 248
LRG-00249,Bulk SKU 249,Sanitary Ware,pcs,259,INR,Saint-Gobain,10k catalog row 249
LRG-00250,Bulk SKU 250,Steel & Metal,pcs,260,INR,UltraTech,10k catalog row 250
LRG-00251,Bulk SKU 251,Tiles & Flooring,pcs,261,INR,Tata,10k catalog row 251
LRG-00252,Bulk SKU 252,Electrical Supplies,pcs,262,INR,Kajaria,10k catalog row 252
LRG-00253,Bulk SKU 253,Plumbing & HVAC,pcs,263,INR,Havells,10k catalog row 253
LRG-00254,Bulk SKU 254,Paint & Finishes,pcs,264,INR,Jaquar,10k catalog row 254
LRG-00255,Bulk SKU 255,Building Materials,pcs,265,INR,Asian Paints,10k catalog row 255
LRG-00256,Bulk SKU 256,Lighting & Fixtures,pcs,266,INR,Bosch,10k catalog row 256
LRG-00257,Bulk SKU 257,Timber & Wood,pcs,267,INR,3M,10k catalog row 257
LRG-00258,Bulk SKU 258,Glass & Aluminium,pcs,268,INR,Jindal,10k catalog row 258
LRG-00259,Bulk SKU 259,Sanitary Ware,pcs,269,INR,Saint-Gobain,10k catalog row 259
LRG-00260,Bulk SKU 260,Steel & Metal,pcs,270,INR,UltraTech,10k catalog row 260
LRG-00261,Bulk SKU 261,Tiles & Flooring,pcs,271,INR,Tata,10k catalog row 261
LRG-00262,Bulk SKU 262,Electrical Supplies,pcs,272,INR,Kajaria,10k catalog row 262
LRG-00263,Bulk SKU 263,Plumbing & HVAC,pcs,273,INR,Havells,10k catalog row 263
LRG-00264,Bulk SKU 264,Paint & Finishes,pcs,274,INR,Jaquar,10k catalog row 264
LRG-00265,Bulk SKU 265,Building Materials,pcs,275,INR,Asian Paints,10k catalog row 265
LRG-00266,Bulk SKU 266,Lighting & Fixtures,pcs,276,INR,Bosch,10k catalog row 266
LRG-00267,Bulk SKU 267,Timber & Wood,pcs,277,INR,3M,10k catalog row 267
LRG-00268,Bulk SKU 268,Glass & Aluminium,pcs,278,INR,Jindal,10k catalog row 268
LRG-00269,Bulk SKU 269,Sanitary Ware,pcs,279,INR,Saint-Gobain,10k catalog row 269
LRG-00270,Bulk SKU 270,Steel & Metal,pcs,280,INR,UltraTech,10k catalog row 270
LRG-00271,Bulk SKU 271,Tiles & Flooring,pcs,281,INR,Tata,10k catalog row 271
LRG-00272,Bulk SKU 272,Electrical Supplies,pcs,282,INR,Kajaria,10k catalog row 272
LRG-00273,Bulk SKU 273,Plumbing & HVAC,pcs,283,INR,Havells,10k catalog row 273
LRG-00274,Bulk SKU 274,Paint & Finishes,pcs,284,INR,Jaquar,10k catalog row 274
LRG-00275,Bulk SKU 275,Building Materials,pcs,285,INR,Asian Paints,10k catalog row 275
LRG-00276,Bulk SKU 276,Lighting & Fixtures,pcs,286,INR,Bosch,10k catalog row 276
LRG-00277,Bulk SKU 277,Timber & Wood,pcs,287,INR,3M,10k catalog row 277
LRG-00278,Bulk SKU 278,Glass & Aluminium,pcs,288,INR,Jindal,10k catalog row 278
LRG-00279,Bulk SKU 279,Sanitary Ware,pcs,289,INR,Saint-Gobain,10k catalog row 279
LRG-00280,Bulk SKU 280,Steel & Metal,pcs,290,INR,UltraTech,10k catalog row 280
LRG-00281,Bulk SKU 281,Tiles & Flooring,pcs,291,INR,Tata,10k catalog row 281
LRG-00282,Bulk SKU 282,Electrical Supplies,pcs,292,INR,Kajaria,10k catalog row 282
LRG-00283,Bulk SKU 283,Plumbing & HVAC,pcs,293,INR,Havells,10k catalog row 283
LRG-00284,Bulk SKU 284,Paint & Finishes,pcs,294,INR,Jaquar,10k catalog row 284
LRG-00285,Bulk SKU 285,Building Materials,pcs,295,INR,Asian Paints,10k catalog row 285
LRG-00286,Bulk SKU 286,Lighting & Fixtures,pcs,296,INR,Bosch,10k catalog row 286
LRG-00287,Bulk SKU 287,Timber & Wood,pcs,297,INR,3M,10k catalog row 287
LRG-00288,Bulk SKU 288,Glass & Aluminium,pcs,298,INR,Jindal,10k catalog row 288
LRG-00289,Bulk SKU 289,Sanitary Ware,pcs,299,INR,Saint-Gobain,10k catalog row 289
LRG-00290,Bulk SKU 290,Steel & Metal,pcs,300,INR,UltraTech,10k catalog row 290
LRG-00291,Bulk SKU 291,Tiles & Flooring,pcs,301,INR,Tata,10k catalog row 291
LRG-00292,Bulk SKU 292,Electrical Supplies,pcs,302,INR,Kajaria,10k catalog row 292
LRG-00293,Bulk SKU 293,Plumbing & HVAC,pcs,303,INR,Havells,10k catalog row 293
LRG-00294,Bulk SKU 294,Paint & Finishes,pcs,304,INR,Jaquar,10k catalog row 294
LRG-00295,Bulk SKU 295,Building Materials,pcs,305,INR,Asian Paints,10k catalog row 295
LRG-00296,Bulk SKU 296,Lighting & Fixtures,pcs,306,INR,Bosch,10k catalog row 296
LRG-00297,Bulk SKU 297,Timber & Wood,pcs,307,INR,3M,10k catalog row 297
LRG-00298,Bulk SKU 298,Glass & Aluminium,pcs,308,INR,Jindal,10k catalog row 298
LRG-00299,Bulk SKU 299,Sanitary Ware,pcs,309,INR,Saint-Gobain,10k catalog row 299
LRG-00300,Bulk SKU 300,Steel & Metal,pcs,310,INR,UltraTech,10k catalog row 300
LRG-00301,Bulk SKU 301,Tiles & Flooring,pcs,311,INR,Tata,10k catalog row 301
LRG-00302,Bulk SKU 302,Electrical Supplies,pcs,312,INR,Kajaria,10k catalog row 302
LRG-00303,Bulk SKU 303,Plumbing & HVAC,pcs,313,INR,Havells,10k catalog row 303
LRG-00304,Bulk SKU 304,Paint & Finishes,pcs,314,INR,Jaquar,10k catalog row 304
LRG-00305,Bulk SKU 305,Building Materials,pcs,315,INR,Asian Paints,10k catalog row 305
LRG-00306,Bulk SKU 306,Lighting & Fixtures,pcs,316,INR,Bosch,10k catalog row 306
LRG-00307,Bulk SKU 307,Timber & Wood,pcs,317,INR,3M,10k catalog row 307
LRG-00308,Bulk SKU 308,Glass & Aluminium,pcs,318,INR,Jindal,10k catalog row 308
LRG-00309,Bulk SKU 309,Sanitary Ware,pcs,319,INR,Saint-Gobain,10k catalog row 309
LRG-00310,Bulk SKU 310,Steel & Metal,pcs,320,INR,UltraTech,10k catalog row 310
LRG-00311,Bulk SKU 311,Tiles & Flooring,pcs,321,INR,Tata,10k catalog row 311
LRG-00312,Bulk SKU 312,Electrical Supplies,pcs,322,INR,Kajaria,10k catalog row 312
LRG-00313,Bulk SKU 313,Plumbing & HVAC,pcs,323,INR,Havells,10k catalog row 313
LRG-00314,Bulk SKU 314,Paint & Finishes,pcs,324,INR,Jaquar,10k catalog row 314
LRG-00315,Bulk SKU 315,Building Materials,pcs,325,INR,Asian Paints,10k catalog row 315
LRG-00316,Bulk SKU 316,Lighting & Fixtures,pcs,326,INR,Bosch,10k catalog row 316
LRG-00317,Bulk SKU 317,Timber & Wood,pcs,327,INR,3M,10k catalog row 317
LRG-00318,Bulk SKU 318,Glass & Aluminium,pcs,328,INR,Jindal,10k catalog row 318
LRG-00319,Bulk SKU 319,Sanitary Ware,pcs,329,INR,Saint-Gobain,10k catalog row 319
LRG-00320,Bulk SKU 320,Steel & Metal,pcs,330,INR,UltraTech,10k catalog row 320
LRG-00321,Bulk SKU 321,Tiles & Flooring,pcs,331,INR,Tata,10k catalog row 321
LRG-00322,Bulk SKU 322,Electrical Supplies,pcs,332,INR,Kajaria,10k catalog row 322
LRG-00323,Bulk SKU 323,Plumbing & HVAC,pcs,333,INR,Havells,10k catalog row 323
LRG-00324,Bulk SKU 324,Paint & Finishes,pcs,334,INR,Jaquar,10k catalog row 324
LRG-00325,Bulk SKU 325,Building Materials,pcs,335,INR,Asian Paints,10k catalog row 325
LRG-00326,Bulk SKU 326,Lighting & Fixtures,pcs,336,INR,Bosch,10k catalog row 326
LRG-00327,Bulk SKU 327,Timber & Wood,pcs,337,INR,3M,10k catalog row 327
LRG-00328,Bulk SKU 328,Glass & Aluminium,pcs,338,INR,Jindal,10k catalog row 328
LRG-00329,Bulk SKU 329,Sanitary Ware,pcs,339,INR,Saint-Gobain,10k catalog row 329
LRG-00330,Bulk SKU 330,Steel & Metal,pcs,340,INR,UltraTech,10k catalog row 330
LRG-00331,Bulk SKU 331,Tiles & Flooring,pcs,341,INR,Tata,10k catalog row 331
LRG-00332,Bulk SKU 332,Electrical Supplies,pcs,342,INR,Kajaria,10k catalog row 332
LRG-00333,Bulk SKU 333,Plumbing & HVAC,pcs,343,INR,Havells,10k catalog row 333
LRG-00334,Bulk SKU 334,Paint & Finishes,pcs,344,INR,Jaquar,10k catalog row 334
LRG-00335,Bulk SKU 335,Building Materials,pcs,345,INR,Asian Paints,10k catalog row 335
LRG-00336,Bulk SKU 336,Lighting & Fixtures,pcs,346,INR,Bosch,10k catalog row 336
LRG-00337,Bulk SKU 337,Timber & Wood,pcs,347,INR,3M,10k catalog row 337
LRG-00338,Bulk SKU 338,Glass & Aluminium,pcs,348,INR,Jindal,10k catalog row 338
LRG-00339,Bulk SKU 339,Sanitary Ware,pcs,349,INR,Saint-Gobain,10k catalog row 339
LRG-00340,Bulk SKU 340,Steel & Metal,pcs,350,INR,UltraTech,10k catalog row 340
LRG-00341,Bulk SKU 341,Tiles & Flooring,pcs,351,INR,Tata,10k catalog row 341
LRG-00342,Bulk SKU 342,Electrical Supplies,pcs,352,INR,Kajaria,10k catalog row 342
LRG-00343,Bulk SKU 343,Plumbing & HVAC,pcs,353,INR,Havells,10k catalog row 343
LRG-00344,Bulk SKU 344,Paint & Finishes,pcs,354,INR,Jaquar,10k catalog row 344
LRG-00345,Bulk SKU 345,Building Materials,pcs,355,INR,Asian Paints,10k catalog row 345
LRG-00346,Bulk SKU 346,Lighting & Fixtures,pcs,356,INR,Bosch,10k catalog row 346
LRG-00347,Bulk SKU 347,Timber & Wood,pcs,357,INR,3M,10k catalog row 347
LRG-00348,Bulk SKU 348,Glass & Aluminium,pcs,358,INR,Jindal,10k catalog row 348
LRG-00349,Bulk SKU 349,Sanitary Ware,pcs,359,INR,Saint-Gobain,10k catalog row 349
LRG-00350,Bulk SKU 350,Steel & Metal,pcs,360,INR,UltraTech,10k catalog row 350
LRG-00351,Bulk SKU 351,Tiles & Flooring,pcs,361,INR,Tata,10k catalog row 351
LRG-00352,Bulk SKU 352,Electrical Supplies,pcs,362,INR,Kajaria,10k catalog row 352
LRG-00353,Bulk SKU 353,Plumbing & HVAC,pcs,363,INR,Havells,10k catalog row 353
LRG-00354,Bulk SKU 354,Paint & Finishes,pcs,364,INR,Jaquar,10k catalog row 354
LRG-00355,Bulk SKU 355,Building Materials,pcs,365,INR,Asian Paints,10k catalog row 355
LRG-00356,Bulk SKU 356,Lighting & Fixtures,pcs,366,INR,Bosch,10k catalog row 356
LRG-00357,Bulk SKU 357,Timber & Wood,pcs,367,INR,3M,10k catalog row 357
LRG-00358,Bulk SKU 358,Glass & Aluminium,pcs,368,INR,Jindal,10k catalog row 358
LRG-00359,Bulk SKU 359,Sanitary Ware,pcs,369,INR,Saint-Gobain,10k catalog row 359
LRG-00360,Bulk SKU 360,Steel & Metal,pcs,370,INR,UltraTech,10k catalog row 360
LRG-00361,Bulk SKU 361,Tiles & Flooring,pcs,371,INR,Tata,10k catalog row 361
LRG-00362,Bulk SKU 362,Electrical Supplies,pcs,372,INR,Kajaria,10k catalog row 362
LRG-00363,Bulk SKU 363,Plumbing & HVAC,pcs,373,INR,Havells,10k catalog row 363
LRG-00364,Bulk SKU 364,Paint & Finishes,pcs,374,INR,Jaquar,10k catalog row 364
LRG-00365,Bulk SKU 365,Building Materials,pcs,375,INR,Asian Paints,10k catalog row 365
LRG-00366,Bulk SKU 366,Lighting & Fixtures,pcs,376,INR,Bosch,10k catalog row 366
LRG-00367,Bulk SKU 367,Timber & Wood,pcs,377,INR,3M,10k catalog row 367
LRG-00368,Bulk SKU 368,Glass & Aluminium,pcs,378,INR,Jindal,10k catalog row 368
LRG-00369,Bulk SKU 369,Sanitary Ware,pcs,379,INR,Saint-Gobain,10k catalog row 369
LRG-00370,Bulk SKU 370,Steel & Metal,pcs,380,INR,UltraTech,10k catalog row 370
LRG-00371,Bulk SKU 371,Tiles & Flooring,pcs,381,INR,Tata,10k catalog row 371
LRG-00372,Bulk SKU 372,Electrical Supplies,pcs,382,INR,Kajaria,10k catalog row 372
LRG-00373,Bulk SKU 373,Plumbing & HVAC,pcs,383,INR,Havells,10k catalog row 373
LRG-00374,Bulk SKU 374,Paint & Finishes,pcs,384,INR,Jaquar,10k catalog row 374
LRG-00375,Bulk SKU 375,Building Materials,pcs,385,INR,Asian Paints,10k catalog row 375
LRG-00376,Bulk SKU 376,Lighting & Fixtures,pcs,386,INR,Bosch,10k catalog row 376
LRG-00377,Bulk SKU 377,Timber & Wood,pcs,387,INR,3M,10k catalog row 377
LRG-00378,Bulk SKU 378,Glass & Aluminium,pcs,388,INR,Jindal,10k catalog row 378
LRG-00379,Bulk SKU 379,Sanitary Ware,pcs,389,INR,Saint-Gobain,10k catalog row 379
LRG-00380,Bulk SKU 380,Steel & Metal,pcs,390,INR,UltraTech,10k catalog row 380
LRG-00381,Bulk SKU 381,Tiles & Flooring,pcs,391,INR,Tata,10k catalog row 381
LRG-00382,Bulk SKU 382,Electrical Supplies,pcs,392,INR,Kajaria,10k catalog row 382
LRG-00383,Bulk SKU 383,Plumbing & HVAC,pcs,393,INR,Havells,10k catalog row 383
LRG-00384,Bulk SKU 384,Paint & Finishes,pcs,394,INR,Jaquar,10k catalog row 384
LRG-00385,Bulk SKU 385,Building Materials,pcs,395,INR,Asian Paints,10k catalog row 385
LRG-00386,Bulk SKU 386,Lighting & Fixtures,pcs,396,INR,Bosch,10k catalog row 386
LRG-00387,Bulk SKU 387,Timber & Wood,pcs,397,INR,3M,10k catalog row 387
LRG-00388,Bulk SKU 388,Glass & Aluminium,pcs,398,INR,Jindal,10k catalog row 388
LRG-00389,Bulk SKU 389,Sanitary Ware,pcs,399,INR,Saint-Gobain,10k catalog row 389
LRG-00390,Bulk SKU 390,Steel & Metal,pcs,400,INR,UltraTech,10k catalog row 390
LRG-00391,Bulk SKU 391,Tiles & Flooring,pcs,401,INR,Tata,10k catalog row 391
LRG-00392,Bulk SKU 392,Electrical Supplies,pcs,402,INR,Kajaria,10k catalog row 392
LRG-00393,Bulk SKU 393,Plumbing & HVAC,pcs,403,INR,Havells,10k catalog row 393
LRG-00394,Bulk SKU 394,Paint & Finishes,pcs,404,INR,Jaquar,10k catalog row 394
LRG-00395,Bulk SKU 395,Building Materials,pcs,405,INR,Asian Paints,10k catalog row 395
LRG-00396,Bulk SKU 396,Lighting & Fixtures,pcs,406,INR,Bosch,10k catalog row 396
LRG-00397,Bulk SKU 397,Timber & Wood,pcs,407,INR,3M,10k catalog row 397
LRG-00398,Bulk SKU 398,Glass & Aluminium,pcs,408,INR,Jindal,10k catalog row 398
LRG-00399,Bulk SKU 399,Sanitary Ware,pcs,409,INR,Saint-Gobain,10k catalog row 399
LRG-00400,Bulk SKU 400,Steel & Metal,pcs,410,INR,UltraTech,10k catalog row 400
LRG-00401,Bulk SKU 401,Tiles & Flooring,pcs,411,INR,Tata,10k catalog row 401
LRG-00402,Bulk SKU 402,Electrical Supplies,pcs,412,INR,Kajaria,10k catalog row 402
LRG-00403,Bulk SKU 403,Plumbing & HVAC,pcs,413,INR,Havells,10k catalog row 403
LRG-00404,Bulk SKU 404,Paint & Finishes,pcs,414,INR,Jaquar,10k catalog row 404
LRG-00405,Bulk SKU 405,Building Materials,pcs,415,INR,Asian Paints,10k catalog row 405
LRG-00406,Bulk SKU 406,Lighting & Fixtures,pcs,416,INR,Bosch,10k catalog row 406
LRG-00407,Bulk SKU 407,Timber & Wood,pcs,417,INR,3M,10k catalog row 407
LRG-00408,Bulk SKU 408,Glass & Aluminium,pcs,418,INR,Jindal,10k catalog row 408
LRG-00409,Bulk SKU 409,Sanitary Ware,pcs,419,INR,Saint-Gobain,10k catalog row 409
LRG-00410,Bulk SKU 410,Steel & Metal,pcs,420,INR,UltraTech,10k catalog row 410
LRG-00411,Bulk SKU 411,Tiles & Flooring,pcs,421,INR,Tata,10k catalog row 411
LRG-00412,Bulk SKU 412,Electrical Supplies,pcs,422,INR,Kajaria,10k catalog row 412
LRG-00413,Bulk SKU 413,Plumbing & HVAC,pcs,423,INR,Havells,10k catalog row 413
LRG-00414,Bulk SKU 414,Paint & Finishes,pcs,424,INR,Jaquar,10k catalog row 414
LRG-00415,Bulk SKU 415,Building Materials,pcs,425,INR,Asian Paints,10k catalog row 415
LRG-00416,Bulk SKU 416,Lighting & Fixtures,pcs,426,INR,Bosch,10k catalog row 416
LRG-00417,Bulk SKU 417,Timber & Wood,pcs,427,INR,3M,10k catalog row 417
LRG-00418,Bulk SKU 418,Glass & Aluminium,pcs,428,INR,Jindal,10k catalog row 418
LRG-00419,Bulk SKU 419,Sanitary Ware,pcs,429,INR,Saint-Gobain,10k catalog row 419
LRG-00420,Bulk SKU 420,Steel & Metal,pcs,430,INR,UltraTech,10k catalog row 420
LRG-00421,Bulk SKU 421,Tiles & Flooring,pcs,431,INR,Tata,10k catalog row 421
LRG-00422,Bulk SKU 422,Electrical Supplies,pcs,432,INR,Kajaria,10k catalog row 422
LRG-00423,Bulk SKU 423,Plumbing & HVAC,pcs,433,INR,Havells,10k catalog row 423
LRG-00424,Bulk SKU 424,Paint & Finishes,pcs,434,INR,Jaquar,10k catalog row 424
LRG-00425,Bulk SKU 425,Building Materials,pcs,435,INR,Asian Paints,10k catalog row 425
LRG-00426,Bulk SKU 426,Lighting & Fixtures,pcs,436,INR,Bosch,10k catalog row 426
LRG-00427,Bulk SKU 427,Timber & Wood,pcs,437,INR,3M,10k catalog row 427
LRG-00428,Bulk SKU 428,Glass & Aluminium,pcs,438,INR,Jindal,10k catalog row 428
LRG-00429,Bulk SKU 429,Sanitary Ware,pcs,439,INR,Saint-Gobain,10k catalog row 429
LRG-00430,Bulk SKU 430,Steel & Metal,pcs,440,INR,UltraTech,10k catalog row 430
LRG-00431,Bulk SKU 431,Tiles & Flooring,pcs,441,INR,Tata,10k catalog row 431
LRG-00432,Bulk SKU 432,Electrical Supplies,pcs,442,INR,Kajaria,10k catalog row 432
LRG-00433,Bulk SKU 433,Plumbing & HVAC,pcs,443,INR,Havells,10k catalog row 433
LRG-00434,Bulk SKU 434,Paint & Finishes,pcs,444,INR,Jaquar,10k catalog row 434
LRG-00435,Bulk SKU 435,Building Materials,pcs,445,INR,Asian Paints,10k catalog row 435
LRG-00436,Bulk SKU 436,Lighting & Fixtures,pcs,446,INR,Bosch,10k catalog row 436
LRG-00437,Bulk SKU 437,Timber & Wood,pcs,447,INR,3M,10k catalog row 437
LRG-00438,Bulk SKU 438,Glass & Aluminium,pcs,448,INR,Jindal,10k catalog row 438
LRG-00439,Bulk SKU 439,Sanitary Ware,pcs,449,INR,Saint-Gobain,10k catalog row 439
LRG-00440,Bulk SKU 440,Steel & Metal,pcs,450,INR,UltraTech,10k catalog row 440
LRG-00441,Bulk SKU 441,Tiles & Flooring,pcs,451,INR,Tata,10k catalog row 441
LRG-00442,Bulk SKU 442,Electrical Supplies,pcs,452,INR,Kajaria,10k catalog row 442
LRG-00443,Bulk SKU 443,Plumbing & HVAC,pcs,453,INR,Havells,10k catalog row 443
LRG-00444,Bulk SKU 444,Paint & Finishes,pcs,454,INR,Jaquar,10k catalog row 444
LRG-00445,Bulk SKU 445,Building Materials,pcs,455,INR,Asian Paints,10k catalog row 445
LRG-00446,Bulk SKU 446,Lighting & Fixtures,pcs,456,INR,Bosch,10k catalog row 446
LRG-00447,Bulk SKU 447,Timber & Wood,pcs,457,INR,3M,10k catalog row 447
LRG-00448,Bulk SKU 448,Glass & Aluminium,pcs,458,INR,Jindal,10k catalog row 448
LRG-00449,Bulk SKU 449,Sanitary Ware,pcs,459,INR,Saint-Gobain,10k catalog row 449
LRG-00450,Bulk SKU 450,Steel & Metal,pcs,460,INR,UltraTech,10k catalog row 450
LRG-00451,Bulk SKU 451,Tiles & Flooring,pcs,461,INR,Tata,10k catalog row 451
LRG-00452,Bulk SKU 452,Electrical Supplies,pcs,462,INR,Kajaria,10k catalog row 452
LRG-00453,Bulk SKU 453,Plumbing & HVAC,pcs,463,INR,Havells,10k catalog row 453
LRG-00454,Bulk SKU 454,Paint & Finishes,pcs,464,INR,Jaquar,10k catalog row 454
LRG-00455,Bulk SKU 455,Building Materials,pcs,465,INR,Asian Paints,10k catalog row 455
LRG-00456,Bulk SKU 456,Lighting & Fixtures,pcs,466,INR,Bosch,10k catalog row 456
LRG-00457,Bulk SKU 457,Timber & Wood,pcs,467,INR,3M,10k catalog row 457
LRG-00458,Bulk SKU 458,Glass & Aluminium,pcs,468,INR,Jindal,10k catalog row 458
LRG-00459,Bulk SKU 459,Sanitary Ware,pcs,469,INR,Saint-Gobain,10k catalog row 459
LRG-00460,Bulk SKU 460,Steel & Metal,pcs,470,INR,UltraTech,10k catalog row 460
LRG-00461,Bulk SKU 461,Tiles & Flooring,pcs,471,INR,Tata,10k catalog row 461
LRG-00462,Bulk SKU 462,Electrical Supplies,pcs,472,INR,Kajaria,10k catalog row 462
LRG-00463,Bulk SKU 463,Plumbing & HVAC,pcs,473,INR,Havells,10k catalog row 463
LRG-00464,Bulk SKU 464,Paint & Finishes,pcs,474,INR,Jaquar,10k catalog row 464
LRG-00465,Bulk SKU 465,Building Materials,pcs,475,INR,Asian Paints,10k catalog row 465
LRG-00466,Bulk SKU 466,Lighting & Fixtures,pcs,476,INR,Bosch,10k catalog row 466
LRG-00467,Bulk SKU 467,Timber & Wood,pcs,477,INR,3M,10k catalog row 467
LRG-00468,Bulk SKU 468,Glass & Aluminium,pcs,478,INR,Jindal,10k catalog row 468
LRG-00469,Bulk SKU 469,Sanitary Ware,pcs,479,INR,Saint-Gobain,10k catalog row 469
LRG-00470,Bulk SKU 470,Steel & Metal,pcs,480,INR,UltraTech,10k catalog row 470
LRG-00471,Bulk SKU 471,Tiles & Flooring,pcs,481,INR,Tata,10k catalog row 471
LRG-00472,Bulk SKU 472,Electrical Supplies,pcs,482,INR,Kajaria,10k catalog row 472
LRG-00473,Bulk SKU 473,Plumbing & HVAC,pcs,483,INR,Havells,10k catalog row 473
LRG-00474,Bulk SKU 474,Paint & Finishes,pcs,484,INR,Jaquar,10k catalog row 474
LRG-00475,Bulk SKU 475,Building Materials,pcs,485,INR,Asian Paints,10k catalog row 475
LRG-00476,Bulk SKU 476,Lighting & Fixtures,pcs,486,INR,Bosch,10k catalog row 476
LRG-00477,Bulk SKU 477,Timber & Wood,pcs,487,INR,3M,10k catalog row 477
LRG-00478,Bulk SKU 478,Glass & Aluminium,pcs,488,INR,Jindal,10k catalog row 478
LRG-00479,Bulk SKU 479,Sanitary Ware,pcs,489,INR,Saint-Gobain,10k catalog row 479
LRG-00480,Bulk SKU 480,Steel & Metal,pcs,490,INR,UltraTech,10k catalog row 480
LRG-00481,Bulk SKU 481,Tiles & Flooring,pcs,491,INR,Tata,10k catalog row 481
LRG-00482,Bulk SKU 482,Electrical Supplies,pcs,492,INR,Kajaria,10k catalog row 482
LRG-00483,Bulk SKU 483,Plumbing & HVAC,pcs,493,INR,Havells,10k catalog row 483
LRG-00484,Bulk SKU 484,Paint & Finishes,pcs,494,INR,Jaquar,10k catalog row 484
LRG-00485,Bulk SKU 485,Building Materials,pcs,495,INR,Asian Paints,10k catalog row 485
LRG-00486,Bulk SKU 486,Lighting & Fixtures,pcs,496,INR,Bosch,10k catalog row 486
LRG-00487,Bulk SKU 487,Timber & Wood,pcs,497,INR,3M,10k catalog row 487
LRG-00488,Bulk SKU 488,Glass & Aluminium,pcs,498,INR,Jindal,10k catalog row 488
LRG-00489,Bulk SKU 489,Sanitary Ware,pcs,499,INR,Saint-Gobain,10k catalog row 489
LRG-00490,Bulk SKU 490,Steel & Metal,pcs,500,INR,UltraTech,10k catalog row 490
LRG-00491,Bulk SKU 491,Tiles & Flooring,pcs,501,INR,Tata,10k catalog row 491
LRG-00492,Bulk SKU 492,Electrical Supplies,pcs,502,INR,Kajaria,10k catalog row 492
LRG-00493,Bulk SKU 493,Plumbing & HVAC,pcs,503,INR,Havells,10k catalog row 493
LRG-00494,Bulk SKU 494,Paint & Finishes,pcs,504,INR,Jaquar,10k catalog row 494
LRG-00495,Bulk SKU 495,Building Materials,pcs,505,INR,Asian Paints,10k catalog row 495
LRG-00496,Bulk SKU 496,Lighting & Fixtures,pcs,506,INR,Bosch,10k catalog row 496
LRG-00497,Bulk SKU 497,Timber & Wood,pcs,507,INR,3M,10k catalog row 497
LRG-00498,Bulk SKU 498,Glass & Aluminium,pcs,508,INR,Jindal,10k catalog row 498
LRG-00499,Bulk SKU 499,Sanitary Ware,pcs,509,INR,Saint-Gobain,10k catalog row 499
LRG-00500,Bulk SKU 500,Steel & Metal,pcs,510,INR,UltraTech,10k catalog row 500
LRG-00501,Bulk SKU 501,Tiles & Flooring,pcs,511,INR,Tata,10k catalog row 501
LRG-00502,Bulk SKU 502,Electrical Supplies,pcs,512,INR,Kajaria,10k catalog row 502
LRG-00503,Bulk SKU 503,Plumbing & HVAC,pcs,513,INR,Havells,10k catalog row 503
LRG-00504,Bulk SKU 504,Paint & Finishes,pcs,514,INR,Jaquar,10k catalog row 504
LRG-00505,Bulk SKU 505,Building Materials,pcs,515,INR,Asian Paints,10k catalog row 505
LRG-00506,Bulk SKU 506,Lighting & Fixtures,pcs,516,INR,Bosch,10k catalog row 506
LRG-00507,Bulk SKU 507,Timber & Wood,pcs,517,INR,3M,10k catalog row 507
LRG-00508,Bulk SKU 508,Glass & Aluminium,pcs,518,INR,Jindal,10k catalog row 508
LRG-00509,Bulk SKU 509,Sanitary Ware,pcs,519,INR,Saint-Gobain,10k catalog row 509
LRG-00510,Bulk SKU 510,Steel & Metal,pcs,520,INR,UltraTech,10k catalog row 510
LRG-00511,Bulk SKU 511,Tiles & Flooring,pcs,521,INR,Tata,10k catalog row 511
LRG-00512,Bulk SKU 512,Electrical Supplies,pcs,522,INR,Kajaria,10k catalog row 512
LRG-00513,Bulk SKU 513,Plumbing & HVAC,pcs,523,INR,Havells,10k catalog row 513
LRG-00514,Bulk SKU 514,Paint & Finishes,pcs,524,INR,Jaquar,10k catalog row 514
LRG-00515,Bulk SKU 515,Building Materials,pcs,525,INR,Asian Paints,10k catalog row 515
LRG-00516,Bulk SKU 516,Lighting & Fixtures,pcs,526,INR,Bosch,10k catalog row 516
LRG-00517,Bulk SKU 517,Timber & Wood,pcs,527,INR,3M,10k catalog row 517
LRG-00518,Bulk SKU 518,Glass & Aluminium,pcs,528,INR,Jindal,10k catalog row 518
LRG-00519,Bulk SKU 519,Sanitary Ware,pcs,529,INR,Saint-Gobain,10k catalog row 519
LRG-00520,Bulk SKU 520,Steel & Metal,pcs,530,INR,UltraTech,10k catalog row 520
LRG-00521,Bulk SKU 521,Tiles & Flooring,pcs,531,INR,Tata,10k catalog row 521
LRG-00522,Bulk SKU 522,Electrical Supplies,pcs,532,INR,Kajaria,10k catalog row 522
LRG-00523,Bulk SKU 523,Plumbing & HVAC,pcs,533,INR,Havells,10k catalog row 523
LRG-00524,Bulk SKU 524,Paint & Finishes,pcs,534,INR,Jaquar,10k catalog row 524
LRG-00525,Bulk SKU 525,Building Materials,pcs,535,INR,Asian Paints,10k catalog row 525
LRG-00526,Bulk SKU 526,Lighting & Fixtures,pcs,536,INR,Bosch,10k catalog row 526
LRG-00527,Bulk SKU 527,Timber & Wood,pcs,537,INR,3M,10k catalog row 527
LRG-00528,Bulk SKU 528,Glass & Aluminium,pcs,538,INR,Jindal,10k catalog row 528
LRG-00529,Bulk SKU 529,Sanitary Ware,pcs,539,INR,Saint-Gobain,10k catalog row 529
LRG-00530,Bulk SKU 530,Steel & Metal,pcs,540,INR,UltraTech,10k catalog row 530
LRG-00531,Bulk SKU 531,Tiles & Flooring,pcs,541,INR,Tata,10k catalog row 531
LRG-00532,Bulk SKU 532,Electrical Supplies,pcs,542,INR,Kajaria,10k catalog row 532
LRG-00533,Bulk SKU 533,Plumbing & HVAC,pcs,543,INR,Havells,10k catalog row 533
LRG-00534,Bulk SKU 534,Paint & Finishes,pcs,544,INR,Jaquar,10k catalog row 534
LRG-00535,Bulk SKU 535,Building Materials,pcs,545,INR,Asian Paints,10k catalog row 535
LRG-00536,Bulk SKU 536,Lighting & Fixtures,pcs,546,INR,Bosch,10k catalog row 536
LRG-00537,Bulk SKU 537,Timber & Wood,pcs,547,INR,3M,10k catalog row 537
LRG-00538,Bulk SKU 538,Glass & Aluminium,pcs,548,INR,Jindal,10k catalog row 538
LRG-00539,Bulk SKU 539,Sanitary Ware,pcs,549,INR,Saint-Gobain,10k catalog row 539
LRG-00540,Bulk SKU 540,Steel & Metal,pcs,550,INR,UltraTech,10k catalog row 540
LRG-00541,Bulk SKU 541,Tiles & Flooring,pcs,551,INR,Tata,10k catalog row 541
LRG-00542,Bulk SKU 542,Electrical Supplies,pcs,552,INR,Kajaria,10k catalog row 542
LRG-00543,Bulk SKU 543,Plumbing & HVAC,pcs,553,INR,Havells,10k catalog row 543
LRG-00544,Bulk SKU 544,Paint & Finishes,pcs,554,INR,Jaquar,10k catalog row 544
LRG-00545,Bulk SKU 545,Building Materials,pcs,555,INR,Asian Paints,10k catalog row 545
LRG-00546,Bulk SKU 546,Lighting & Fixtures,pcs,556,INR,Bosch,10k catalog row 546
LRG-00547,Bulk SKU 547,Timber & Wood,pcs,557,INR,3M,10k catalog row 547
LRG-00548,Bulk SKU 548,Glass & Aluminium,pcs,558,INR,Jindal,10k catalog row 548
LRG-00549,Bulk SKU 549,Sanitary Ware,pcs,559,INR,Saint-Gobain,10k catalog row 549
LRG-00550,Bulk SKU 550,Steel & Metal,pcs,560,INR,UltraTech,10k catalog row 550
LRG-00551,Bulk SKU 551,Tiles & Flooring,pcs,561,INR,Tata,10k catalog row 551
LRG-00552,Bulk SKU 552,Electrical Supplies,pcs,562,INR,Kajaria,10k catalog row 552
LRG-00553,Bulk SKU 553,Plumbing & HVAC,pcs,563,INR,Havells,10k catalog row 553
LRG-00554,Bulk SKU 554,Paint & Finishes,pcs,564,INR,Jaquar,10k catalog row 554
LRG-00555,Bulk SKU 555,Building Materials,pcs,565,INR,Asian Paints,10k catalog row 555
LRG-00556,Bulk SKU 556,Lighting & Fixtures,pcs,566,INR,Bosch,10k catalog row 556
LRG-00557,Bulk SKU 557,Timber & Wood,pcs,567,INR,3M,10k catalog row 557
LRG-00558,Bulk SKU 558,Glass & Aluminium,pcs,568,INR,Jindal,10k catalog row 558
LRG-00559,Bulk SKU 559,Sanitary Ware,pcs,569,INR,Saint-Gobain,10k catalog row 559
LRG-00560,Bulk SKU 560,Steel & Metal,pcs,570,INR,UltraTech,10k catalog row 560
LRG-00561,Bulk SKU 561,Tiles & Flooring,pcs,571,INR,Tata,10k catalog row 561
LRG-00562,Bulk SKU 562,Electrical Supplies,pcs,572,INR,Kajaria,10k catalog row 562
LRG-00563,Bulk SKU 563,Plumbing & HVAC,pcs,573,INR,Havells,10k catalog row 563
LRG-00564,Bulk SKU 564,Paint & Finishes,pcs,574,INR,Jaquar,10k catalog row 564
LRG-00565,Bulk SKU 565,Building Materials,pcs,575,INR,Asian Paints,10k catalog row 565
LRG-00566,Bulk SKU 566,Lighting & Fixtures,pcs,576,INR,Bosch,10k catalog row 566
LRG-00567,Bulk SKU 567,Timber & Wood,pcs,577,INR,3M,10k catalog row 567
LRG-00568,Bulk SKU 568,Glass & Aluminium,pcs,578,INR,Jindal,10k catalog row 568
LRG-00569,Bulk SKU 569,Sanitary Ware,pcs,579,INR,Saint-Gobain,10k catalog row 569
LRG-00570,Bulk SKU 570,Steel & Metal,pcs,580,INR,UltraTech,10k catalog row 570
LRG-00571,Bulk SKU 571,Tiles & Flooring,pcs,581,INR,Tata,10k catalog row 571
LRG-00572,Bulk SKU 572,Electrical Supplies,pcs,582,INR,Kajaria,10k catalog row 572
LRG-00573,Bulk SKU 573,Plumbing & HVAC,pcs,583,INR,Havells,10k catalog row 573
LRG-00574,Bulk SKU 574,Paint & Finishes,pcs,584,INR,Jaquar,10k catalog row 574
LRG-00575,Bulk SKU 575,Building Materials,pcs,585,INR,Asian Paints,10k catalog row 575
LRG-00576,Bulk SKU 576,Lighting & Fixtures,pcs,586,INR,Bosch,10k catalog row 576
LRG-00577,Bulk SKU 577,Timber & Wood,pcs,587,INR,3M,10k catalog row 577
LRG-00578,Bulk SKU 578,Glass & Aluminium,pcs,588,INR,Jindal,10k catalog row 578
LRG-00579,Bulk SKU 579,Sanitary Ware,pcs,589,INR,Saint-Gobain,10k catalog row 579
LRG-00580,Bulk SKU 580,Steel & Metal,pcs,590,INR,UltraTech,10k catalog row 580
LRG-00581,Bulk SKU 581,Tiles & Flooring,pcs,591,INR,Tata,10k catalog row 581
LRG-00582,Bulk SKU 582,Electrical Supplies,pcs,592,INR,Kajaria,10k catalog row 582
LRG-00583,Bulk SKU 583,Plumbing & HVAC,pcs,593,INR,Havells,10k catalog row 583
LRG-00584,Bulk SKU 584,Paint & Finishes,pcs,594,INR,Jaquar,10k catalog row 584
LRG-00585,Bulk SKU 585,Building Materials,pcs,595,INR,Asian Paints,10k catalog row 585
LRG-00586,Bulk SKU 586,Lighting & Fixtures,pcs,596,INR,Bosch,10k catalog row 586
LRG-00587,Bulk SKU 587,Timber & Wood,pcs,597,INR,3M,10k catalog row 587
LRG-00588,Bulk SKU 588,Glass & Aluminium,pcs,598,INR,Jindal,10k catalog row 588
LRG-00589,Bulk SKU 589,Sanitary Ware,pcs,599,INR,Saint-Gobain,10k catalog row 589
LRG-00590,Bulk SKU 590,Steel & Metal,pcs,600,INR,UltraTech,10k catalog row 590
LRG-00591,Bulk SKU 591,Tiles & Flooring,pcs,601,INR,Tata,10k catalog row 591
LRG-00592,Bulk SKU 592,Electrical Supplies,pcs,602,INR,Kajaria,10k catalog row 592
LRG-00593,Bulk SKU 593,Plumbing & HVAC,pcs,603,INR,Havells,10k catalog row 593
LRG-00594,Bulk SKU 594,Paint & Finishes,pcs,604,INR,Jaquar,10k catalog row 594
LRG-00595,Bulk SKU 595,Building Materials,pcs,605,INR,Asian Paints,10k catalog row 595
LRG-00596,Bulk SKU 596,Lighting & Fixtures,pcs,606,INR,Bosch,10k catalog row 596
LRG-00597,Bulk SKU 597,Timber & Wood,pcs,607,INR,3M,10k catalog row 597
LRG-00598,Bulk SKU 598,Glass & Aluminium,pcs,608,INR,Jindal,10k catalog row 598
LRG-00599,Bulk SKU 599,Sanitary Ware,pcs,609,INR,Saint-Gobain,10k catalog row 599
LRG-00600,Bulk SKU 600,Steel & Metal,pcs,610,INR,UltraTech,10k catalog row 600
LRG-00601,Bulk SKU 601,Tiles & Flooring,pcs,611,INR,Tata,10k catalog row 601
LRG-00602,Bulk SKU 602,Electrical Supplies,pcs,612,INR,Kajaria,10k catalog row 602
LRG-00603,Bulk SKU 603,Plumbing & HVAC,pcs,613,INR,Havells,10k catalog row 603
LRG-00604,Bulk SKU 604,Paint & Finishes,pcs,614,INR,Jaquar,10k catalog row 604
LRG-00605,Bulk SKU 605,Building Materials,pcs,615,INR,Asian Paints,10k catalog row 605
LRG-00606,Bulk SKU 606,Lighting & Fixtures,pcs,616,INR,Bosch,10k catalog row 606
LRG-00607,Bulk SKU 607,Timber & Wood,pcs,617,INR,3M,10k catalog row 607
LRG-00608,Bulk SKU 608,Glass & Aluminium,pcs,618,INR,Jindal,10k catalog row 608
LRG-00609,Bulk SKU 609,Sanitary Ware,pcs,619,INR,Saint-Gobain,10k catalog row 609
LRG-00610,Bulk SKU 610,Steel & Metal,pcs,620,INR,UltraTech,10k catalog row 610
LRG-00611,Bulk SKU 611,Tiles & Flooring,pcs,621,INR,Tata,10k catalog row 611
LRG-00612,Bulk SKU 612,Electrical Supplies,pcs,622,INR,Kajaria,10k catalog row 612
LRG-00613,Bulk SKU 613,Plumbing & HVAC,pcs,623,INR,Havells,10k catalog row 613
LRG-00614,Bulk SKU 614,Paint & Finishes,pcs,624,INR,Jaquar,10k catalog row 614
LRG-00615,Bulk SKU 615,Building Materials,pcs,625,INR,Asian Paints,10k catalog row 615
LRG-00616,Bulk SKU 616,Lighting & Fixtures,pcs,626,INR,Bosch,10k catalog row 616
LRG-00617,Bulk SKU 617,Timber & Wood,pcs,627,INR,3M,10k catalog row 617
LRG-00618,Bulk SKU 618,Glass & Aluminium,pcs,628,INR,Jindal,10k catalog row 618
LRG-00619,Bulk SKU 619,Sanitary Ware,pcs,629,INR,Saint-Gobain,10k catalog row 619
LRG-00620,Bulk SKU 620,Steel & Metal,pcs,630,INR,UltraTech,10k catalog row 620
LRG-00621,Bulk SKU 621,Tiles & Flooring,pcs,631,INR,Tata,10k catalog row 621
LRG-00622,Bulk SKU 622,Electrical Supplies,pcs,632,INR,Kajaria,10k catalog row 622
LRG-00623,Bulk SKU 623,Plumbing & HVAC,pcs,633,INR,Havells,10k catalog row 623
LRG-00624,Bulk SKU 624,Paint & Finishes,pcs,634,INR,Jaquar,10k catalog row 624
LRG-00625,Bulk SKU 625,Building Materials,pcs,635,INR,Asian Paints,10k catalog row 625
LRG-00626,Bulk SKU 626,Lighting & Fixtures,pcs,636,INR,Bosch,10k catalog row 626
LRG-00627,Bulk SKU 627,Timber & Wood,pcs,637,INR,3M,10k catalog row 627
LRG-00628,Bulk SKU 628,Glass & Aluminium,pcs,638,INR,Jindal,10k catalog row 628
LRG-00629,Bulk SKU 629,Sanitary Ware,pcs,639,INR,Saint-Gobain,10k catalog row 629
LRG-00630,Bulk SKU 630,Steel & Metal,pcs,640,INR,UltraTech,10k catalog row 630
LRG-00631,Bulk SKU 631,Tiles & Flooring,pcs,641,INR,Tata,10k catalog row 631
LRG-00632,Bulk SKU 632,Electrical Supplies,pcs,642,INR,Kajaria,10k catalog row 632
LRG-00633,Bulk SKU 633,Plumbing & HVAC,pcs,643,INR,Havells,10k catalog row 633
LRG-00634,Bulk SKU 634,Paint & Finishes,pcs,644,INR,Jaquar,10k catalog row 634
LRG-00635,Bulk SKU 635,Building Materials,pcs,645,INR,Asian Paints,10k catalog row 635
LRG-00636,Bulk SKU 636,Lighting & Fixtures,pcs,646,INR,Bosch,10k catalog row 636
LRG-00637,Bulk SKU 637,Timber & Wood,pcs,647,INR,3M,10k catalog row 637
LRG-00638,Bulk SKU 638,Glass & Aluminium,pcs,648,INR,Jindal,10k catalog row 638
LRG-00639,Bulk SKU 639,Sanitary Ware,pcs,649,INR,Saint-Gobain,10k catalog row 639
LRG-00640,Bulk SKU 640,Steel & Metal,pcs,650,INR,UltraTech,10k catalog row 640
LRG-00641,Bulk SKU 641,Tiles & Flooring,pcs,651,INR,Tata,10k catalog row 641
LRG-00642,Bulk SKU 642,Electrical Supplies,pcs,652,INR,Kajaria,10k catalog row 642
LRG-00643,Bulk SKU 643,Plumbing & HVAC,pcs,653,INR,Havells,10k catalog row 643
LRG-00644,Bulk SKU 644,Paint & Finishes,pcs,654,INR,Jaquar,10k catalog row 644
LRG-00645,Bulk SKU 645,Building Materials,pcs,655,INR,Asian Paints,10k catalog row 645
LRG-00646,Bulk SKU 646,Lighting & Fixtures,pcs,656,INR,Bosch,10k catalog row 646
LRG-00647,Bulk SKU 647,Timber & Wood,pcs,657,INR,3M,10k catalog row 647
LRG-00648,Bulk SKU 648,Glass & Aluminium,pcs,658,INR,Jindal,10k catalog row 648
LRG-00649,Bulk SKU 649,Sanitary Ware,pcs,659,INR,Saint-Gobain,10k catalog row 649
LRG-00650,Bulk SKU 650,Steel & Metal,pcs,660,INR,UltraTech,10k catalog row 650
LRG-00651,Bulk SKU 651,Tiles & Flooring,pcs,661,INR,Tata,10k catalog row 651
LRG-00652,Bulk SKU 652,Electrical Supplies,pcs,662,INR,Kajaria,10k catalog row 652
LRG-00653,Bulk SKU 653,Plumbing & HVAC,pcs,663,INR,Havells,10k catalog row 653
LRG-00654,Bulk SKU 654,Paint & Finishes,pcs,664,INR,Jaquar,10k catalog row 654
LRG-00655,Bulk SKU 655,Building Materials,pcs,665,INR,Asian Paints,10k catalog row 655
LRG-00656,Bulk SKU 656,Lighting & Fixtures,pcs,666,INR,Bosch,10k catalog row 656
LRG-00657,Bulk SKU 657,Timber & Wood,pcs,667,INR,3M,10k catalog row 657
LRG-00658,Bulk SKU 658,Glass & Aluminium,pcs,668,INR,Jindal,10k catalog row 658
LRG-00659,Bulk SKU 659,Sanitary Ware,pcs,669,INR,Saint-Gobain,10k catalog row 659
LRG-00660,Bulk SKU 660,Steel & Metal,pcs,670,INR,UltraTech,10k catalog row 660
LRG-00661,Bulk SKU 661,Tiles & Flooring,pcs,671,INR,Tata,10k catalog row 661
LRG-00662,Bulk SKU 662,Electrical Supplies,pcs,672,INR,Kajaria,10k catalog row 662
LRG-00663,Bulk SKU 663,Plumbing & HVAC,pcs,673,INR,Havells,10k catalog row 663
LRG-00664,Bulk SKU 664,Paint & Finishes,pcs,674,INR,Jaquar,10k catalog row 664
LRG-00665,Bulk SKU 665,Building Materials,pcs,675,INR,Asian Paints,10k catalog row 665
LRG-00666,Bulk SKU 666,Lighting & Fixtures,pcs,676,INR,Bosch,10k catalog row 666
LRG-00667,Bulk SKU 667,Timber & Wood,pcs,677,INR,3M,10k catalog row 667
LRG-00668,Bulk SKU 668,Glass & Aluminium,pcs,678,INR,Jindal,10k catalog row 668
LRG-00669,Bulk SKU 669,Sanitary Ware,pcs,679,INR,Saint-Gobain,10k catalog row 669
LRG-00670,Bulk SKU 670,Steel & Metal,pcs,680,INR,UltraTech,10k catalog row 670
LRG-00671,Bulk SKU 671,Tiles & Flooring,pcs,681,INR,Tata,10k catalog row 671
LRG-00672,Bulk SKU 672,Electrical Supplies,pcs,682,INR,Kajaria,10k catalog row 672
LRG-00673,Bulk SKU 673,Plumbing & HVAC,pcs,683,INR,Havells,10k catalog row 673
LRG-00674,Bulk SKU 674,Paint & Finishes,pcs,684,INR,Jaquar,10k catalog row 674
LRG-00675,Bulk SKU 675,Building Materials,pcs,685,INR,Asian Paints,10k catalog row 675
LRG-00676,Bulk SKU 676,Lighting & Fixtures,pcs,686,INR,Bosch,10k catalog row 676
LRG-00677,Bulk SKU 677,Timber & Wood,pcs,687,INR,3M,10k catalog row 677
LRG-00678,Bulk SKU 678,Glass & Aluminium,pcs,688,INR,Jindal,10k catalog row 678
LRG-00679,Bulk SKU 679,Sanitary Ware,pcs,689,INR,Saint-Gobain,10k catalog row 679
LRG-00680,Bulk SKU 680,Steel & Metal,pcs,690,INR,UltraTech,10k catalog row 680
LRG-00681,Bulk SKU 681,Tiles & Flooring,pcs,691,INR,Tata,10k catalog row 681
LRG-00682,Bulk SKU 682,Electrical Supplies,pcs,692,INR,Kajaria,10k catalog row 682
LRG-00683,Bulk SKU 683,Plumbing & HVAC,pcs,693,INR,Havells,10k catalog row 683
LRG-00684,Bulk SKU 684,Paint & Finishes,pcs,694,INR,Jaquar,10k catalog row 684
LRG-00685,Bulk SKU 685,Building Materials,pcs,695,INR,Asian Paints,10k catalog row 685
LRG-00686,Bulk SKU 686,Lighting & Fixtures,pcs,696,INR,Bosch,10k catalog row 686
LRG-00687,Bulk SKU 687,Timber & Wood,pcs,697,INR,3M,10k catalog row 687
LRG-00688,Bulk SKU 688,Glass & Aluminium,pcs,698,INR,Jindal,10k catalog row 688
LRG-00689,Bulk SKU 689,Sanitary Ware,pcs,699,INR,Saint-Gobain,10k catalog row 689
LRG-00690,Bulk SKU 690,Steel & Metal,pcs,700,INR,UltraTech,10k catalog row 690
LRG-00691,Bulk SKU 691,Tiles & Flooring,pcs,701,INR,Tata,10k catalog row 691
LRG-00692,Bulk SKU 692,Electrical Supplies,pcs,702,INR,Kajaria,10k catalog row 692
LRG-00693,Bulk SKU 693,Plumbing & HVAC,pcs,703,INR,Havells,10k catalog row 693
LRG-00694,Bulk SKU 694,Paint & Finishes,pcs,704,INR,Jaquar,10k catalog row 694
LRG-00695,Bulk SKU 695,Building Materials,pcs,705,INR,Asian Paints,10k catalog row 695
LRG-00696,Bulk SKU 696,Lighting & Fixtures,pcs,706,INR,Bosch,10k catalog row 696
LRG-00697,Bulk SKU 697,Timber & Wood,pcs,707,INR,3M,10k catalog row 697
LRG-00698,Bulk SKU 698,Glass & Aluminium,pcs,708,INR,Jindal,10k catalog row 698
LRG-00699,Bulk SKU 699,Sanitary Ware,pcs,709,INR,Saint-Gobain,10k catalog row 699
LRG-00700,Bulk SKU 700,Steel & Metal,pcs,710,INR,UltraTech,10k catalog row 700
LRG-00701,Bulk SKU 701,Tiles & Flooring,pcs,711,INR,Tata,10k catalog row 701
LRG-00702,Bulk SKU 702,Electrical Supplies,pcs,712,INR,Kajaria,10k catalog row 702
LRG-00703,Bulk SKU 703,Plumbing & HVAC,pcs,713,INR,Havells,10k catalog row 703
LRG-00704,Bulk SKU 704,Paint & Finishes,pcs,714,INR,Jaquar,10k catalog row 704
LRG-00705,Bulk SKU 705,Building Materials,pcs,715,INR,Asian Paints,10k catalog row 705
LRG-00706,Bulk SKU 706,Lighting & Fixtures,pcs,716,INR,Bosch,10k catalog row 706
LRG-00707,Bulk SKU 707,Timber & Wood,pcs,717,INR,3M,10k catalog row 707
LRG-00708,Bulk SKU 708,Glass & Aluminium,pcs,718,INR,Jindal,10k catalog row 708
LRG-00709,Bulk SKU 709,Sanitary Ware,pcs,719,INR,Saint-Gobain,10k catalog row 709
LRG-00710,Bulk SKU 710,Steel & Metal,pcs,720,INR,UltraTech,10k catalog row 710
LRG-00711,Bulk SKU 711,Tiles & Flooring,pcs,721,INR,Tata,10k catalog row 711
LRG-00712,Bulk SKU 712,Electrical Supplies,pcs,722,INR,Kajaria,10k catalog row 712
LRG-00713,Bulk SKU 713,Plumbing & HVAC,pcs,723,INR,Havells,10k catalog row 713
LRG-00714,Bulk SKU 714,Paint & Finishes,pcs,724,INR,Jaquar,10k catalog row 714
LRG-00715,Bulk SKU 715,Building Materials,pcs,725,INR,Asian Paints,10k catalog row 715
LRG-00716,Bulk SKU 716,Lighting & Fixtures,pcs,726,INR,Bosch,10k catalog row 716
LRG-00717,Bulk SKU 717,Timber & Wood,pcs,727,INR,3M,10k catalog row 717
LRG-00718,Bulk SKU 718,Glass & Aluminium,pcs,728,INR,Jindal,10k catalog row 718
LRG-00719,Bulk SKU 719,Sanitary Ware,pcs,729,INR,Saint-Gobain,10k catalog row 719
LRG-00720,Bulk SKU 720,Steel & Metal,pcs,730,INR,UltraTech,10k catalog row 720
LRG-00721,Bulk SKU 721,Tiles & Flooring,pcs,731,INR,Tata,10k catalog row 721
LRG-00722,Bulk SKU 722,Electrical Supplies,pcs,732,INR,Kajaria,10k catalog row 722
LRG-00723,Bulk SKU 723,Plumbing & HVAC,pcs,733,INR,Havells,10k catalog row 723
LRG-00724,Bulk SKU 724,Paint & Finishes,pcs,734,INR,Jaquar,10k catalog row 724
LRG-00725,Bulk SKU 725,Building Materials,pcs,735,INR,Asian Paints,10k catalog row 725
LRG-00726,Bulk SKU 726,Lighting & Fixtures,pcs,736,INR,Bosch,10k catalog row 726
LRG-00727,Bulk SKU 727,Timber & Wood,pcs,737,INR,3M,10k catalog row 727
LRG-00728,Bulk SKU 728,Glass & Aluminium,pcs,738,INR,Jindal,10k catalog row 728
LRG-00729,Bulk SKU 729,Sanitary Ware,pcs,739,INR,Saint-Gobain,10k catalog row 729
LRG-00730,Bulk SKU 730,Steel & Metal,pcs,740,INR,UltraTech,10k catalog row 730
LRG-00731,Bulk SKU 731,Tiles & Flooring,pcs,741,INR,Tata,10k catalog row 731
LRG-00732,Bulk SKU 732,Electrical Supplies,pcs,742,INR,Kajaria,10k catalog row 732
LRG-00733,Bulk SKU 733,Plumbing & HVAC,pcs,743,INR,Havells,10k catalog row 733
LRG-00734,Bulk SKU 734,Paint & Finishes,pcs,744,INR,Jaquar,10k catalog row 734
LRG-00735,Bulk SKU 735,Building Materials,pcs,745,INR,Asian Paints,10k catalog row 735
LRG-00736,Bulk SKU 736,Lighting & Fixtures,pcs,746,INR,Bosch,10k catalog row 736
LRG-00737,Bulk SKU 737,Timber & Wood,pcs,747,INR,3M,10k catalog row 737
LRG-00738,Bulk SKU 738,Glass & Aluminium,pcs,748,INR,Jindal,10k catalog row 738
LRG-00739,Bulk SKU 739,Sanitary Ware,pcs,749,INR,Saint-Gobain,10k catalog row 739
LRG-00740,Bulk SKU 740,Steel & Metal,pcs,750,INR,UltraTech,10k catalog row 740
LRG-00741,Bulk SKU 741,Tiles & Flooring,pcs,751,INR,Tata,10k catalog row 741
LRG-00742,Bulk SKU 742,Electrical Supplies,pcs,752,INR,Kajaria,10k catalog row 742
LRG-00743,Bulk SKU 743,Plumbing & HVAC,pcs,753,INR,Havells,10k catalog row 743
LRG-00744,Bulk SKU 744,Paint & Finishes,pcs,754,INR,Jaquar,10k catalog row 744
LRG-00745,Bulk SKU 745,Building Materials,pcs,755,INR,Asian Paints,10k catalog row 745
LRG-00746,Bulk SKU 746,Lighting & Fixtures,pcs,756,INR,Bosch,10k catalog row 746
LRG-00747,Bulk SKU 747,Timber & Wood,pcs,757,INR,3M,10k catalog row 747
LRG-00748,Bulk SKU 748,Glass & Aluminium,pcs,758,INR,Jindal,10k catalog row 748
LRG-00749,Bulk SKU 749,Sanitary Ware,pcs,759,INR,Saint-Gobain,10k catalog row 749
LRG-00750,Bulk SKU 750,Steel & Metal,pcs,760,INR,UltraTech,10k catalog row 750
LRG-00751,Bulk SKU 751,Tiles & Flooring,pcs,761,INR,Tata,10k catalog row 751
LRG-00752,Bulk SKU 752,Electrical Supplies,pcs,762,INR,Kajaria,10k catalog row 752
LRG-00753,Bulk SKU 753,Plumbing & HVAC,pcs,763,INR,Havells,10k catalog row 753
LRG-00754,Bulk SKU 754,Paint & Finishes,pcs,764,INR,Jaquar,10k catalog row 754
LRG-00755,Bulk SKU 755,Building Materials,pcs,765,INR,Asian Paints,10k catalog row 755
LRG-00756,Bulk SKU 756,Lighting & Fixtures,pcs,766,INR,Bosch,10k catalog row 756
LRG-00757,Bulk SKU 757,Timber & Wood,pcs,767,INR,3M,10k catalog row 757
LRG-00758,Bulk SKU 758,Glass & Aluminium,pcs,768,INR,Jindal,10k catalog row 758
LRG-00759,Bulk SKU 759,Sanitary Ware,pcs,769,INR,Saint-Gobain,10k catalog row 759
LRG-00760,Bulk SKU 760,Steel & Metal,pcs,770,INR,UltraTech,10k catalog row 760
LRG-00761,Bulk SKU 761,Tiles & Flooring,pcs,771,INR,Tata,10k catalog row 761
LRG-00762,Bulk SKU 762,Electrical Supplies,pcs,772,INR,Kajaria,10k catalog row 762
LRG-00763,Bulk SKU 763,Plumbing & HVAC,pcs,773,INR,Havells,10k catalog row 763
LRG-00764,Bulk SKU 764,Paint & Finishes,pcs,774,INR,Jaquar,10k catalog row 764
LRG-00765,Bulk SKU 765,Building Materials,pcs,775,INR,Asian Paints,10k catalog row 765
LRG-00766,Bulk SKU 766,Lighting & Fixtures,pcs,776,INR,Bosch,10k catalog row 766
LRG-00767,Bulk SKU 767,Timber & Wood,pcs,777,INR,3M,10k catalog row 767
LRG-00768,Bulk SKU 768,Glass & Aluminium,pcs,778,INR,Jindal,10k catalog row 768
LRG-00769,Bulk SKU 769,Sanitary Ware,pcs,779,INR,Saint-Gobain,10k catalog row 769
LRG-00770,Bulk SKU 770,Steel & Metal,pcs,780,INR,UltraTech,10k catalog row 770
LRG-00771,Bulk SKU 771,Tiles & Flooring,pcs,781,INR,Tata,10k catalog row 771
LRG-00772,Bulk SKU 772,Electrical Supplies,pcs,782,INR,Kajaria,10k catalog row 772
LRG-00773,Bulk SKU 773,Plumbing & HVAC,pcs,783,INR,Havells,10k catalog row 773
LRG-00774,Bulk SKU 774,Paint & Finishes,pcs,784,INR,Jaquar,10k catalog row 774
LRG-00775,Bulk SKU 775,Building Materials,pcs,785,INR,Asian Paints,10k catalog row 775
LRG-00776,Bulk SKU 776,Lighting & Fixtures,pcs,786,INR,Bosch,10k catalog row 776
LRG-00777,Bulk SKU 777,Timber & Wood,pcs,787,INR,3M,10k catalog row 777
LRG-00778,Bulk SKU 778,Glass & Aluminium,pcs,788,INR,Jindal,10k catalog row 778
LRG-00779,Bulk SKU 779,Sanitary Ware,pcs,789,INR,Saint-Gobain,10k catalog row 779
LRG-00780,Bulk SKU 780,Steel & Metal,pcs,790,INR,UltraTech,10k catalog row 780
LRG-00781,Bulk SKU 781,Tiles & Flooring,pcs,791,INR,Tata,10k catalog row 781
LRG-00782,Bulk SKU 782,Electrical Supplies,pcs,792,INR,Kajaria,10k catalog row 782
LRG-00783,Bulk SKU 783,Plumbing & HVAC,pcs,793,INR,Havells,10k catalog row 783
LRG-00784,Bulk SKU 784,Paint & Finishes,pcs,794,INR,Jaquar,10k catalog row 784
LRG-00785,Bulk SKU 785,Building Materials,pcs,795,INR,Asian Paints,10k catalog row 785
LRG-00786,Bulk SKU 786,Lighting & Fixtures,pcs,796,INR,Bosch,10k catalog row 786
LRG-00787,Bulk SKU 787,Timber & Wood,pcs,797,INR,3M,10k catalog row 787
LRG-00788,Bulk SKU 788,Glass & Aluminium,pcs,798,INR,Jindal,10k catalog row 788
LRG-00789,Bulk SKU 789,Sanitary Ware,pcs,799,INR,Saint-Gobain,10k catalog row 789
LRG-00790,Bulk SKU 790,Steel & Metal,pcs,800,INR,UltraTech,10k catalog row 790
LRG-00791,Bulk SKU 791,Tiles & Flooring,pcs,801,INR,Tata,10k catalog row 791
LRG-00792,Bulk SKU 792,Electrical Supplies,pcs,802,INR,Kajaria,10k catalog row 792
LRG-00793,Bulk SKU 793,Plumbing & HVAC,pcs,803,INR,Havells,10k catalog row 793
LRG-00794,Bulk SKU 794,Paint & Finishes,pcs,804,INR,Jaquar,10k catalog row 794
LRG-00795,Bulk SKU 795,Building Materials,pcs,805,INR,Asian Paints,10k catalog row 795
LRG-00796,Bulk SKU 796,Lighting & Fixtures,pcs,806,INR,Bosch,10k catalog row 796
LRG-00797,Bulk SKU 797,Timber & Wood,pcs,807,INR,3M,10k catalog row 797
LRG-00798,Bulk SKU 798,Glass & Aluminium,pcs,808,INR,Jindal,10k catalog row 798
LRG-00799,Bulk SKU 799,Sanitary Ware,pcs,809,INR,Saint-Gobain,10k catalog row 799
LRG-00800,Bulk SKU 800,Steel & Metal,pcs,810,INR,UltraTech,10k catalog row 800
LRG-00801,Bulk SKU 801,Tiles & Flooring,pcs,811,INR,Tata,10k catalog row 801
LRG-00802,Bulk SKU 802,Electrical Supplies,pcs,812,INR,Kajaria,10k catalog row 802
LRG-00803,Bulk SKU 803,Plumbing & HVAC,pcs,813,INR,Havells,10k catalog row 803
LRG-00804,Bulk SKU 804,Paint & Finishes,pcs,814,INR,Jaquar,10k catalog row 804
LRG-00805,Bulk SKU 805,Building Materials,pcs,815,INR,Asian Paints,10k catalog row 805
LRG-00806,Bulk SKU 806,Lighting & Fixtures,pcs,816,INR,Bosch,10k catalog row 806
LRG-00807,Bulk SKU 807,Timber & Wood,pcs,817,INR,3M,10k catalog row 807
LRG-00808,Bulk SKU 808,Glass & Aluminium,pcs,818,INR,Jindal,10k catalog row 808
LRG-00809,Bulk SKU 809,Sanitary Ware,pcs,819,INR,Saint-Gobain,10k catalog row 809
LRG-00810,Bulk SKU 810,Steel & Metal,pcs,820,INR,UltraTech,10k catalog row 810
LRG-00811,Bulk SKU 811,Tiles & Flooring,pcs,821,INR,Tata,10k catalog row 811
LRG-00812,Bulk SKU 812,Electrical Supplies,pcs,822,INR,Kajaria,10k catalog row 812
LRG-00813,Bulk SKU 813,Plumbing & HVAC,pcs,823,INR,Havells,10k catalog row 813
LRG-00814,Bulk SKU 814,Paint & Finishes,pcs,824,INR,Jaquar,10k catalog row 814
LRG-00815,Bulk SKU 815,Building Materials,pcs,825,INR,Asian Paints,10k catalog row 815
LRG-00816,Bulk SKU 816,Lighting & Fixtures,pcs,826,INR,Bosch,10k catalog row 816
LRG-00817,Bulk SKU 817,Timber & Wood,pcs,827,INR,3M,10k catalog row 817
LRG-00818,Bulk SKU 818,Glass & Aluminium,pcs,828,INR,Jindal,10k catalog row 818
LRG-00819,Bulk SKU 819,Sanitary Ware,pcs,829,INR,Saint-Gobain,10k catalog row 819
LRG-00820,Bulk SKU 820,Steel & Metal,pcs,830,INR,UltraTech,10k catalog row 820
LRG-00821,Bulk SKU 821,Tiles & Flooring,pcs,831,INR,Tata,10k catalog row 821
LRG-00822,Bulk SKU 822,Electrical Supplies,pcs,832,INR,Kajaria,10k catalog row 822
LRG-00823,Bulk SKU 823,Plumbing & HVAC,pcs,833,INR,Havells,10k catalog row 823
LRG-00824,Bulk SKU 824,Paint & Finishes,pcs,834,INR,Jaquar,10k catalog row 824
LRG-00825,Bulk SKU 825,Building Materials,pcs,835,INR,Asian Paints,10k catalog row 825
LRG-00826,Bulk SKU 826,Lighting & Fixtures,pcs,836,INR,Bosch,10k catalog row 826
LRG-00827,Bulk SKU 827,Timber & Wood,pcs,837,INR,3M,10k catalog row 827
LRG-00828,Bulk SKU 828,Glass & Aluminium,pcs,838,INR,Jindal,10k catalog row 828
LRG-00829,Bulk SKU 829,Sanitary Ware,pcs,839,INR,Saint-Gobain,10k catalog row 829
LRG-00830,Bulk SKU 830,Steel & Metal,pcs,840,INR,UltraTech,10k catalog row 830
LRG-00831,Bulk SKU 831,Tiles & Flooring,pcs,841,INR,Tata,10k catalog row 831
LRG-00832,Bulk SKU 832,Electrical Supplies,pcs,842,INR,Kajaria,10k catalog row 832
LRG-00833,Bulk SKU 833,Plumbing & HVAC,pcs,843,INR,Havells,10k catalog row 833
LRG-00834,Bulk SKU 834,Paint & Finishes,pcs,844,INR,Jaquar,10k catalog row 834
LRG-00835,Bulk SKU 835,Building Materials,pcs,845,INR,Asian Paints,10k catalog row 835
LRG-00836,Bulk SKU 836,Lighting & Fixtures,pcs,846,INR,Bosch,10k catalog row 836
LRG-00837,Bulk SKU 837,Timber & Wood,pcs,847,INR,3M,10k catalog row 837
LRG-00838,Bulk SKU 838,Glass & Aluminium,pcs,848,INR,Jindal,10k catalog row 838
LRG-00839,Bulk SKU 839,Sanitary Ware,pcs,849,INR,Saint-Gobain,10k catalog row 839
LRG-00840,Bulk SKU 840,Steel & Metal,pcs,850,INR,UltraTech,10k catalog row 840
LRG-00841,Bulk SKU 841,Tiles & Flooring,pcs,851,INR,Tata,10k catalog row 841
LRG-00842,Bulk SKU 842,Electrical Supplies,pcs,852,INR,Kajaria,10k catalog row 842
LRG-00843,Bulk SKU 843,Plumbing & HVAC,pcs,853,INR,Havells,10k catalog row 843
LRG-00844,Bulk SKU 844,Paint & Finishes,pcs,854,INR,Jaquar,10k catalog row 844
LRG-00845,Bulk SKU 845,Building Materials,pcs,855,INR,Asian Paints,10k catalog row 845
LRG-00846,Bulk SKU 846,Lighting & Fixtures,pcs,856,INR,Bosch,10k catalog row 846
LRG-00847,Bulk SKU 847,Timber & Wood,pcs,857,INR,3M,10k catalog row 847
LRG-00848,Bulk SKU 848,Glass & Aluminium,pcs,858,INR,Jindal,10k catalog row 848
LRG-00849,Bulk SKU 849,Sanitary Ware,pcs,859,INR,Saint-Gobain,10k catalog row 849
LRG-00850,Bulk SKU 850,Steel & Metal,pcs,860,INR,UltraTech,10k catalog row 850
LRG-00851,Bulk SKU 851,Tiles & Flooring,pcs,861,INR,Tata,10k catalog row 851
LRG-00852,Bulk SKU 852,Electrical Supplies,pcs,862,INR,Kajaria,10k catalog row 852
LRG-00853,Bulk SKU 853,Plumbing & HVAC,pcs,863,INR,Havells,10k catalog row 853
LRG-00854,Bulk SKU 854,Paint & Finishes,pcs,864,INR,Jaquar,10k catalog row 854
LRG-00855,Bulk SKU 855,Building Materials,pcs,865,INR,Asian Paints,10k catalog row 855
LRG-00856,Bulk SKU 856,Lighting & Fixtures,pcs,866,INR,Bosch,10k catalog row 856
LRG-00857,Bulk SKU 857,Timber & Wood,pcs,867,INR,3M,10k catalog row 857
LRG-00858,Bulk SKU 858,Glass & Aluminium,pcs,868,INR,Jindal,10k catalog row 858
LRG-00859,Bulk SKU 859,Sanitary Ware,pcs,869,INR,Saint-Gobain,10k catalog row 859
LRG-00860,Bulk SKU 860,Steel & Metal,pcs,870,INR,UltraTech,10k catalog row 860
LRG-00861,Bulk SKU 861,Tiles & Flooring,pcs,871,INR,Tata,10k catalog row 861
LRG-00862,Bulk SKU 862,Electrical Supplies,pcs,872,INR,Kajaria,10k catalog row 862
LRG-00863,Bulk SKU 863,Plumbing & HVAC,pcs,873,INR,Havells,10k catalog row 863
LRG-00864,Bulk SKU 864,Paint & Finishes,pcs,874,INR,Jaquar,10k catalog row 864
LRG-00865,Bulk SKU 865,Building Materials,pcs,875,INR,Asian Paints,10k catalog row 865
LRG-00866,Bulk SKU 866,Lighting & Fixtures,pcs,876,INR,Bosch,10k catalog row 866
LRG-00867,Bulk SKU 867,Timber & Wood,pcs,877,INR,3M,10k catalog row 867
LRG-00868,Bulk SKU 868,Glass & Aluminium,pcs,878,INR,Jindal,10k catalog row 868
LRG-00869,Bulk SKU 869,Sanitary Ware,pcs,879,INR,Saint-Gobain,10k catalog row 869
LRG-00870,Bulk SKU 870,Steel & Metal,pcs,880,INR,UltraTech,10k catalog row 870
LRG-00871,Bulk SKU 871,Tiles & Flooring,pcs,881,INR,Tata,10k catalog row 871
LRG-00872,Bulk SKU 872,Electrical Supplies,pcs,882,INR,Kajaria,10k catalog row 872
LRG-00873,Bulk SKU 873,Plumbing & HVAC,pcs,883,INR,Havells,10k catalog row 873
LRG-00874,Bulk SKU 874,Paint & Finishes,pcs,884,INR,Jaquar,10k catalog row 874
LRG-00875,Bulk SKU 875,Building Materials,pcs,885,INR,Asian Paints,10k catalog row 875
LRG-00876,Bulk SKU 876,Lighting & Fixtures,pcs,886,INR,Bosch,10k catalog row 876
LRG-00877,Bulk SKU 877,Timber & Wood,pcs,887,INR,3M,10k catalog row 877
LRG-00878,Bulk SKU 878,Glass & Aluminium,pcs,888,INR,Jindal,10k catalog row 878
LRG-00879,Bulk SKU 879,Sanitary Ware,pcs,889,INR,Saint-Gobain,10k catalog row 879
LRG-00880,Bulk SKU 880,Steel & Metal,pcs,890,INR,UltraTech,10k catalog row 880
LRG-00881,Bulk SKU 881,Tiles & Flooring,pcs,891,INR,Tata,10k catalog row 881
LRG-00882,Bulk SKU 882,Electrical Supplies,pcs,892,INR,Kajaria,10k catalog row 882
LRG-00883,Bulk SKU 883,Plumbing & HVAC,pcs,893,INR,Havells,10k catalog row 883
LRG-00884,Bulk SKU 884,Paint & Finishes,pcs,894,INR,Jaquar,10k catalog row 884
LRG-00885,Bulk SKU 885,Building Materials,pcs,895,INR,Asian Paints,10k catalog row 885
LRG-00886,Bulk SKU 886,Lighting & Fixtures,pcs,896,INR,Bosch,10k catalog row 886
LRG-00887,Bulk SKU 887,Timber & Wood,pcs,897,INR,3M,10k catalog row 887
LRG-00888,Bulk SKU 888,Glass & Aluminium,pcs,898,INR,Jindal,10k catalog row 888
LRG-00889,Bulk SKU 889,Sanitary Ware,pcs,899,INR,Saint-Gobain,10k catalog row 889
LRG-00890,Bulk SKU 890,Steel & Metal,pcs,900,INR,UltraTech,10k catalog row 890
LRG-00891,Bulk SKU 891,Tiles & Flooring,pcs,901,INR,Tata,10k catalog row 891
LRG-00892,Bulk SKU 892,Electrical Supplies,pcs,902,INR,Kajaria,10k catalog row 892
LRG-00893,Bulk SKU 893,Plumbing & HVAC,pcs,903,INR,Havells,10k catalog row 893
LRG-00894,Bulk SKU 894,Paint & Finishes,pcs,904,INR,Jaquar,10k catalog row 894
LRG-00895,Bulk SKU 895,Building Materials,pcs,905,INR,Asian Paints,10k catalog row 895
LRG-00896,Bulk SKU 896,Lighting & Fixtures,pcs,906,INR,Bosch,10k catalog row 896
LRG-00897,Bulk SKU 897,Timber & Wood,pcs,907,INR,3M,10k catalog row 897
LRG-00898,Bulk SKU 898,Glass & Aluminium,pcs,908,INR,Jindal,10k catalog row 898
LRG-00899,Bulk SKU 899,Sanitary Ware,pcs,909,INR,Saint-Gobain,10k catalog row 899
LRG-00900,Bulk SKU 900,Steel & Metal,pcs,10,INR,UltraTech,10k catalog row 900
LRG-00901,Bulk SKU 901,Tiles & Flooring,pcs,11,INR,Tata,10k catalog row 901
LRG-00902,Bulk SKU 902,Electrical Supplies,pcs,12,INR,Kajaria,10k catalog row 902
LRG-00903,Bulk SKU 903,Plumbing & HVAC,pcs,13,INR,Havells,10k catalog row 903
LRG-00904,Bulk SKU 904,Paint & Finishes,pcs,14,INR,Jaquar,10k catalog row 904
LRG-00905,Bulk SKU 905,Building Materials,pcs,15,INR,Asian Paints,10k catalog row 905
LRG-00906,Bulk SKU 906,Lighting & Fixtures,pcs,16,INR,Bosch,10k catalog row 906
LRG-00907,Bulk SKU 907,Timber & Wood,pcs,17,INR,3M,10k catalog row 907
LRG-00908,Bulk SKU 908,Glass & Aluminium,pcs,18,INR,Jindal,10k catalog row 908
LRG-00909,Bulk SKU 909,Sanitary Ware,pcs,19,INR,Saint-Gobain,10k catalog row 909
LRG-00910,Bulk SKU 910,Steel & Metal,pcs,20,INR,UltraTech,10k catalog row 910
LRG-00911,Bulk SKU 911,Tiles & Flooring,pcs,21,INR,Tata,10k catalog row 911
LRG-00912,Bulk SKU 912,Electrical Supplies,pcs,22,INR,Kajaria,10k catalog row 912
LRG-00913,Bulk SKU 913,Plumbing & HVAC,pcs,23,INR,Havells,10k catalog row 913
LRG-00914,Bulk SKU 914,Paint & Finishes,pcs,24,INR,Jaquar,10k catalog row 914
LRG-00915,Bulk SKU 915,Building Materials,pcs,25,INR,Asian Paints,10k catalog row 915
LRG-00916,Bulk SKU 916,Lighting & Fixtures,pcs,26,INR,Bosch,10k catalog row 916
LRG-00917,Bulk SKU 917,Timber & Wood,pcs,27,INR,3M,10k catalog row 917
LRG-00918,Bulk SKU 918,Glass & Aluminium,pcs,28,INR,Jindal,10k catalog row 918
LRG-00919,Bulk SKU 919,Sanitary Ware,pcs,29,INR,Saint-Gobain,10k catalog row 919
LRG-00920,Bulk SKU 920,Steel & Metal,pcs,30,INR,UltraTech,10k catalog row 920
LRG-00921,Bulk SKU 921,Tiles & Flooring,pcs,31,INR,Tata,10k catalog row 921
LRG-00922,Bulk SKU 922,Electrical Supplies,pcs,32,INR,Kajaria,10k catalog row 922
LRG-00923,Bulk SKU 923,Plumbing & HVAC,pcs,33,INR,Havells,10k catalog row 923
LRG-00924,Bulk SKU 924,Paint & Finishes,pcs,34,INR,Jaquar,10k catalog row 924
LRG-00925,Bulk SKU 925,Building Materials,pcs,35,INR,Asian Paints,10k catalog row 925
LRG-00926,Bulk SKU 926,Lighting & Fixtures,pcs,36,INR,Bosch,10k catalog row 926
LRG-00927,Bulk SKU 927,Timber & Wood,pcs,37,INR,3M,10k catalog row 927
LRG-00928,Bulk SKU 928,Glass & Aluminium,pcs,38,INR,Jindal,10k catalog row 928
LRG-00929,Bulk SKU 929,Sanitary Ware,pcs,39,INR,Saint-Gobain,10k catalog row 929
LRG-00930,Bulk SKU 930,Steel & Metal,pcs,40,INR,UltraTech,10k catalog row 930
LRG-00931,Bulk SKU 931,Tiles & Flooring,pcs,41,INR,Tata,10k catalog row 931
LRG-00932,Bulk SKU 932,Electrical Supplies,pcs,42,INR,Kajaria,10k catalog row 932
LRG-00933,Bulk SKU 933,Plumbing & HVAC,pcs,43,INR,Havells,10k catalog row 933
LRG-00934,Bulk SKU 934,Paint & Finishes,pcs,44,INR,Jaquar,10k catalog row 934
LRG-00935,Bulk SKU 935,Building Materials,pcs,45,INR,Asian Paints,10k catalog row 935
LRG-00936,Bulk SKU 936,Lighting & Fixtures,pcs,46,INR,Bosch,10k catalog row 936
LRG-00937,Bulk SKU 937,Timber & Wood,pcs,47,INR,3M,10k catalog row 937
LRG-00938,Bulk SKU 938,Glass & Aluminium,pcs,48,INR,Jindal,10k catalog row 938
LRG-00939,Bulk SKU 939,Sanitary Ware,pcs,49,INR,Saint-Gobain,10k catalog row 939
LRG-00940,Bulk SKU 940,Steel & Metal,pcs,50,INR,UltraTech,10k catalog row 940
LRG-00941,Bulk SKU 941,Tiles & Flooring,pcs,51,INR,Tata,10k catalog row 941
LRG-00942,Bulk SKU 942,Electrical Supplies,pcs,52,INR,Kajaria,10k catalog row 942
LRG-00943,Bulk SKU 943,Plumbing & HVAC,pcs,53,INR,Havells,10k catalog row 943
LRG-00944,Bulk SKU 944,Paint & Finishes,pcs,54,INR,Jaquar,10k catalog row 944
LRG-00945,Bulk SKU 945,Building Materials,pcs,55,INR,Asian Paints,10k catalog row 945
LRG-00946,Bulk SKU 946,Lighting & Fixtures,pcs,56,INR,Bosch,10k catalog row 946
LRG-00947,Bulk SKU 947,Timber & Wood,pcs,57,INR,3M,10k catalog row 947
LRG-00948,Bulk SKU 948,Glass & Aluminium,pcs,58,INR,Jindal,10k catalog row 948
LRG-00949,Bulk SKU 949,Sanitary Ware,pcs,59,INR,Saint-Gobain,10k catalog row 949
LRG-00950,Bulk SKU 950,Steel & Metal,pcs,60,INR,UltraTech,10k catalog row 950
LRG-00951,Bulk SKU 951,Tiles & Flooring,pcs,61,INR,Tata,10k catalog row 951
LRG-00952,Bulk SKU 952,Electrical Supplies,pcs,62,INR,Kajaria,10k catalog row 952
LRG-00953,Bulk SKU 953,Plumbing & HVAC,pcs,63,INR,Havells,10k catalog row 953
LRG-00954,Bulk SKU 954,Paint & Finishes,pcs,64,INR,Jaquar,10k catalog row 954
LRG-00955,Bulk SKU 955,Building Materials,pcs,65,INR,Asian Paints,10k catalog row 955
LRG-00956,Bulk SKU 956,Lighting & Fixtures,pcs,66,INR,Bosch,10k catalog row 956
LRG-00957,Bulk SKU 957,Timber & Wood,pcs,67,INR,3M,10k catalog row 957
LRG-00958,Bulk SKU 958,Glass & Aluminium,pcs,68,INR,Jindal,10k catalog row 958
LRG-00959,Bulk SKU 959,Sanitary Ware,pcs,69,INR,Saint-Gobain,10k catalog row 959
LRG-00960,Bulk SKU 960,Steel & Metal,pcs,70,INR,UltraTech,10k catalog row 960
LRG-00961,Bulk SKU 961,Tiles & Flooring,pcs,71,INR,Tata,10k catalog row 961
LRG-00962,Bulk SKU 962,Electrical Supplies,pcs,72,INR,Kajaria,10k catalog row 962
LRG-00963,Bulk SKU 963,Plumbing & HVAC,pcs,73,INR,Havells,10k catalog row 963
LRG-00964,Bulk SKU 964,Paint & Finishes,pcs,74,INR,Jaquar,10k catalog row 964
LRG-00965,Bulk SKU 965,Building Materials,pcs,75,INR,Asian Paints,10k catalog row 965
LRG-00966,Bulk SKU 966,Lighting & Fixtures,pcs,76,INR,Bosch,10k catalog row 966
LRG-00967,Bulk SKU 967,Timber & Wood,pcs,77,INR,3M,10k catalog row 967
LRG-00968,Bulk SKU 968,Glass & Aluminium,pcs,78,INR,Jindal,10k catalog row 968
LRG-00969,Bulk SKU 969,Sanitary Ware,pcs,79,INR,Saint-Gobain,10k catalog row 969
LRG-00970,Bulk SKU 970,Steel & Metal,pcs,80,INR,UltraTech,10k catalog row 970
LRG-00971,Bulk SKU 971,Tiles & Flooring,pcs,81,INR,Tata,10k catalog row 971
LRG-00972,Bulk SKU 972,Electrical Supplies,pcs,82,INR,Kajaria,10k catalog row 972
LRG-00973,Bulk SKU 973,Plumbing & HVAC,pcs,83,INR,Havells,10k catalog row 973
LRG-00974,Bulk SKU 974,Paint & Finishes,pcs,84,INR,Jaquar,10k catalog row 974
LRG-00975,Bulk SKU 975,Building Materials,pcs,85,INR,Asian Paints,10k catalog row 975
LRG-00976,Bulk SKU 976,Lighting & Fixtures,pcs,86,INR,Bosch,10k catalog row 976
LRG-00977,Bulk SKU 977,Timber & Wood,pcs,87,INR,3M,10k catalog row 977
LRG-00978,Bulk SKU 978,Glass & Aluminium,pcs,88,INR,Jindal,10k catalog row 978
LRG-00979,Bulk SKU 979,Sanitary Ware,pcs,89,INR,Saint-Gobain,10k catalog row 979
LRG-00980,Bulk SKU 980,Steel & Metal,pcs,90,INR,UltraTech,10k catalog row 980
LRG-00981,Bulk SKU 981,Tiles & Flooring,pcs,91,INR,Tata,10k catalog row 981
LRG-00982,Bulk SKU 982,Electrical Supplies,pcs,92,INR,Kajaria,10k catalog row 982
LRG-00983,Bulk SKU 983,Plumbing & HVAC,pcs,93,INR,Havells,10k catalog row 983
LRG-00984,Bulk SKU 984,Paint & Finishes,pcs,94,INR,Jaquar,10k catalog row 984
LRG-00985,Bulk SKU 985,Building Materials,pcs,95,INR,Asian Paints,10k catalog row 985
LRG-00986,Bulk SKU 986,Lighting & Fixtures,pcs,96,INR,Bosch,10k catalog row 986
LRG-00987,Bulk SKU 987,Timber & Wood,pcs,97,INR,3M,10k catalog row 987
LRG-00988,Bulk SKU 988,Glass & Aluminium,pcs,98,INR,Jindal,10k catalog row 988
LRG-00989,Bulk SKU 989,Sanitary Ware,pcs,99,INR,Saint-Gobain,10k catalog row 989
LRG-00990,Bulk SKU 990,Steel & Metal,pcs,100,INR,UltraTech,10k catalog row 990
LRG-00991,Bulk SKU 991,Tiles & Flooring,pcs,101,INR,Tata,10k catalog row 991
LRG-00992,Bulk SKU 992,Electrical Supplies,pcs,102,INR,Kajaria,10k catalog row 992
LRG-00993,Bulk SKU 993,Plumbing & HVAC,pcs,103,INR,Havells,10k catalog row 993
LRG-00994,Bulk SKU 994,Paint & Finishes,pcs,104,INR,Jaquar,10k catalog row 994
LRG-00995,Bulk SKU 995,Building Materials,pcs,105,INR,Asian Paints,10k catalog row 995
LRG-00996,Bulk SKU 996,Lighting & Fixtures,pcs,106,INR,Bosch,10k catalog row 996
LRG-00997,Bulk SKU 997,Timber & Wood,pcs,107,INR,3M,10k catalog row 997
LRG-00998,Bulk SKU 998,Glass & Aluminium,pcs,108,INR,Jindal,10k catalog row 998
LRG-00999,Bulk SKU 999,Sanitary Ware,pcs,109,INR,Saint-Gobain,10k catalog row 999
LRG-01000,Bulk SKU 1000,Steel & Metal,pcs,110,INR,UltraTech,10k catalog row 1000
LRG-01001,Bulk SKU 1001,Tiles & Flooring,pcs,111,INR,Tata,10k catalog row 1001
LRG-01002,Bulk SKU 1002,Electrical Supplies,pcs,112,INR,Kajaria,10k catalog row 1002
LRG-01003,Bulk SKU 1003,Plumbing & HVAC,pcs,113,INR,Havells,10k catalog row 1003
LRG-01004,Bulk SKU 1004,Paint & Finishes,pcs,114,INR,Jaquar,10k catalog row 1004
LRG-01005,Bulk SKU 1005,Building Materials,pcs,115,INR,Asian Paints,10k catalog row 1005
LRG-01006,Bulk SKU 1006,Lighting & Fixtures,pcs,116,INR,Bosch,10k catalog row 1006
LRG-01007,Bulk SKU 1007,Timber & Wood,pcs,117,INR,3M,10k catalog row 1007
LRG-01008,Bulk SKU 1008,Glass & Aluminium,pcs,118,INR,Jindal,10k catalog row 1008
LRG-01009,Bulk SKU 1009,Sanitary Ware,pcs,119,INR,Saint-Gobain,10k catalog row 1009
LRG-01010,Bulk SKU 1010,Steel & Metal,pcs,120,INR,UltraTech,10k catalog row 1010
LRG-01011,Bulk SKU 1011,Tiles & Flooring,pcs,121,INR,Tata,10k catalog row 1011
LRG-01012,Bulk SKU 1012,Electrical Supplies,pcs,122,INR,Kajaria,10k catalog row 1012
LRG-01013,Bulk SKU 1013,Plumbing & HVAC,pcs,123,INR,Havells,10k catalog row 1013
LRG-01014,Bulk SKU 1014,Paint & Finishes,pcs,124,INR,Jaquar,10k catalog row 1014
LRG-01015,Bulk SKU 1015,Building Materials,pcs,125,INR,Asian Paints,10k catalog row 1015
LRG-01016,Bulk SKU 1016,Lighting & Fixtures,pcs,126,INR,Bosch,10k catalog row 1016
LRG-01017,Bulk SKU 1017,Timber & Wood,pcs,127,INR,3M,10k catalog row 1017
LRG-01018,Bulk SKU 1018,Glass & Aluminium,pcs,128,INR,Jindal,10k catalog row 1018
LRG-01019,Bulk SKU 1019,Sanitary Ware,pcs,129,INR,Saint-Gobain,10k catalog row 1019
LRG-01020,Bulk SKU 1020,Steel & Metal,pcs,130,INR,UltraTech,10k catalog row 1020
LRG-01021,Bulk SKU 1021,Tiles & Flooring,pcs,131,INR,Tata,10k catalog row 1021
LRG-01022,Bulk SKU 1022,Electrical Supplies,pcs,132,INR,Kajaria,10k catalog row 1022
LRG-01023,Bulk SKU 1023,Plumbing & HVAC,pcs,133,INR,Havells,10k catalog row 1023
LRG-01024,Bulk SKU 1024,Paint & Finishes,pcs,134,INR,Jaquar,10k catalog row 1024
LRG-01025,Bulk SKU 1025,Building Materials,pcs,135,INR,Asian Paints,10k catalog row 1025
LRG-01026,Bulk SKU 1026,Lighting & Fixtures,pcs,136,INR,Bosch,10k catalog row 1026
LRG-01027,Bulk SKU 1027,Timber & Wood,pcs,137,INR,3M,10k catalog row 1027
LRG-01028,Bulk SKU 1028,Glass & Aluminium,pcs,138,INR,Jindal,10k catalog row 1028
LRG-01029,Bulk SKU 1029,Sanitary Ware,pcs,139,INR,Saint-Gobain,10k catalog row 1029
LRG-01030,Bulk SKU 1030,Steel & Metal,pcs,140,INR,UltraTech,10k catalog row 1030
LRG-01031,Bulk SKU 1031,Tiles & Flooring,pcs,141,INR,Tata,10k catalog row 1031
LRG-01032,Bulk SKU 1032,Electrical Supplies,pcs,142,INR,Kajaria,10k catalog row 1032
LRG-01033,Bulk SKU 1033,Plumbing & HVAC,pcs,143,INR,Havells,10k catalog row 1033
LRG-01034,Bulk SKU 1034,Paint & Finishes,pcs,144,INR,Jaquar,10k catalog row 1034
LRG-01035,Bulk SKU 1035,Building Materials,pcs,145,INR,Asian Paints,10k catalog row 1035
LRG-01036,Bulk SKU 1036,Lighting & Fixtures,pcs,146,INR,Bosch,10k catalog row 1036
LRG-01037,Bulk SKU 1037,Timber & Wood,pcs,147,INR,3M,10k catalog row 1037
LRG-01038,Bulk SKU 1038,Glass & Aluminium,pcs,148,INR,Jindal,10k catalog row 1038
LRG-01039,Bulk SKU 1039,Sanitary Ware,pcs,149,INR,Saint-Gobain,10k catalog row 1039
LRG-01040,Bulk SKU 1040,Steel & Metal,pcs,150,INR,UltraTech,10k catalog row 1040
LRG-01041,Bulk SKU 1041,Tiles & Flooring,pcs,151,INR,Tata,10k catalog row 1041
LRG-01042,Bulk SKU 1042,Electrical Supplies,pcs,152,INR,Kajaria,10k catalog row 1042
LRG-01043,Bulk SKU 1043,Plumbing & HVAC,pcs,153,INR,Havells,10k catalog row 1043
LRG-01044,Bulk SKU 1044,Paint & Finishes,pcs,154,INR,Jaquar,10k catalog row 1044
LRG-01045,Bulk SKU 1045,Building Materials,pcs,155,INR,Asian Paints,10k catalog row 1045
LRG-01046,Bulk SKU 1046,Lighting & Fixtures,pcs,156,INR,Bosch,10k catalog row 1046
LRG-01047,Bulk SKU 1047,Timber & Wood,pcs,157,INR,3M,10k catalog row 1047
LRG-01048,Bulk SKU 1048,Glass & Aluminium,pcs,158,INR,Jindal,10k catalog row 1048
LRG-01049,Bulk SKU 1049,Sanitary Ware,pcs,159,INR,Saint-Gobain,10k catalog row 1049
LRG-01050,Bulk SKU 1050,Steel & Metal,pcs,160,INR,UltraTech,10k catalog row 1050
LRG-01051,Bulk SKU 1051,Tiles & Flooring,pcs,161,INR,Tata,10k catalog row 1051
LRG-01052,Bulk SKU 1052,Electrical Supplies,pcs,162,INR,Kajaria,10k catalog row 1052
LRG-01053,Bulk SKU 1053,Plumbing & HVAC,pcs,163,INR,Havells,10k catalog row 1053
LRG-01054,Bulk SKU 1054,Paint & Finishes,pcs,164,INR,Jaquar,10k catalog row 1054
LRG-01055,Bulk SKU 1055,Building Materials,pcs,165,INR,Asian Paints,10k catalog row 1055
LRG-01056,Bulk SKU 1056,Lighting & Fixtures,pcs,166,INR,Bosch,10k catalog row 1056
LRG-01057,Bulk SKU 1057,Timber & Wood,pcs,167,INR,3M,10k catalog row 1057
LRG-01058,Bulk SKU 1058,Glass & Aluminium,pcs,168,INR,Jindal,10k catalog row 1058
LRG-01059,Bulk SKU 1059,Sanitary Ware,pcs,169,INR,Saint-Gobain,10k catalog row 1059
LRG-01060,Bulk SKU 1060,Steel & Metal,pcs,170,INR,UltraTech,10k catalog row 1060
LRG-01061,Bulk SKU 1061,Tiles & Flooring,pcs,171,INR,Tata,10k catalog row 1061
LRG-01062,Bulk SKU 1062,Electrical Supplies,pcs,172,INR,Kajaria,10k catalog row 1062
LRG-01063,Bulk SKU 1063,Plumbing & HVAC,pcs,173,INR,Havells,10k catalog row 1063
LRG-01064,Bulk SKU 1064,Paint & Finishes,pcs,174,INR,Jaquar,10k catalog row 1064
LRG-01065,Bulk SKU 1065,Building Materials,pcs,175,INR,Asian Paints,10k catalog row 1065
LRG-01066,Bulk SKU 1066,Lighting & Fixtures,pcs,176,INR,Bosch,10k catalog row 1066
LRG-01067,Bulk SKU 1067,Timber & Wood,pcs,177,INR,3M,10k catalog row 1067
LRG-01068,Bulk SKU 1068,Glass & Aluminium,pcs,178,INR,Jindal,10k catalog row 1068
LRG-01069,Bulk SKU 1069,Sanitary Ware,pcs,179,INR,Saint-Gobain,10k catalog row 1069
LRG-01070,Bulk SKU 1070,Steel & Metal,pcs,180,INR,UltraTech,10k catalog row 1070
LRG-01071,Bulk SKU 1071,Tiles & Flooring,pcs,181,INR,Tata,10k catalog row 1071
LRG-01072,Bulk SKU 1072,Electrical Supplies,pcs,182,INR,Kajaria,10k catalog row 1072
LRG-01073,Bulk SKU 1073,Plumbing & HVAC,pcs,183,INR,Havells,10k catalog row 1073
LRG-01074,Bulk SKU 1074,Paint & Finishes,pcs,184,INR,Jaquar,10k catalog row 1074
LRG-01075,Bulk SKU 1075,Building Materials,pcs,185,INR,Asian Paints,10k catalog row 1075
LRG-01076,Bulk SKU 1076,Lighting & Fixtures,pcs,186,INR,Bosch,10k catalog row 1076
LRG-01077,Bulk SKU 1077,Timber & Wood,pcs,187,INR,3M,10k catalog row 1077
LRG-01078,Bulk SKU 1078,Glass & Aluminium,pcs,188,INR,Jindal,10k catalog row 1078
LRG-01079,Bulk SKU 1079,Sanitary Ware,pcs,189,INR,Saint-Gobain,10k catalog row 1079
LRG-01080,Bulk SKU 1080,Steel & Metal,pcs,190,INR,UltraTech,10k catalog row 1080
LRG-01081,Bulk SKU 1081,Tiles & Flooring,pcs,191,INR,Tata,10k catalog row 1081
LRG-01082,Bulk SKU 1082,Electrical Supplies,pcs,192,INR,Kajaria,10k catalog row 1082
LRG-01083,Bulk SKU 1083,Plumbing & HVAC,pcs,193,INR,Havells,10k catalog row 1083
LRG-01084,Bulk SKU 1084,Paint & Finishes,pcs,194,INR,Jaquar,10k catalog row 1084
LRG-01085,Bulk SKU 1085,Building Materials,pcs,195,INR,Asian Paints,10k catalog row 1085
LRG-01086,Bulk SKU 1086,Lighting & Fixtures,pcs,196,INR,Bosch,10k catalog row 1086
LRG-01087,Bulk SKU 1087,Timber & Wood,pcs,197,INR,3M,10k catalog row 1087
LRG-01088,Bulk SKU 1088,Glass & Aluminium,pcs,198,INR,Jindal,10k catalog row 1088
LRG-01089,Bulk SKU 1089,Sanitary Ware,pcs,199,INR,Saint-Gobain,10k catalog row 1089
LRG-01090,Bulk SKU 1090,Steel & Metal,pcs,200,INR,UltraTech,10k catalog row 1090
LRG-01091,Bulk SKU 1091,Tiles & Flooring,pcs,201,INR,Tata,10k catalog row 1091
LRG-01092,Bulk SKU 1092,Electrical Supplies,pcs,202,INR,Kajaria,10k catalog row 1092
LRG-01093,Bulk SKU 1093,Plumbing & HVAC,pcs,203,INR,Havells,10k catalog row 1093
LRG-01094,Bulk SKU 1094,Paint & Finishes,pcs,204,INR,Jaquar,10k catalog row 1094
LRG-01095,Bulk SKU 1095,Building Materials,pcs,205,INR,Asian Paints,10k catalog row 1095
LRG-01096,Bulk SKU 1096,Lighting & Fixtures,pcs,206,INR,Bosch,10k catalog row 1096
LRG-01097,Bulk SKU 1097,Timber & Wood,pcs,207,INR,3M,10k catalog row 1097
LRG-01098,Bulk SKU 1098,Glass & Aluminium,pcs,208,INR,Jindal,10k catalog row 1098
LRG-01099,Bulk SKU 1099,Sanitary Ware,pcs,209,INR,Saint-Gobain,10k catalog row 1099
LRG-01100,Bulk SKU 1100,Steel & Metal,pcs,210,INR,UltraTech,10k catalog row 1100
LRG-01101,Bulk SKU 1101,Tiles & Flooring,pcs,211,INR,Tata,10k catalog row 1101
LRG-01102,Bulk SKU 1102,Electrical Supplies,pcs,212,INR,Kajaria,10k catalog row 1102
LRG-01103,Bulk SKU 1103,Plumbing & HVAC,pcs,213,INR,Havells,10k catalog row 1103
LRG-01104,Bulk SKU 1104,Paint & Finishes,pcs,214,INR,Jaquar,10k catalog row 1104
LRG-01105,Bulk SKU 1105,Building Materials,pcs,215,INR,Asian Paints,10k catalog row 1105
LRG-01106,Bulk SKU 1106,Lighting & Fixtures,pcs,216,INR,Bosch,10k catalog row 1106
LRG-01107,Bulk SKU 1107,Timber & Wood,pcs,217,INR,3M,10k catalog row 1107
LRG-01108,Bulk SKU 1108,Glass & Aluminium,pcs,218,INR,Jindal,10k catalog row 1108
LRG-01109,Bulk SKU 1109,Sanitary Ware,pcs,219,INR,Saint-Gobain,10k catalog row 1109
LRG-01110,Bulk SKU 1110,Steel & Metal,pcs,220,INR,UltraTech,10k catalog row 1110
LRG-01111,Bulk SKU 1111,Tiles & Flooring,pcs,221,INR,Tata,10k catalog row 1111
LRG-01112,Bulk SKU 1112,Electrical Supplies,pcs,222,INR,Kajaria,10k catalog row 1112
LRG-01113,Bulk SKU 1113,Plumbing & HVAC,pcs,223,INR,Havells,10k catalog row 1113
LRG-01114,Bulk SKU 1114,Paint & Finishes,pcs,224,INR,Jaquar,10k catalog row 1114
LRG-01115,Bulk SKU 1115,Building Materials,pcs,225,INR,Asian Paints,10k catalog row 1115
LRG-01116,Bulk SKU 1116,Lighting & Fixtures,pcs,226,INR,Bosch,10k catalog row 1116
LRG-01117,Bulk SKU 1117,Timber & Wood,pcs,227,INR,3M,10k catalog row 1117
LRG-01118,Bulk SKU 1118,Glass & Aluminium,pcs,228,INR,Jindal,10k catalog row 1118
LRG-01119,Bulk SKU 1119,Sanitary Ware,pcs,229,INR,Saint-Gobain,10k catalog row 1119
LRG-01120,Bulk SKU 1120,Steel & Metal,pcs,230,INR,UltraTech,10k catalog row 1120
LRG-01121,Bulk SKU 1121,Tiles & Flooring,pcs,231,INR,Tata,10k catalog row 1121
LRG-01122,Bulk SKU 1122,Electrical Supplies,pcs,232,INR,Kajaria,10k catalog row 1122
LRG-01123,Bulk SKU 1123,Plumbing & HVAC,pcs,233,INR,Havells,10k catalog row 1123
LRG-01124,Bulk SKU 1124,Paint & Finishes,pcs,234,INR,Jaquar,10k catalog row 1124
LRG-01125,Bulk SKU 1125,Building Materials,pcs,235,INR,Asian Paints,10k catalog row 1125
LRG-01126,Bulk SKU 1126,Lighting & Fixtures,pcs,236,INR,Bosch,10k catalog row 1126
LRG-01127,Bulk SKU 1127,Timber & Wood,pcs,237,INR,3M,10k catalog row 1127
LRG-01128,Bulk SKU 1128,Glass & Aluminium,pcs,238,INR,Jindal,10k catalog row 1128
LRG-01129,Bulk SKU 1129,Sanitary Ware,pcs,239,INR,Saint-Gobain,10k catalog row 1129
LRG-01130,Bulk SKU 1130,Steel & Metal,pcs,240,INR,UltraTech,10k catalog row 1130
LRG-01131,Bulk SKU 1131,Tiles & Flooring,pcs,241,INR,Tata,10k catalog row 1131
LRG-01132,Bulk SKU 1132,Electrical Supplies,pcs,242,INR,Kajaria,10k catalog row 1132
LRG-01133,Bulk SKU 1133,Plumbing & HVAC,pcs,243,INR,Havells,10k catalog row 1133
LRG-01134,Bulk SKU 1134,Paint & Finishes,pcs,244,INR,Jaquar,10k catalog row 1134
LRG-01135,Bulk SKU 1135,Building Materials,pcs,245,INR,Asian Paints,10k catalog row 1135
LRG-01136,Bulk SKU 1136,Lighting & Fixtures,pcs,246,INR,Bosch,10k catalog row 1136
LRG-01137,Bulk SKU 1137,Timber & Wood,pcs,247,INR,3M,10k catalog row 1137
LRG-01138,Bulk SKU 1138,Glass & Aluminium,pcs,248,INR,Jindal,10k catalog row 1138
LRG-01139,Bulk SKU 1139,Sanitary Ware,pcs,249,INR,Saint-Gobain,10k catalog row 1139
LRG-01140,Bulk SKU 1140,Steel & Metal,pcs,250,INR,UltraTech,10k catalog row 1140
LRG-01141,Bulk SKU 1141,Tiles & Flooring,pcs,251,INR,Tata,10k catalog row 1141
LRG-01142,Bulk SKU 1142,Electrical Supplies,pcs,252,INR,Kajaria,10k catalog row 1142
LRG-01143,Bulk SKU 1143,Plumbing & HVAC,pcs,253,INR,Havells,10k catalog row 1143
LRG-01144,Bulk SKU 1144,Paint & Finishes,pcs,254,INR,Jaquar,10k catalog row 1144
LRG-01145,Bulk SKU 1145,Building Materials,pcs,255,INR,Asian Paints,10k catalog row 1145
LRG-01146,Bulk SKU 1146,Lighting & Fixtures,pcs,256,INR,Bosch,10k catalog row 1146
LRG-01147,Bulk SKU 1147,Timber & Wood,pcs,257,INR,3M,10k catalog row 1147
LRG-01148,Bulk SKU 1148,Glass & Aluminium,pcs,258,INR,Jindal,10k catalog row 1148
LRG-01149,Bulk SKU 1149,Sanitary Ware,pcs,259,INR,Saint-Gobain,10k catalog row 1149
LRG-01150,Bulk SKU 1150,Steel & Metal,pcs,260,INR,UltraTech,10k catalog row 1150
LRG-01151,Bulk SKU 1151,Tiles & Flooring,pcs,261,INR,Tata,10k catalog row 1151
LRG-01152,Bulk SKU 1152,Electrical Supplies,pcs,262,INR,Kajaria,10k catalog row 1152
LRG-01153,Bulk SKU 1153,Plumbing & HVAC,pcs,263,INR,Havells,10k catalog row 1153
LRG-01154,Bulk SKU 1154,Paint & Finishes,pcs,264,INR,Jaquar,10k catalog row 1154
LRG-01155,Bulk SKU 1155,Building Materials,pcs,265,INR,Asian Paints,10k catalog row 1155
LRG-01156,Bulk SKU 1156,Lighting & Fixtures,pcs,266,INR,Bosch,10k catalog row 1156
LRG-01157,Bulk SKU 1157,Timber & Wood,pcs,267,INR,3M,10k catalog row 1157
LRG-01158,Bulk SKU 1158,Glass & Aluminium,pcs,268,INR,Jindal,10k catalog row 1158
LRG-01159,Bulk SKU 1159,Sanitary Ware,pcs,269,INR,Saint-Gobain,10k catalog row 1159
LRG-01160,Bulk SKU 1160,Steel & Metal,pcs,270,INR,UltraTech,10k catalog row 1160
LRG-01161,Bulk SKU 1161,Tiles & Flooring,pcs,271,INR,Tata,10k catalog row 1161
LRG-01162,Bulk SKU 1162,Electrical Supplies,pcs,272,INR,Kajaria,10k catalog row 1162
LRG-01163,Bulk SKU 1163,Plumbing & HVAC,pcs,273,INR,Havells,10k catalog row 1163
LRG-01164,Bulk SKU 1164,Paint & Finishes,pcs,274,INR,Jaquar,10k catalog row 1164
LRG-01165,Bulk SKU 1165,Building Materials,pcs,275,INR,Asian Paints,10k catalog row 1165
LRG-01166,Bulk SKU 1166,Lighting & Fixtures,pcs,276,INR,Bosch,10k catalog row 1166
LRG-01167,Bulk SKU 1167,Timber & Wood,pcs,277,INR,3M,10k catalog row 1167
LRG-01168,Bulk SKU 1168,Glass & Aluminium,pcs,278,INR,Jindal,10k catalog row 1168
LRG-01169,Bulk SKU 1169,Sanitary Ware,pcs,279,INR,Saint-Gobain,10k catalog row 1169
LRG-01170,Bulk SKU 1170,Steel & Metal,pcs,280,INR,UltraTech,10k catalog row 1170
LRG-01171,Bulk SKU 1171,Tiles & Flooring,pcs,281,INR,Tata,10k catalog row 1171
LRG-01172,Bulk SKU 1172,Electrical Supplies,pcs,282,INR,Kajaria,10k catalog row 1172
LRG-01173,Bulk SKU 1173,Plumbing & HVAC,pcs,283,INR,Havells,10k catalog row 1173
LRG-01174,Bulk SKU 1174,Paint & Finishes,pcs,284,INR,Jaquar,10k catalog row 1174
LRG-01175,Bulk SKU 1175,Building Materials,pcs,285,INR,Asian Paints,10k catalog row 1175
LRG-01176,Bulk SKU 1176,Lighting & Fixtures,pcs,286,INR,Bosch,10k catalog row 1176
LRG-01177,Bulk SKU 1177,Timber & Wood,pcs,287,INR,3M,10k catalog row 1177
LRG-01178,Bulk SKU 1178,Glass & Aluminium,pcs,288,INR,Jindal,10k catalog row 1178
LRG-01179,Bulk SKU 1179,Sanitary Ware,pcs,289,INR,Saint-Gobain,10k catalog row 1179
LRG-01180,Bulk SKU 1180,Steel & Metal,pcs,290,INR,UltraTech,10k catalog row 1180
LRG-01181,Bulk SKU 1181,Tiles & Flooring,pcs,291,INR,Tata,10k catalog row 1181
LRG-01182,Bulk SKU 1182,Electrical Supplies,pcs,292,INR,Kajaria,10k catalog row 1182
LRG-01183,Bulk SKU 1183,Plumbing & HVAC,pcs,293,INR,Havells,10k catalog row 1183
LRG-01184,Bulk SKU 1184,Paint & Finishes,pcs,294,INR,Jaquar,10k catalog row 1184
LRG-01185,Bulk SKU 1185,Building Materials,pcs,295,INR,Asian Paints,10k catalog row 1185
LRG-01186,Bulk SKU 1186,Lighting & Fixtures,pcs,296,INR,Bosch,10k catalog row 1186
LRG-01187,Bulk SKU 1187,Timber & Wood,pcs,297,INR,3M,10k catalog row 1187
LRG-01188,Bulk SKU 1188,Glass & Aluminium,pcs,298,INR,Jindal,10k catalog row 1188
LRG-01189,Bulk SKU 1189,Sanitary Ware,pcs,299,INR,Saint-Gobain,10k catalog row 1189
LRG-01190,Bulk SKU 1190,Steel & Metal,pcs,300,INR,UltraTech,10k catalog row 1190
LRG-01191,Bulk SKU 1191,Tiles & Flooring,pcs,301,INR,Tata,10k catalog row 1191
LRG-01192,Bulk SKU 1192,Electrical Supplies,pcs,302,INR,Kajaria,10k catalog row 1192
LRG-01193,Bulk SKU 1193,Plumbing & HVAC,pcs,303,INR,Havells,10k catalog row 1193
LRG-01194,Bulk SKU 1194,Paint & Finishes,pcs,304,INR,Jaquar,10k catalog row 1194
LRG-01195,Bulk SKU 1195,Building Materials,pcs,305,INR,Asian Paints,10k catalog row 1195
LRG-01196,Bulk SKU 1196,Lighting & Fixtures,pcs,306,INR,Bosch,10k catalog row 1196
LRG-01197,Bulk SKU 1197,Timber & Wood,pcs,307,INR,3M,10k catalog row 1197
LRG-01198,Bulk SKU 1198,Glass & Aluminium,pcs,308,INR,Jindal,10k catalog row 1198
LRG-01199,Bulk SKU 1199,Sanitary Ware,pcs,309,INR,Saint-Gobain,10k catalog row 1199
LRG-01200,Bulk SKU 1200,Steel & Metal,pcs,310,INR,UltraTech,10k catalog row 1200
LRG-01201,Bulk SKU 1201,Tiles & Flooring,pcs,311,INR,Tata,10k catalog row 1201
LRG-01202,Bulk SKU 1202,Electrical Supplies,pcs,312,INR,Kajaria,10k catalog row 1202
LRG-01203,Bulk SKU 1203,Plumbing & HVAC,pcs,313,INR,Havells,10k catalog row 1203
LRG-01204,Bulk SKU 1204,Paint & Finishes,pcs,314,INR,Jaquar,10k catalog row 1204
LRG-01205,Bulk SKU 1205,Building Materials,pcs,315,INR,Asian Paints,10k catalog row 1205
LRG-01206,Bulk SKU 1206,Lighting & Fixtures,pcs,316,INR,Bosch,10k catalog row 1206
LRG-01207,Bulk SKU 1207,Timber & Wood,pcs,317,INR,3M,10k catalog row 1207
LRG-01208,Bulk SKU 1208,Glass & Aluminium,pcs,318,INR,Jindal,10k catalog row 1208
LRG-01209,Bulk SKU 1209,Sanitary Ware,pcs,319,INR,Saint-Gobain,10k catalog row 1209
LRG-01210,Bulk SKU 1210,Steel & Metal,pcs,320,INR,UltraTech,10k catalog row 1210
LRG-01211,Bulk SKU 1211,Tiles & Flooring,pcs,321,INR,Tata,10k catalog row 1211
LRG-01212,Bulk SKU 1212,Electrical Supplies,pcs,322,INR,Kajaria,10k catalog row 1212
LRG-01213,Bulk SKU 1213,Plumbing & HVAC,pcs,323,INR,Havells,10k catalog row 1213
LRG-01214,Bulk SKU 1214,Paint & Finishes,pcs,324,INR,Jaquar,10k catalog row 1214
LRG-01215,Bulk SKU 1215,Building Materials,pcs,325,INR,Asian Paints,10k catalog row 1215
LRG-01216,Bulk SKU 1216,Lighting & Fixtures,pcs,326,INR,Bosch,10k catalog row 1216
LRG-01217,Bulk SKU 1217,Timber & Wood,pcs,327,INR,3M,10k catalog row 1217
LRG-01218,Bulk SKU 1218,Glass & Aluminium,pcs,328,INR,Jindal,10k catalog row 1218
LRG-01219,Bulk SKU 1219,Sanitary Ware,pcs,329,INR,Saint-Gobain,10k catalog row 1219
LRG-01220,Bulk SKU 1220,Steel & Metal,pcs,330,INR,UltraTech,10k catalog row 1220
LRG-01221,Bulk SKU 1221,Tiles & Flooring,pcs,331,INR,Tata,10k catalog row 1221
LRG-01222,Bulk SKU 1222,Electrical Supplies,pcs,332,INR,Kajaria,10k catalog row 1222
LRG-01223,Bulk SKU 1223,Plumbing & HVAC,pcs,333,INR,Havells,10k catalog row 1223
LRG-01224,Bulk SKU 1224,Paint & Finishes,pcs,334,INR,Jaquar,10k catalog row 1224
LRG-01225,Bulk SKU 1225,Building Materials,pcs,335,INR,Asian Paints,10k catalog row 1225
LRG-01226,Bulk SKU 1226,Lighting & Fixtures,pcs,336,INR,Bosch,10k catalog row 1226
LRG-01227,Bulk SKU 1227,Timber & Wood,pcs,337,INR,3M,10k catalog row 1227
LRG-01228,Bulk SKU 1228,Glass & Aluminium,pcs,338,INR,Jindal,10k catalog row 1228
LRG-01229,Bulk SKU 1229,Sanitary Ware,pcs,339,INR,Saint-Gobain,10k catalog row 1229
LRG-01230,Bulk SKU 1230,Steel & Metal,pcs,340,INR,UltraTech,10k catalog row 1230
LRG-01231,Bulk SKU 1231,Tiles & Flooring,pcs,341,INR,Tata,10k catalog row 1231
LRG-01232,Bulk SKU 1232,Electrical Supplies,pcs,342,INR,Kajaria,10k catalog row 1232
LRG-01233,Bulk SKU 1233,Plumbing & HVAC,pcs,343,INR,Havells,10k catalog row 1233
LRG-01234,Bulk SKU 1234,Paint & Finishes,pcs,344,INR,Jaquar,10k catalog row 1234
LRG-01235,Bulk SKU 1235,Building Materials,pcs,345,INR,Asian Paints,10k catalog row 1235
LRG-01236,Bulk SKU 1236,Lighting & Fixtures,pcs,346,INR,Bosch,10k catalog row 1236
LRG-01237,Bulk SKU 1237,Timber & Wood,pcs,347,INR,3M,10k catalog row 1237
LRG-01238,Bulk SKU 1238,Glass & Aluminium,pcs,348,INR,Jindal,10k catalog row 1238
LRG-01239,Bulk SKU 1239,Sanitary Ware,pcs,349,INR,Saint-Gobain,10k catalog row 1239
LRG-01240,Bulk SKU 1240,Steel & Metal,pcs,350,INR,UltraTech,10k catalog row 1240
LRG-01241,Bulk SKU 1241,Tiles & Flooring,pcs,351,INR,Tata,10k catalog row 1241
LRG-01242,Bulk SKU 1242,Electrical Supplies,pcs,352,INR,Kajaria,10k catalog row 1242
LRG-01243,Bulk SKU 1243,Plumbing & HVAC,pcs,353,INR,Havells,10k catalog row 1243
LRG-01244,Bulk SKU 1244,Paint & Finishes,pcs,354,INR,Jaquar,10k catalog row 1244
LRG-01245,Bulk SKU 1245,Building Materials,pcs,355,INR,Asian Paints,10k catalog row 1245
LRG-01246,Bulk SKU 1246,Lighting & Fixtures,pcs,356,INR,Bosch,10k catalog row 1246
LRG-01247,Bulk SKU 1247,Timber & Wood,pcs,357,INR,3M,10k catalog row 1247
LRG-01248,Bulk SKU 1248,Glass & Aluminium,pcs,358,INR,Jindal,10k catalog row 1248
LRG-01249,Bulk SKU 1249,Sanitary Ware,pcs,359,INR,Saint-Gobain,10k catalog row 1249
LRG-01250,Bulk SKU 1250,Steel & Metal,pcs,360,INR,UltraTech,10k catalog row 1250
LRG-01251,Bulk SKU 1251,Tiles & Flooring,pcs,361,INR,Tata,10k catalog row 1251
LRG-01252,Bulk SKU 1252,Electrical Supplies,pcs,362,INR,Kajaria,10k catalog row 1252
LRG-01253,Bulk SKU 1253,Plumbing & HVAC,pcs,363,INR,Havells,10k catalog row 1253
LRG-01254,Bulk SKU 1254,Paint & Finishes,pcs,364,INR,Jaquar,10k catalog row 1254
LRG-01255,Bulk SKU 1255,Building Materials,pcs,365,INR,Asian Paints,10k catalog row 1255
LRG-01256,Bulk SKU 1256,Lighting & Fixtures,pcs,366,INR,Bosch,10k catalog row 1256
LRG-01257,Bulk SKU 1257,Timber & Wood,pcs,367,INR,3M,10k catalog row 1257
LRG-01258,Bulk SKU 1258,Glass & Aluminium,pcs,368,INR,Jindal,10k catalog row 1258
LRG-01259,Bulk SKU 1259,Sanitary Ware,pcs,369,INR,Saint-Gobain,10k catalog row 1259
LRG-01260,Bulk SKU 1260,Steel & Metal,pcs,370,INR,UltraTech,10k catalog row 1260
LRG-01261,Bulk SKU 1261,Tiles & Flooring,pcs,371,INR,Tata,10k catalog row 1261
LRG-01262,Bulk SKU 1262,Electrical Supplies,pcs,372,INR,Kajaria,10k catalog row 1262
LRG-01263,Bulk SKU 1263,Plumbing & HVAC,pcs,373,INR,Havells,10k catalog row 1263
LRG-01264,Bulk SKU 1264,Paint & Finishes,pcs,374,INR,Jaquar,10k catalog row 1264
LRG-01265,Bulk SKU 1265,Building Materials,pcs,375,INR,Asian Paints,10k catalog row 1265
LRG-01266,Bulk SKU 1266,Lighting & Fixtures,pcs,376,INR,Bosch,10k catalog row 1266
LRG-01267,Bulk SKU 1267,Timber & Wood,pcs,377,INR,3M,10k catalog row 1267
LRG-01268,Bulk SKU 1268,Glass & Aluminium,pcs,378,INR,Jindal,10k catalog row 1268
LRG-01269,Bulk SKU 1269,Sanitary Ware,pcs,379,INR,Saint-Gobain,10k catalog row 1269
LRG-01270,Bulk SKU 1270,Steel & Metal,pcs,380,INR,UltraTech,10k catalog row 1270
LRG-01271,Bulk SKU 1271,Tiles & Flooring,pcs,381,INR,Tata,10k catalog row 1271
LRG-01272,Bulk SKU 1272,Electrical Supplies,pcs,382,INR,Kajaria,10k catalog row 1272
LRG-01273,Bulk SKU 1273,Plumbing & HVAC,pcs,383,INR,Havells,10k catalog row 1273
LRG-01274,Bulk SKU 1274,Paint & Finishes,pcs,384,INR,Jaquar,10k catalog row 1274
LRG-01275,Bulk SKU 1275,Building Materials,pcs,385,INR,Asian Paints,10k catalog row 1275
LRG-01276,Bulk SKU 1276,Lighting & Fixtures,pcs,386,INR,Bosch,10k catalog row 1276
LRG-01277,Bulk SKU 1277,Timber & Wood,pcs,387,INR,3M,10k catalog row 1277
LRG-01278,Bulk SKU 1278,Glass & Aluminium,pcs,388,INR,Jindal,10k catalog row 1278
LRG-01279,Bulk SKU 1279,Sanitary Ware,pcs,389,INR,Saint-Gobain,10k catalog row 1279
LRG-01280,Bulk SKU 1280,Steel & Metal,pcs,390,INR,UltraTech,10k catalog row 1280
LRG-01281,Bulk SKU 1281,Tiles & Flooring,pcs,391,INR,Tata,10k catalog row 1281
LRG-01282,Bulk SKU 1282,Electrical Supplies,pcs,392,INR,Kajaria,10k catalog row 1282
LRG-01283,Bulk SKU 1283,Plumbing & HVAC,pcs,393,INR,Havells,10k catalog row 1283
LRG-01284,Bulk SKU 1284,Paint & Finishes,pcs,394,INR,Jaquar,10k catalog row 1284
LRG-01285,Bulk SKU 1285,Building Materials,pcs,395,INR,Asian Paints,10k catalog row 1285
LRG-01286,Bulk SKU 1286,Lighting & Fixtures,pcs,396,INR,Bosch,10k catalog row 1286
LRG-01287,Bulk SKU 1287,Timber & Wood,pcs,397,INR,3M,10k catalog row 1287
LRG-01288,Bulk SKU 1288,Glass & Aluminium,pcs,398,INR,Jindal,10k catalog row 1288
LRG-01289,Bulk SKU 1289,Sanitary Ware,pcs,399,INR,Saint-Gobain,10k catalog row 1289
LRG-01290,Bulk SKU 1290,Steel & Metal,pcs,400,INR,UltraTech,10k catalog row 1290
LRG-01291,Bulk SKU 1291,Tiles & Flooring,pcs,401,INR,Tata,10k catalog row 1291
LRG-01292,Bulk SKU 1292,Electrical Supplies,pcs,402,INR,Kajaria,10k catalog row 1292
LRG-01293,Bulk SKU 1293,Plumbing & HVAC,pcs,403,INR,Havells,10k catalog row 1293
LRG-01294,Bulk SKU 1294,Paint & Finishes,pcs,404,INR,Jaquar,10k catalog row 1294
LRG-01295,Bulk SKU 1295,Building Materials,pcs,405,INR,Asian Paints,10k catalog row 1295
LRG-01296,Bulk SKU 1296,Lighting & Fixtures,pcs,406,INR,Bosch,10k catalog row 1296
LRG-01297,Bulk SKU 1297,Timber & Wood,pcs,407,INR,3M,10k catalog row 1297
LRG-01298,Bulk SKU 1298,Glass & Aluminium,pcs,408,INR,Jindal,10k catalog row 1298
LRG-01299,Bulk SKU 1299,Sanitary Ware,pcs,409,INR,Saint-Gobain,10k catalog row 1299
LRG-01300,Bulk SKU 1300,Steel & Metal,pcs,410,INR,UltraTech,10k catalog row 1300
LRG-01301,Bulk SKU 1301,Tiles & Flooring,pcs,411,INR,Tata,10k catalog row 1301
LRG-01302,Bulk SKU 1302,Electrical Supplies,pcs,412,INR,Kajaria,10k catalog row 1302
LRG-01303,Bulk SKU 1303,Plumbing & HVAC,pcs,413,INR,Havells,10k catalog row 1303
LRG-01304,Bulk SKU 1304,Paint & Finishes,pcs,414,INR,Jaquar,10k catalog row 1304
LRG-01305,Bulk SKU 1305,Building Materials,pcs,415,INR,Asian Paints,10k catalog row 1305
LRG-01306,Bulk SKU 1306,Lighting & Fixtures,pcs,416,INR,Bosch,10k catalog row 1306
LRG-01307,Bulk SKU 1307,Timber & Wood,pcs,417,INR,3M,10k catalog row 1307
LRG-01308,Bulk SKU 1308,Glass & Aluminium,pcs,418,INR,Jindal,10k catalog row 1308
LRG-01309,Bulk SKU 1309,Sanitary Ware,pcs,419,INR,Saint-Gobain,10k catalog row 1309
LRG-01310,Bulk SKU 1310,Steel & Metal,pcs,420,INR,UltraTech,10k catalog row 1310
LRG-01311,Bulk SKU 1311,Tiles & Flooring,pcs,421,INR,Tata,10k catalog row 1311
LRG-01312,Bulk SKU 1312,Electrical Supplies,pcs,422,INR,Kajaria,10k catalog row 1312
LRG-01313,Bulk SKU 1313,Plumbing & HVAC,pcs,423,INR,Havells,10k catalog row 1313
LRG-01314,Bulk SKU 1314,Paint & Finishes,pcs,424,INR,Jaquar,10k catalog row 1314
LRG-01315,Bulk SKU 1315,Building Materials,pcs,425,INR,Asian Paints,10k catalog row 1315
LRG-01316,Bulk SKU 1316,Lighting & Fixtures,pcs,426,INR,Bosch,10k catalog row 1316
LRG-01317,Bulk SKU 1317,Timber & Wood,pcs,427,INR,3M,10k catalog row 1317
LRG-01318,Bulk SKU 1318,Glass & Aluminium,pcs,428,INR,Jindal,10k catalog row 1318
LRG-01319,Bulk SKU 1319,Sanitary Ware,pcs,429,INR,Saint-Gobain,10k catalog row 1319
LRG-01320,Bulk SKU 1320,Steel & Metal,pcs,430,INR,UltraTech,10k catalog row 1320
LRG-01321,Bulk SKU 1321,Tiles & Flooring,pcs,431,INR,Tata,10k catalog row 1321
LRG-01322,Bulk SKU 1322,Electrical Supplies,pcs,432,INR,Kajaria,10k catalog row 1322
LRG-01323,Bulk SKU 1323,Plumbing & HVAC,pcs,433,INR,Havells,10k catalog row 1323
LRG-01324,Bulk SKU 1324,Paint & Finishes,pcs,434,INR,Jaquar,10k catalog row 1324
LRG-01325,Bulk SKU 1325,Building Materials,pcs,435,INR,Asian Paints,10k catalog row 1325
LRG-01326,Bulk SKU 1326,Lighting & Fixtures,pcs,436,INR,Bosch,10k catalog row 1326
LRG-01327,Bulk SKU 1327,Timber & Wood,pcs,437,INR,3M,10k catalog row 1327
LRG-01328,Bulk SKU 1328,Glass & Aluminium,pcs,438,INR,Jindal,10k catalog row 1328
LRG-01329,Bulk SKU 1329,Sanitary Ware,pcs,439,INR,Saint-Gobain,10k catalog row 1329
LRG-01330,Bulk SKU 1330,Steel & Metal,pcs,440,INR,UltraTech,10k catalog row 1330
LRG-01331,Bulk SKU 1331,Tiles & Flooring,pcs,441,INR,Tata,10k catalog row 1331
LRG-01332,Bulk SKU 1332,Electrical Supplies,pcs,442,INR,Kajaria,10k catalog row 1332
LRG-01333,Bulk SKU 1333,Plumbing & HVAC,pcs,443,INR,Havells,10k catalog row 1333
LRG-01334,Bulk SKU 1334,Paint & Finishes,pcs,444,INR,Jaquar,10k catalog row 1334
LRG-01335,Bulk SKU 1335,Building Materials,pcs,445,INR,Asian Paints,10k catalog row 1335
LRG-01336,Bulk SKU 1336,Lighting & Fixtures,pcs,446,INR,Bosch,10k catalog row 1336
LRG-01337,Bulk SKU 1337,Timber & Wood,pcs,447,INR,3M,10k catalog row 1337
LRG-01338,Bulk SKU 1338,Glass & Aluminium,pcs,448,INR,Jindal,10k catalog row 1338
LRG-01339,Bulk SKU 1339,Sanitary Ware,pcs,449,INR,Saint-Gobain,10k catalog row 1339
LRG-01340,Bulk SKU 1340,Steel & Metal,pcs,450,INR,UltraTech,10k catalog row 1340
LRG-01341,Bulk SKU 1341,Tiles & Flooring,pcs,451,INR,Tata,10k catalog row 1341
LRG-01342,Bulk SKU 1342,Electrical Supplies,pcs,452,INR,Kajaria,10k catalog row 1342
LRG-01343,Bulk SKU 1343,Plumbing & HVAC,pcs,453,INR,Havells,10k catalog row 1343
LRG-01344,Bulk SKU 1344,Paint & Finishes,pcs,454,INR,Jaquar,10k catalog row 1344
LRG-01345,Bulk SKU 1345,Building Materials,pcs,455,INR,Asian Paints,10k catalog row 1345
LRG-01346,Bulk SKU 1346,Lighting & Fixtures,pcs,456,INR,Bosch,10k catalog row 1346
LRG-01347,Bulk SKU 1347,Timber & Wood,pcs,457,INR,3M,10k catalog row 1347
LRG-01348,Bulk SKU 1348,Glass & Aluminium,pcs,458,INR,Jindal,10k catalog row 1348
LRG-01349,Bulk SKU 1349,Sanitary Ware,pcs,459,INR,Saint-Gobain,10k catalog row 1349
LRG-01350,Bulk SKU 1350,Steel & Metal,pcs,460,INR,UltraTech,10k catalog row 1350
LRG-01351,Bulk SKU 1351,Tiles & Flooring,pcs,461,INR,Tata,10k catalog row 1351
LRG-01352,Bulk SKU 1352,Electrical Supplies,pcs,462,INR,Kajaria,10k catalog row 1352
LRG-01353,Bulk SKU 1353,Plumbing & HVAC,pcs,463,INR,Havells,10k catalog row 1353
LRG-01354,Bulk SKU 1354,Paint & Finishes,pcs,464,INR,Jaquar,10k catalog row 1354
LRG-01355,Bulk SKU 1355,Building Materials,pcs,465,INR,Asian Paints,10k catalog row 1355
LRG-01356,Bulk SKU 1356,Lighting & Fixtures,pcs,466,INR,Bosch,10k catalog row 1356
LRG-01357,Bulk SKU 1357,Timber & Wood,pcs,467,INR,3M,10k catalog row 1357
LRG-01358,Bulk SKU 1358,Glass & Aluminium,pcs,468,INR,Jindal,10k catalog row 1358
LRG-01359,Bulk SKU 1359,Sanitary Ware,pcs,469,INR,Saint-Gobain,10k catalog row 1359
LRG-01360,Bulk SKU 1360,Steel & Metal,pcs,470,INR,UltraTech,10k catalog row 1360
LRG-01361,Bulk SKU 1361,Tiles & Flooring,pcs,471,INR,Tata,10k catalog row 1361
LRG-01362,Bulk SKU 1362,Electrical Supplies,pcs,472,INR,Kajaria,10k catalog row 1362
LRG-01363,Bulk SKU 1363,Plumbing & HVAC,pcs,473,INR,Havells,10k catalog row 1363
LRG-01364,Bulk SKU 1364,Paint & Finishes,pcs,474,INR,Jaquar,10k catalog row 1364
LRG-01365,Bulk SKU 1365,Building Materials,pcs,475,INR,Asian Paints,10k catalog row 1365
LRG-01366,Bulk SKU 1366,Lighting & Fixtures,pcs,476,INR,Bosch,10k catalog row 1366
LRG-01367,Bulk SKU 1367,Timber & Wood,pcs,477,INR,3M,10k catalog row 1367
LRG-01368,Bulk SKU 1368,Glass & Aluminium,pcs,478,INR,Jindal,10k catalog row 1368
LRG-01369,Bulk SKU 1369,Sanitary Ware,pcs,479,INR,Saint-Gobain,10k catalog row 1369
LRG-01370,Bulk SKU 1370,Steel & Metal,pcs,480,INR,UltraTech,10k catalog row 1370
LRG-01371,Bulk SKU 1371,Tiles & Flooring,pcs,481,INR,Tata,10k catalog row 1371
LRG-01372,Bulk SKU 1372,Electrical Supplies,pcs,482,INR,Kajaria,10k catalog row 1372
LRG-01373,Bulk SKU 1373,Plumbing & HVAC,pcs,483,INR,Havells,10k catalog row 1373
LRG-01374,Bulk SKU 1374,Paint & Finishes,pcs,484,INR,Jaquar,10k catalog row 1374
LRG-01375,Bulk SKU 1375,Building Materials,pcs,485,INR,Asian Paints,10k catalog row 1375
LRG-01376,Bulk SKU 1376,Lighting & Fixtures,pcs,486,INR,Bosch,10k catalog row 1376
LRG-01377,Bulk SKU 1377,Timber & Wood,pcs,487,INR,3M,10k catalog row 1377
LRG-01378,Bulk SKU 1378,Glass & Aluminium,pcs,488,INR,Jindal,10k catalog row 1378
LRG-01379,Bulk SKU 1379,Sanitary Ware,pcs,489,INR,Saint-Gobain,10k catalog row 1379
LRG-01380,Bulk SKU 1380,Steel & Metal,pcs,490,INR,UltraTech,10k catalog row 1380
LRG-01381,Bulk SKU 1381,Tiles & Flooring,pcs,491,INR,Tata,10k catalog row 1381
LRG-01382,Bulk SKU 1382,Electrical Supplies,pcs,492,INR,Kajaria,10k catalog row 1382
LRG-01383,Bulk SKU 1383,Plumbing & HVAC,pcs,493,INR,Havells,10k catalog row 1383
LRG-01384,Bulk SKU 1384,Paint & Finishes,pcs,494,INR,Jaquar,10k catalog row 1384
LRG-01385,Bulk SKU 1385,Building Materials,pcs,495,INR,Asian Paints,10k catalog row 1385
LRG-01386,Bulk SKU 1386,Lighting & Fixtures,pcs,496,INR,Bosch,10k catalog row 1386
LRG-01387,Bulk SKU 1387,Timber & Wood,pcs,497,INR,3M,10k catalog row 1387
LRG-01388,Bulk SKU 1388,Glass & Aluminium,pcs,498,INR,Jindal,10k catalog row 1388
LRG-01389,Bulk SKU 1389,Sanitary Ware,pcs,499,INR,Saint-Gobain,10k catalog row 1389
LRG-01390,Bulk SKU 1390,Steel & Metal,pcs,500,INR,UltraTech,10k catalog row 1390
LRG-01391,Bulk SKU 1391,Tiles & Flooring,pcs,501,INR,Tata,10k catalog row 1391
LRG-01392,Bulk SKU 1392,Electrical Supplies,pcs,502,INR,Kajaria,10k catalog row 1392
LRG-01393,Bulk SKU 1393,Plumbing & HVAC,pcs,503,INR,Havells,10k catalog row 1393
LRG-01394,Bulk SKU 1394,Paint & Finishes,pcs,504,INR,Jaquar,10k catalog row 1394
LRG-01395,Bulk SKU 1395,Building Materials,pcs,505,INR,Asian Paints,10k catalog row 1395
LRG-01396,Bulk SKU 1396,Lighting & Fixtures,pcs,506,INR,Bosch,10k catalog row 1396
LRG-01397,Bulk SKU 1397,Timber & Wood,pcs,507,INR,3M,10k catalog row 1397
LRG-01398,Bulk SKU 1398,Glass & Aluminium,pcs,508,INR,Jindal,10k catalog row 1398
LRG-01399,Bulk SKU 1399,Sanitary Ware,pcs,509,INR,Saint-Gobain,10k catalog row 1399
LRG-01400,Bulk SKU 1400,Steel & Metal,pcs,510,INR,UltraTech,10k catalog row 1400
LRG-01401,Bulk SKU 1401,Tiles & Flooring,pcs,511,INR,Tata,10k catalog row 1401
LRG-01402,Bulk SKU 1402,Electrical Supplies,pcs,512,INR,Kajaria,10k catalog row 1402
LRG-01403,Bulk SKU 1403,Plumbing & HVAC,pcs,513,INR,Havells,10k catalog row 1403
LRG-01404,Bulk SKU 1404,Paint & Finishes,pcs,514,INR,Jaquar,10k catalog row 1404
LRG-01405,Bulk SKU 1405,Building Materials,pcs,515,INR,Asian Paints,10k catalog row 1405
LRG-01406,Bulk SKU 1406,Lighting & Fixtures,pcs,516,INR,Bosch,10k catalog row 1406
LRG-01407,Bulk SKU 1407,Timber & Wood,pcs,517,INR,3M,10k catalog row 1407
LRG-01408,Bulk SKU 1408,Glass & Aluminium,pcs,518,INR,Jindal,10k catalog row 1408
LRG-01409,Bulk SKU 1409,Sanitary Ware,pcs,519,INR,Saint-Gobain,10k catalog row 1409
LRG-01410,Bulk SKU 1410,Steel & Metal,pcs,520,INR,UltraTech,10k catalog row 1410
LRG-01411,Bulk SKU 1411,Tiles & Flooring,pcs,521,INR,Tata,10k catalog row 1411
LRG-01412,Bulk SKU 1412,Electrical Supplies,pcs,522,INR,Kajaria,10k catalog row 1412
LRG-01413,Bulk SKU 1413,Plumbing & HVAC,pcs,523,INR,Havells,10k catalog row 1413
LRG-01414,Bulk SKU 1414,Paint & Finishes,pcs,524,INR,Jaquar,10k catalog row 1414
LRG-01415,Bulk SKU 1415,Building Materials,pcs,525,INR,Asian Paints,10k catalog row 1415
LRG-01416,Bulk SKU 1416,Lighting & Fixtures,pcs,526,INR,Bosch,10k catalog row 1416
LRG-01417,Bulk SKU 1417,Timber & Wood,pcs,527,INR,3M,10k catalog row 1417
LRG-01418,Bulk SKU 1418,Glass & Aluminium,pcs,528,INR,Jindal,10k catalog row 1418
LRG-01419,Bulk SKU 1419,Sanitary Ware,pcs,529,INR,Saint-Gobain,10k catalog row 1419
LRG-01420,Bulk SKU 1420,Steel & Metal,pcs,530,INR,UltraTech,10k catalog row 1420
LRG-01421,Bulk SKU 1421,Tiles & Flooring,pcs,531,INR,Tata,10k catalog row 1421
LRG-01422,Bulk SKU 1422,Electrical Supplies,pcs,532,INR,Kajaria,10k catalog row 1422
LRG-01423,Bulk SKU 1423,Plumbing & HVAC,pcs,533,INR,Havells,10k catalog row 1423
LRG-01424,Bulk SKU 1424,Paint & Finishes,pcs,534,INR,Jaquar,10k catalog row 1424
LRG-01425,Bulk SKU 1425,Building Materials,pcs,535,INR,Asian Paints,10k catalog row 1425
LRG-01426,Bulk SKU 1426,Lighting & Fixtures,pcs,536,INR,Bosch,10k catalog row 1426
LRG-01427,Bulk SKU 1427,Timber & Wood,pcs,537,INR,3M,10k catalog row 1427
LRG-01428,Bulk SKU 1428,Glass & Aluminium,pcs,538,INR,Jindal,10k catalog row 1428
LRG-01429,Bulk SKU 1429,Sanitary Ware,pcs,539,INR,Saint-Gobain,10k catalog row 1429
LRG-01430,Bulk SKU 1430,Steel & Metal,pcs,540,INR,UltraTech,10k catalog row 1430
LRG-01431,Bulk SKU 1431,Tiles & Flooring,pcs,541,INR,Tata,10k catalog row 1431
LRG-01432,Bulk SKU 1432,Electrical Supplies,pcs,542,INR,Kajaria,10k catalog row 1432
LRG-01433,Bulk SKU 1433,Plumbing & HVAC,pcs,543,INR,Havells,10k catalog row 1433
LRG-01434,Bulk SKU 1434,Paint & Finishes,pcs,544,INR,Jaquar,10k catalog row 1434
LRG-01435,Bulk SKU 1435,Building Materials,pcs,545,INR,Asian Paints,10k catalog row 1435
LRG-01436,Bulk SKU 1436,Lighting & Fixtures,pcs,546,INR,Bosch,10k catalog row 1436
LRG-01437,Bulk SKU 1437,Timber & Wood,pcs,547,INR,3M,10k catalog row 1437
LRG-01438,Bulk SKU 1438,Glass & Aluminium,pcs,548,INR,Jindal,10k catalog row 1438
LRG-01439,Bulk SKU 1439,Sanitary Ware,pcs,549,INR,Saint-Gobain,10k catalog row 1439
LRG-01440,Bulk SKU 1440,Steel & Metal,pcs,550,INR,UltraTech,10k catalog row 1440
LRG-01441,Bulk SKU 1441,Tiles & Flooring,pcs,551,INR,Tata,10k catalog row 1441
LRG-01442,Bulk SKU 1442,Electrical Supplies,pcs,552,INR,Kajaria,10k catalog row 1442
LRG-01443,Bulk SKU 1443,Plumbing & HVAC,pcs,553,INR,Havells,10k catalog row 1443
LRG-01444,Bulk SKU 1444,Paint & Finishes,pcs,554,INR,Jaquar,10k catalog row 1444
LRG-01445,Bulk SKU 1445,Building Materials,pcs,555,INR,Asian Paints,10k catalog row 1445
LRG-01446,Bulk SKU 1446,Lighting & Fixtures,pcs,556,INR,Bosch,10k catalog row 1446
LRG-01447,Bulk SKU 1447,Timber & Wood,pcs,557,INR,3M,10k catalog row 1447
LRG-01448,Bulk SKU 1448,Glass & Aluminium,pcs,558,INR,Jindal,10k catalog row 1448
LRG-01449,Bulk SKU 1449,Sanitary Ware,pcs,559,INR,Saint-Gobain,10k catalog row 1449
LRG-01450,Bulk SKU 1450,Steel & Metal,pcs,560,INR,UltraTech,10k catalog row 1450
LRG-01451,Bulk SKU 1451,Tiles & Flooring,pcs,561,INR,Tata,10k catalog row 1451
LRG-01452,Bulk SKU 1452,Electrical Supplies,pcs,562,INR,Kajaria,10k catalog row 1452
LRG-01453,Bulk SKU 1453,Plumbing & HVAC,pcs,563,INR,Havells,10k catalog row 1453
LRG-01454,Bulk SKU 1454,Paint & Finishes,pcs,564,INR,Jaquar,10k catalog row 1454
LRG-01455,Bulk SKU 1455,Building Materials,pcs,565,INR,Asian Paints,10k catalog row 1455
LRG-01456,Bulk SKU 1456,Lighting & Fixtures,pcs,566,INR,Bosch,10k catalog row 1456
LRG-01457,Bulk SKU 1457,Timber & Wood,pcs,567,INR,3M,10k catalog row 1457
LRG-01458,Bulk SKU 1458,Glass & Aluminium,pcs,568,INR,Jindal,10k catalog row 1458
LRG-01459,Bulk SKU 1459,Sanitary Ware,pcs,569,INR,Saint-Gobain,10k catalog row 1459
LRG-01460,Bulk SKU 1460,Steel & Metal,pcs,570,INR,UltraTech,10k catalog row 1460
LRG-01461,Bulk SKU 1461,Tiles & Flooring,pcs,571,INR,Tata,10k catalog row 1461
LRG-01462,Bulk SKU 1462,Electrical Supplies,pcs,572,INR,Kajaria,10k catalog row 1462
LRG-01463,Bulk SKU 1463,Plumbing & HVAC,pcs,573,INR,Havells,10k catalog row 1463
LRG-01464,Bulk SKU 1464,Paint & Finishes,pcs,574,INR,Jaquar,10k catalog row 1464
LRG-01465,Bulk SKU 1465,Building Materials,pcs,575,INR,Asian Paints,10k catalog row 1465
LRG-01466,Bulk SKU 1466,Lighting & Fixtures,pcs,576,INR,Bosch,10k catalog row 1466
LRG-01467,Bulk SKU 1467,Timber & Wood,pcs,577,INR,3M,10k catalog row 1467
LRG-01468,Bulk SKU 1468,Glass & Aluminium,pcs,578,INR,Jindal,10k catalog row 1468
LRG-01469,Bulk SKU 1469,Sanitary Ware,pcs,579,INR,Saint-Gobain,10k catalog row 1469
LRG-01470,Bulk SKU 1470,Steel & Metal,pcs,580,INR,UltraTech,10k catalog row 1470
LRG-01471,Bulk SKU 1471,Tiles & Flooring,pcs,581,INR,Tata,10k catalog row 1471
LRG-01472,Bulk SKU 1472,Electrical Supplies,pcs,582,INR,Kajaria,10k catalog row 1472
LRG-01473,Bulk SKU 1473,Plumbing & HVAC,pcs,583,INR,Havells,10k catalog row 1473
LRG-01474,Bulk SKU 1474,Paint & Finishes,pcs,584,INR,Jaquar,10k catalog row 1474
LRG-01475,Bulk SKU 1475,Building Materials,pcs,585,INR,Asian Paints,10k catalog row 1475
LRG-01476,Bulk SKU 1476,Lighting & Fixtures,pcs,586,INR,Bosch,10k catalog row 1476
LRG-01477,Bulk SKU 1477,Timber & Wood,pcs,587,INR,3M,10k catalog row 1477
LRG-01478,Bulk SKU 1478,Glass & Aluminium,pcs,588,INR,Jindal,10k catalog row 1478
LRG-01479,Bulk SKU 1479,Sanitary Ware,pcs,589,INR,Saint-Gobain,10k catalog row 1479
LRG-01480,Bulk SKU 1480,Steel & Metal,pcs,590,INR,UltraTech,10k catalog row 1480
LRG-01481,Bulk SKU 1481,Tiles & Flooring,pcs,591,INR,Tata,10k catalog row 1481
LRG-01482,Bulk SKU 1482,Electrical Supplies,pcs,592,INR,Kajaria,10k catalog row 1482
LRG-01483,Bulk SKU 1483,Plumbing & HVAC,pcs,593,INR,Havells,10k catalog row 1483
LRG-01484,Bulk SKU 1484,Paint & Finishes,pcs,594,INR,Jaquar,10k catalog row 1484
LRG-01485,Bulk SKU 1485,Building Materials,pcs,595,INR,Asian Paints,10k catalog row 1485
LRG-01486,Bulk SKU 1486,Lighting & Fixtures,pcs,596,INR,Bosch,10k catalog row 1486
LRG-01487,Bulk SKU 1487,Timber & Wood,pcs,597,INR,3M,10k catalog row 1487
LRG-01488,Bulk SKU 1488,Glass & Aluminium,pcs,598,INR,Jindal,10k catalog row 1488
LRG-01489,Bulk SKU 1489,Sanitary Ware,pcs,599,INR,Saint-Gobain,10k catalog row 1489
LRG-01490,Bulk SKU 1490,Steel & Metal,pcs,600,INR,UltraTech,10k catalog row 1490
LRG-01491,Bulk SKU 1491,Tiles & Flooring,pcs,601,INR,Tata,10k catalog row 1491
LRG-01492,Bulk SKU 1492,Electrical Supplies,pcs,602,INR,Kajaria,10k catalog row 1492
LRG-01493,Bulk SKU 1493,Plumbing & HVAC,pcs,603,INR,Havells,10k catalog row 1493
LRG-01494,Bulk SKU 1494,Paint & Finishes,pcs,604,INR,Jaquar,10k catalog row 1494
LRG-01495,Bulk SKU 1495,Building Materials,pcs,605,INR,Asian Paints,10k catalog row 1495
LRG-01496,Bulk SKU 1496,Lighting & Fixtures,pcs,606,INR,Bosch,10k catalog row 1496
LRG-01497,Bulk SKU 1497,Timber & Wood,pcs,607,INR,3M,10k catalog row 1497
LRG-01498,Bulk SKU 1498,Glass & Aluminium,pcs,608,INR,Jindal,10k catalog row 1498
LRG-01499,Bulk SKU 1499,Sanitary Ware,pcs,609,INR,Saint-Gobain,10k catalog row 1499
LRG-01500,Bulk SKU 1500,Steel & Metal,pcs,610,INR,UltraTech,10k catalog row 1500
LRG-01501,Bulk SKU 1501,Tiles & Flooring,pcs,611,INR,Tata,10k catalog row 1501
LRG-01502,Bulk SKU 1502,Electrical Supplies,pcs,612,INR,Kajaria,10k catalog row 1502
LRG-01503,Bulk SKU 1503,Plumbing & HVAC,pcs,613,INR,Havells,10k catalog row 1503
LRG-01504,Bulk SKU 1504,Paint & Finishes,pcs,614,INR,Jaquar,10k catalog row 1504
LRG-01505,Bulk SKU 1505,Building Materials,pcs,615,INR,Asian Paints,10k catalog row 1505
LRG-01506,Bulk SKU 1506,Lighting & Fixtures,pcs,616,INR,Bosch,10k catalog row 1506
LRG-01507,Bulk SKU 1507,Timber & Wood,pcs,617,INR,3M,10k catalog row 1507
LRG-01508,Bulk SKU 1508,Glass & Aluminium,pcs,618,INR,Jindal,10k catalog row 1508
LRG-01509,Bulk SKU 1509,Sanitary Ware,pcs,619,INR,Saint-Gobain,10k catalog row 1509
LRG-01510,Bulk SKU 1510,Steel & Metal,pcs,620,INR,UltraTech,10k catalog row 1510
LRG-01511,Bulk SKU 1511,Tiles & Flooring,pcs,621,INR,Tata,10k catalog row 1511
LRG-01512,Bulk SKU 1512,Electrical Supplies,pcs,622,INR,Kajaria,10k catalog row 1512
LRG-01513,Bulk SKU 1513,Plumbing & HVAC,pcs,623,INR,Havells,10k catalog row 1513
LRG-01514,Bulk SKU 1514,Paint & Finishes,pcs,624,INR,Jaquar,10k catalog row 1514
LRG-01515,Bulk SKU 1515,Building Materials,pcs,625,INR,Asian Paints,10k catalog row 1515
LRG-01516,Bulk SKU 1516,Lighting & Fixtures,pcs,626,INR,Bosch,10k catalog row 1516
LRG-01517,Bulk SKU 1517,Timber & Wood,pcs,627,INR,3M,10k catalog row 1517
LRG-01518,Bulk SKU 1518,Glass & Aluminium,pcs,628,INR,Jindal,10k catalog row 1518
LRG-01519,Bulk SKU 1519,Sanitary Ware,pcs,629,INR,Saint-Gobain,10k catalog row 1519
LRG-01520,Bulk SKU 1520,Steel & Metal,pcs,630,INR,UltraTech,10k catalog row 1520
LRG-01521,Bulk SKU 1521,Tiles & Flooring,pcs,631,INR,Tata,10k catalog row 1521
LRG-01522,Bulk SKU 1522,Electrical Supplies,pcs,632,INR,Kajaria,10k catalog row 1522
LRG-01523,Bulk SKU 1523,Plumbing & HVAC,pcs,633,INR,Havells,10k catalog row 1523
LRG-01524,Bulk SKU 1524,Paint & Finishes,pcs,634,INR,Jaquar,10k catalog row 1524
LRG-01525,Bulk SKU 1525,Building Materials,pcs,635,INR,Asian Paints,10k catalog row 1525
LRG-01526,Bulk SKU 1526,Lighting & Fixtures,pcs,636,INR,Bosch,10k catalog row 1526
LRG-01527,Bulk SKU 1527,Timber & Wood,pcs,637,INR,3M,10k catalog row 1527
LRG-01528,Bulk SKU 1528,Glass & Aluminium,pcs,638,INR,Jindal,10k catalog row 1528
LRG-01529,Bulk SKU 1529,Sanitary Ware,pcs,639,INR,Saint-Gobain,10k catalog row 1529
LRG-01530,Bulk SKU 1530,Steel & Metal,pcs,640,INR,UltraTech,10k catalog row 1530
LRG-01531,Bulk SKU 1531,Tiles & Flooring,pcs,641,INR,Tata,10k catalog row 1531
LRG-01532,Bulk SKU 1532,Electrical Supplies,pcs,642,INR,Kajaria,10k catalog row 1532
LRG-01533,Bulk SKU 1533,Plumbing & HVAC,pcs,643,INR,Havells,10k catalog row 1533
LRG-01534,Bulk SKU 1534,Paint & Finishes,pcs,644,INR,Jaquar,10k catalog row 1534
LRG-01535,Bulk SKU 1535,Building Materials,pcs,645,INR,Asian Paints,10k catalog row 1535
LRG-01536,Bulk SKU 1536,Lighting & Fixtures,pcs,646,INR,Bosch,10k catalog row 1536
LRG-01537,Bulk SKU 1537,Timber & Wood,pcs,647,INR,3M,10k catalog row 1537
LRG-01538,Bulk SKU 1538,Glass & Aluminium,pcs,648,INR,Jindal,10k catalog row 1538
LRG-01539,Bulk SKU 1539,Sanitary Ware,pcs,649,INR,Saint-Gobain,10k catalog row 1539
LRG-01540,Bulk SKU 1540,Steel & Metal,pcs,650,INR,UltraTech,10k catalog row 1540
LRG-01541,Bulk SKU 1541,Tiles & Flooring,pcs,651,INR,Tata,10k catalog row 1541
LRG-01542,Bulk SKU 1542,Electrical Supplies,pcs,652,INR,Kajaria,10k catalog row 1542
LRG-01543,Bulk SKU 1543,Plumbing & HVAC,pcs,653,INR,Havells,10k catalog row 1543
LRG-01544,Bulk SKU 1544,Paint & Finishes,pcs,654,INR,Jaquar,10k catalog row 1544
LRG-01545,Bulk SKU 1545,Building Materials,pcs,655,INR,Asian Paints,10k catalog row 1545
LRG-01546,Bulk SKU 1546,Lighting & Fixtures,pcs,656,INR,Bosch,10k catalog row 1546
LRG-01547,Bulk SKU 1547,Timber & Wood,pcs,657,INR,3M,10k catalog row 1547
LRG-01548,Bulk SKU 1548,Glass & Aluminium,pcs,658,INR,Jindal,10k catalog row 1548
LRG-01549,Bulk SKU 1549,Sanitary Ware,pcs,659,INR,Saint-Gobain,10k catalog row 1549
LRG-01550,Bulk SKU 1550,Steel & Metal,pcs,660,INR,UltraTech,10k catalog row 1550
LRG-01551,Bulk SKU 1551,Tiles & Flooring,pcs,661,INR,Tata,10k catalog row 1551
LRG-01552,Bulk SKU 1552,Electrical Supplies,pcs,662,INR,Kajaria,10k catalog row 1552
LRG-01553,Bulk SKU 1553,Plumbing & HVAC,pcs,663,INR,Havells,10k catalog row 1553
LRG-01554,Bulk SKU 1554,Paint & Finishes,pcs,664,INR,Jaquar,10k catalog row 1554
LRG-01555,Bulk SKU 1555,Building Materials,pcs,665,INR,Asian Paints,10k catalog row 1555
LRG-01556,Bulk SKU 1556,Lighting & Fixtures,pcs,666,INR,Bosch,10k catalog row 1556
LRG-01557,Bulk SKU 1557,Timber & Wood,pcs,667,INR,3M,10k catalog row 1557
LRG-01558,Bulk SKU 1558,Glass & Aluminium,pcs,668,INR,Jindal,10k catalog row 1558
LRG-01559,Bulk SKU 1559,Sanitary Ware,pcs,669,INR,Saint-Gobain,10k catalog row 1559
LRG-01560,Bulk SKU 1560,Steel & Metal,pcs,670,INR,UltraTech,10k catalog row 1560
LRG-01561,Bulk SKU 1561,Tiles & Flooring,pcs,671,INR,Tata,10k catalog row 1561
LRG-01562,Bulk SKU 1562,Electrical Supplies,pcs,672,INR,Kajaria,10k catalog row 1562
LRG-01563,Bulk SKU 1563,Plumbing & HVAC,pcs,673,INR,Havells,10k catalog row 1563
LRG-01564,Bulk SKU 1564,Paint & Finishes,pcs,674,INR,Jaquar,10k catalog row 1564
LRG-01565,Bulk SKU 1565,Building Materials,pcs,675,INR,Asian Paints,10k catalog row 1565
LRG-01566,Bulk SKU 1566,Lighting & Fixtures,pcs,676,INR,Bosch,10k catalog row 1566
LRG-01567,Bulk SKU 1567,Timber & Wood,pcs,677,INR,3M,10k catalog row 1567
LRG-01568,Bulk SKU 1568,Glass & Aluminium,pcs,678,INR,Jindal,10k catalog row 1568
LRG-01569,Bulk SKU 1569,Sanitary Ware,pcs,679,INR,Saint-Gobain,10k catalog row 1569
LRG-01570,Bulk SKU 1570,Steel & Metal,pcs,680,INR,UltraTech,10k catalog row 1570
LRG-01571,Bulk SKU 1571,Tiles & Flooring,pcs,681,INR,Tata,10k catalog row 1571
LRG-01572,Bulk SKU 1572,Electrical Supplies,pcs,682,INR,Kajaria,10k catalog row 1572
LRG-01573,Bulk SKU 1573,Plumbing & HVAC,pcs,683,INR,Havells,10k catalog row 1573
LRG-01574,Bulk SKU 1574,Paint & Finishes,pcs,684,INR,Jaquar,10k catalog row 1574
LRG-01575,Bulk SKU 1575,Building Materials,pcs,685,INR,Asian Paints,10k catalog row 1575
LRG-01576,Bulk SKU 1576,Lighting & Fixtures,pcs,686,INR,Bosch,10k catalog row 1576
LRG-01577,Bulk SKU 1577,Timber & Wood,pcs,687,INR,3M,10k catalog row 1577
LRG-01578,Bulk SKU 1578,Glass & Aluminium,pcs,688,INR,Jindal,10k catalog row 1578
LRG-01579,Bulk SKU 1579,Sanitary Ware,pcs,689,INR,Saint-Gobain,10k catalog row 1579
LRG-01580,Bulk SKU 1580,Steel & Metal,pcs,690,INR,UltraTech,10k catalog row 1580
LRG-01581,Bulk SKU 1581,Tiles & Flooring,pcs,691,INR,Tata,10k catalog row 1581
LRG-01582,Bulk SKU 1582,Electrical Supplies,pcs,692,INR,Kajaria,10k catalog row 1582
LRG-01583,Bulk SKU 1583,Plumbing & HVAC,pcs,693,INR,Havells,10k catalog row 1583
LRG-01584,Bulk SKU 1584,Paint & Finishes,pcs,694,INR,Jaquar,10k catalog row 1584
LRG-01585,Bulk SKU 1585,Building Materials,pcs,695,INR,Asian Paints,10k catalog row 1585
LRG-01586,Bulk SKU 1586,Lighting & Fixtures,pcs,696,INR,Bosch,10k catalog row 1586
LRG-01587,Bulk SKU 1587,Timber & Wood,pcs,697,INR,3M,10k catalog row 1587
LRG-01588,Bulk SKU 1588,Glass & Aluminium,pcs,698,INR,Jindal,10k catalog row 1588
LRG-01589,Bulk SKU 1589,Sanitary Ware,pcs,699,INR,Saint-Gobain,10k catalog row 1589
LRG-01590,Bulk SKU 1590,Steel & Metal,pcs,700,INR,UltraTech,10k catalog row 1590
LRG-01591,Bulk SKU 1591,Tiles & Flooring,pcs,701,INR,Tata,10k catalog row 1591
LRG-01592,Bulk SKU 1592,Electrical Supplies,pcs,702,INR,Kajaria,10k catalog row 1592
LRG-01593,Bulk SKU 1593,Plumbing & HVAC,pcs,703,INR,Havells,10k catalog row 1593
LRG-01594,Bulk SKU 1594,Paint & Finishes,pcs,704,INR,Jaquar,10k catalog row 1594
LRG-01595,Bulk SKU 1595,Building Materials,pcs,705,INR,Asian Paints,10k catalog row 1595
LRG-01596,Bulk SKU 1596,Lighting & Fixtures,pcs,706,INR,Bosch,10k catalog row 1596
LRG-01597,Bulk SKU 1597,Timber & Wood,pcs,707,INR,3M,10k catalog row 1597
LRG-01598,Bulk SKU 1598,Glass & Aluminium,pcs,708,INR,Jindal,10k catalog row 1598
LRG-01599,Bulk SKU 1599,Sanitary Ware,pcs,709,INR,Saint-Gobain,10k catalog row 1599
LRG-01600,Bulk SKU 1600,Steel & Metal,pcs,710,INR,UltraTech,10k catalog row 1600
LRG-01601,Bulk SKU 1601,Tiles & Flooring,pcs,711,INR,Tata,10k catalog row 1601
LRG-01602,Bulk SKU 1602,Electrical Supplies,pcs,712,INR,Kajaria,10k catalog row 1602
LRG-01603,Bulk SKU 1603,Plumbing & HVAC,pcs,713,INR,Havells,10k catalog row 1603
LRG-01604,Bulk SKU 1604,Paint & Finishes,pcs,714,INR,Jaquar,10k catalog row 1604
LRG-01605,Bulk SKU 1605,Building Materials,pcs,715,INR,Asian Paints,10k catalog row 1605
LRG-01606,Bulk SKU 1606,Lighting & Fixtures,pcs,716,INR,Bosch,10k catalog row 1606
LRG-01607,Bulk SKU 1607,Timber & Wood,pcs,717,INR,3M,10k catalog row 1607
LRG-01608,Bulk SKU 1608,Glass & Aluminium,pcs,718,INR,Jindal,10k catalog row 1608
LRG-01609,Bulk SKU 1609,Sanitary Ware,pcs,719,INR,Saint-Gobain,10k catalog row 1609
LRG-01610,Bulk SKU 1610,Steel & Metal,pcs,720,INR,UltraTech,10k catalog row 1610
LRG-01611,Bulk SKU 1611,Tiles & Flooring,pcs,721,INR,Tata,10k catalog row 1611
LRG-01612,Bulk SKU 1612,Electrical Supplies,pcs,722,INR,Kajaria,10k catalog row 1612
LRG-01613,Bulk SKU 1613,Plumbing & HVAC,pcs,723,INR,Havells,10k catalog row 1613
LRG-01614,Bulk SKU 1614,Paint & Finishes,pcs,724,INR,Jaquar,10k catalog row 1614
LRG-01615,Bulk SKU 1615,Building Materials,pcs,725,INR,Asian Paints,10k catalog row 1615
LRG-01616,Bulk SKU 1616,Lighting & Fixtures,pcs,726,INR,Bosch,10k catalog row 1616
LRG-01617,Bulk SKU 1617,Timber & Wood,pcs,727,INR,3M,10k catalog row 1617
LRG-01618,Bulk SKU 1618,Glass & Aluminium,pcs,728,INR,Jindal,10k catalog row 1618
LRG-01619,Bulk SKU 1619,Sanitary Ware,pcs,729,INR,Saint-Gobain,10k catalog row 1619
LRG-01620,Bulk SKU 1620,Steel & Metal,pcs,730,INR,UltraTech,10k catalog row 1620
LRG-01621,Bulk SKU 1621,Tiles & Flooring,pcs,731,INR,Tata,10k catalog row 1621
LRG-01622,Bulk SKU 1622,Electrical Supplies,pcs,732,INR,Kajaria,10k catalog row 1622
LRG-01623,Bulk SKU 1623,Plumbing & HVAC,pcs,733,INR,Havells,10k catalog row 1623
LRG-01624,Bulk SKU 1624,Paint & Finishes,pcs,734,INR,Jaquar,10k catalog row 1624
LRG-01625,Bulk SKU 1625,Building Materials,pcs,735,INR,Asian Paints,10k catalog row 1625
LRG-01626,Bulk SKU 1626,Lighting & Fixtures,pcs,736,INR,Bosch,10k catalog row 1626
LRG-01627,Bulk SKU 1627,Timber & Wood,pcs,737,INR,3M,10k catalog row 1627
LRG-01628,Bulk SKU 1628,Glass & Aluminium,pcs,738,INR,Jindal,10k catalog row 1628
LRG-01629,Bulk SKU 1629,Sanitary Ware,pcs,739,INR,Saint-Gobain,10k catalog row 1629
LRG-01630,Bulk SKU 1630,Steel & Metal,pcs,740,INR,UltraTech,10k catalog row 1630
LRG-01631,Bulk SKU 1631,Tiles & Flooring,pcs,741,INR,Tata,10k catalog row 1631
LRG-01632,Bulk SKU 1632,Electrical Supplies,pcs,742,INR,Kajaria,10k catalog row 1632
LRG-01633,Bulk SKU 1633,Plumbing & HVAC,pcs,743,INR,Havells,10k catalog row 1633
LRG-01634,Bulk SKU 1634,Paint & Finishes,pcs,744,INR,Jaquar,10k catalog row 1634
LRG-01635,Bulk SKU 1635,Building Materials,pcs,745,INR,Asian Paints,10k catalog row 1635
LRG-01636,Bulk SKU 1636,Lighting & Fixtures,pcs,746,INR,Bosch,10k catalog row 1636
LRG-01637,Bulk SKU 1637,Timber & Wood,pcs,747,INR,3M,10k catalog row 1637
LRG-01638,Bulk SKU 1638,Glass & Aluminium,pcs,748,INR,Jindal,10k catalog row 1638
LRG-01639,Bulk SKU 1639,Sanitary Ware,pcs,749,INR,Saint-Gobain,10k catalog row 1639
LRG-01640,Bulk SKU 1640,Steel & Metal,pcs,750,INR,UltraTech,10k catalog row 1640
LRG-01641,Bulk SKU 1641,Tiles & Flooring,pcs,751,INR,Tata,10k catalog row 1641
LRG-01642,Bulk SKU 1642,Electrical Supplies,pcs,752,INR,Kajaria,10k catalog row 1642
LRG-01643,Bulk SKU 1643,Plumbing & HVAC,pcs,753,INR,Havells,10k catalog row 1643
LRG-01644,Bulk SKU 1644,Paint & Finishes,pcs,754,INR,Jaquar,10k catalog row 1644
LRG-01645,Bulk SKU 1645,Building Materials,pcs,755,INR,Asian Paints,10k catalog row 1645
LRG-01646,Bulk SKU 1646,Lighting & Fixtures,pcs,756,INR,Bosch,10k catalog row 1646
LRG-01647,Bulk SKU 1647,Timber & Wood,pcs,757,INR,3M,10k catalog row 1647
LRG-01648,Bulk SKU 1648,Glass & Aluminium,pcs,758,INR,Jindal,10k catalog row 1648
LRG-01649,Bulk SKU 1649,Sanitary Ware,pcs,759,INR,Saint-Gobain,10k catalog row 1649
LRG-01650,Bulk SKU 1650,Steel & Metal,pcs,760,INR,UltraTech,10k catalog row 1650
LRG-01651,Bulk SKU 1651,Tiles & Flooring,pcs,761,INR,Tata,10k catalog row 1651
LRG-01652,Bulk SKU 1652,Electrical Supplies,pcs,762,INR,Kajaria,10k catalog row 1652
LRG-01653,Bulk SKU 1653,Plumbing & HVAC,pcs,763,INR,Havells,10k catalog row 1653
LRG-01654,Bulk SKU 1654,Paint & Finishes,pcs,764,INR,Jaquar,10k catalog row 1654
LRG-01655,Bulk SKU 1655,Building Materials,pcs,765,INR,Asian Paints,10k catalog row 1655
LRG-01656,Bulk SKU 1656,Lighting & Fixtures,pcs,766,INR,Bosch,10k catalog row 1656
LRG-01657,Bulk SKU 1657,Timber & Wood,pcs,767,INR,3M,10k catalog row 1657
LRG-01658,Bulk SKU 1658,Glass & Aluminium,pcs,768,INR,Jindal,10k catalog row 1658
LRG-01659,Bulk SKU 1659,Sanitary Ware,pcs,769,INR,Saint-Gobain,10k catalog row 1659
LRG-01660,Bulk SKU 1660,Steel & Metal,pcs,770,INR,UltraTech,10k catalog row 1660
LRG-01661,Bulk SKU 1661,Tiles & Flooring,pcs,771,INR,Tata,10k catalog row 1661
LRG-01662,Bulk SKU 1662,Electrical Supplies,pcs,772,INR,Kajaria,10k catalog row 1662
LRG-01663,Bulk SKU 1663,Plumbing & HVAC,pcs,773,INR,Havells,10k catalog row 1663
LRG-01664,Bulk SKU 1664,Paint & Finishes,pcs,774,INR,Jaquar,10k catalog row 1664
LRG-01665,Bulk SKU 1665,Building Materials,pcs,775,INR,Asian Paints,10k catalog row 1665
LRG-01666,Bulk SKU 1666,Lighting & Fixtures,pcs,776,INR,Bosch,10k catalog row 1666
LRG-01667,Bulk SKU 1667,Timber & Wood,pcs,777,INR,3M,10k catalog row 1667
LRG-01668,Bulk SKU 1668,Glass & Aluminium,pcs,778,INR,Jindal,10k catalog row 1668
LRG-01669,Bulk SKU 1669,Sanitary Ware,pcs,779,INR,Saint-Gobain,10k catalog row 1669
LRG-01670,Bulk SKU 1670,Steel & Metal,pcs,780,INR,UltraTech,10k catalog row 1670
LRG-01671,Bulk SKU 1671,Tiles & Flooring,pcs,781,INR,Tata,10k catalog row 1671
LRG-01672,Bulk SKU 1672,Electrical Supplies,pcs,782,INR,Kajaria,10k catalog row 1672
LRG-01673,Bulk SKU 1673,Plumbing & HVAC,pcs,783,INR,Havells,10k catalog row 1673
LRG-01674,Bulk SKU 1674,Paint & Finishes,pcs,784,INR,Jaquar,10k catalog row 1674
LRG-01675,Bulk SKU 1675,Building Materials,pcs,785,INR,Asian Paints,10k catalog row 1675
LRG-01676,Bulk SKU 1676,Lighting & Fixtures,pcs,786,INR,Bosch,10k catalog row 1676
LRG-01677,Bulk SKU 1677,Timber & Wood,pcs,787,INR,3M,10k catalog row 1677
LRG-01678,Bulk SKU 1678,Glass & Aluminium,pcs,788,INR,Jindal,10k catalog row 1678
LRG-01679,Bulk SKU 1679,Sanitary Ware,pcs,789,INR,Saint-Gobain,10k catalog row 1679
LRG-01680,Bulk SKU 1680,Steel & Metal,pcs,790,INR,UltraTech,10k catalog row 1680
LRG-01681,Bulk SKU 1681,Tiles & Flooring,pcs,791,INR,Tata,10k catalog row 1681
LRG-01682,Bulk SKU 1682,Electrical Supplies,pcs,792,INR,Kajaria,10k catalog row 1682
LRG-01683,Bulk SKU 1683,Plumbing & HVAC,pcs,793,INR,Havells,10k catalog row 1683
LRG-01684,Bulk SKU 1684,Paint & Finishes,pcs,794,INR,Jaquar,10k catalog row 1684
LRG-01685,Bulk SKU 1685,Building Materials,pcs,795,INR,Asian Paints,10k catalog row 1685
LRG-01686,Bulk SKU 1686,Lighting & Fixtures,pcs,796,INR,Bosch,10k catalog row 1686
LRG-01687,Bulk SKU 1687,Timber & Wood,pcs,797,INR,3M,10k catalog row 1687
LRG-01688,Bulk SKU 1688,Glass & Aluminium,pcs,798,INR,Jindal,10k catalog row 1688
LRG-01689,Bulk SKU 1689,Sanitary Ware,pcs,799,INR,Saint-Gobain,10k catalog row 1689
LRG-01690,Bulk SKU 1690,Steel & Metal,pcs,800,INR,UltraTech,10k catalog row 1690
LRG-01691,Bulk SKU 1691,Tiles & Flooring,pcs,801,INR,Tata,10k catalog row 1691
LRG-01692,Bulk SKU 1692,Electrical Supplies,pcs,802,INR,Kajaria,10k catalog row 1692
LRG-01693,Bulk SKU 1693,Plumbing & HVAC,pcs,803,INR,Havells,10k catalog row 1693
LRG-01694,Bulk SKU 1694,Paint & Finishes,pcs,804,INR,Jaquar,10k catalog row 1694
LRG-01695,Bulk SKU 1695,Building Materials,pcs,805,INR,Asian Paints,10k catalog row 1695
LRG-01696,Bulk SKU 1696,Lighting & Fixtures,pcs,806,INR,Bosch,10k catalog row 1696
LRG-01697,Bulk SKU 1697,Timber & Wood,pcs,807,INR,3M,10k catalog row 1697
LRG-01698,Bulk SKU 1698,Glass & Aluminium,pcs,808,INR,Jindal,10k catalog row 1698
LRG-01699,Bulk SKU 1699,Sanitary Ware,pcs,809,INR,Saint-Gobain,10k catalog row 1699
LRG-01700,Bulk SKU 1700,Steel & Metal,pcs,810,INR,UltraTech,10k catalog row 1700
LRG-01701,Bulk SKU 1701,Tiles & Flooring,pcs,811,INR,Tata,10k catalog row 1701
LRG-01702,Bulk SKU 1702,Electrical Supplies,pcs,812,INR,Kajaria,10k catalog row 1702
LRG-01703,Bulk SKU 1703,Plumbing & HVAC,pcs,813,INR,Havells,10k catalog row 1703
LRG-01704,Bulk SKU 1704,Paint & Finishes,pcs,814,INR,Jaquar,10k catalog row 1704
LRG-01705,Bulk SKU 1705,Building Materials,pcs,815,INR,Asian Paints,10k catalog row 1705
LRG-01706,Bulk SKU 1706,Lighting & Fixtures,pcs,816,INR,Bosch,10k catalog row 1706
LRG-01707,Bulk SKU 1707,Timber & Wood,pcs,817,INR,3M,10k catalog row 1707
LRG-01708,Bulk SKU 1708,Glass & Aluminium,pcs,818,INR,Jindal,10k catalog row 1708
LRG-01709,Bulk SKU 1709,Sanitary Ware,pcs,819,INR,Saint-Gobain,10k catalog row 1709
LRG-01710,Bulk SKU 1710,Steel & Metal,pcs,820,INR,UltraTech,10k catalog row 1710
LRG-01711,Bulk SKU 1711,Tiles & Flooring,pcs,821,INR,Tata,10k catalog row 1711
LRG-01712,Bulk SKU 1712,Electrical Supplies,pcs,822,INR,Kajaria,10k catalog row 1712
LRG-01713,Bulk SKU 1713,Plumbing & HVAC,pcs,823,INR,Havells,10k catalog row 1713
LRG-01714,Bulk SKU 1714,Paint & Finishes,pcs,824,INR,Jaquar,10k catalog row 1714
LRG-01715,Bulk SKU 1715,Building Materials,pcs,825,INR,Asian Paints,10k catalog row 1715
LRG-01716,Bulk SKU 1716,Lighting & Fixtures,pcs,826,INR,Bosch,10k catalog row 1716
LRG-01717,Bulk SKU 1717,Timber & Wood,pcs,827,INR,3M,10k catalog row 1717
LRG-01718,Bulk SKU 1718,Glass & Aluminium,pcs,828,INR,Jindal,10k catalog row 1718
LRG-01719,Bulk SKU 1719,Sanitary Ware,pcs,829,INR,Saint-Gobain,10k catalog row 1719
LRG-01720,Bulk SKU 1720,Steel & Metal,pcs,830,INR,UltraTech,10k catalog row 1720
LRG-01721,Bulk SKU 1721,Tiles & Flooring,pcs,831,INR,Tata,10k catalog row 1721
LRG-01722,Bulk SKU 1722,Electrical Supplies,pcs,832,INR,Kajaria,10k catalog row 1722
LRG-01723,Bulk SKU 1723,Plumbing & HVAC,pcs,833,INR,Havells,10k catalog row 1723
LRG-01724,Bulk SKU 1724,Paint & Finishes,pcs,834,INR,Jaquar,10k catalog row 1724
LRG-01725,Bulk SKU 1725,Building Materials,pcs,835,INR,Asian Paints,10k catalog row 1725
LRG-01726,Bulk SKU 1726,Lighting & Fixtures,pcs,836,INR,Bosch,10k catalog row 1726
LRG-01727,Bulk SKU 1727,Timber & Wood,pcs,837,INR,3M,10k catalog row 1727
LRG-01728,Bulk SKU 1728,Glass & Aluminium,pcs,838,INR,Jindal,10k catalog row 1728
LRG-01729,Bulk SKU 1729,Sanitary Ware,pcs,839,INR,Saint-Gobain,10k catalog row 1729
LRG-01730,Bulk SKU 1730,Steel & Metal,pcs,840,INR,UltraTech,10k catalog row 1730
LRG-01731,Bulk SKU 1731,Tiles & Flooring,pcs,841,INR,Tata,10k catalog row 1731
LRG-01732,Bulk SKU 1732,Electrical Supplies,pcs,842,INR,Kajaria,10k catalog row 1732
LRG-01733,Bulk SKU 1733,Plumbing & HVAC,pcs,843,INR,Havells,10k catalog row 1733
LRG-01734,Bulk SKU 1734,Paint & Finishes,pcs,844,INR,Jaquar,10k catalog row 1734
LRG-01735,Bulk SKU 1735,Building Materials,pcs,845,INR,Asian Paints,10k catalog row 1735
LRG-01736,Bulk SKU 1736,Lighting & Fixtures,pcs,846,INR,Bosch,10k catalog row 1736
LRG-01737,Bulk SKU 1737,Timber & Wood,pcs,847,INR,3M,10k catalog row 1737
LRG-01738,Bulk SKU 1738,Glass & Aluminium,pcs,848,INR,Jindal,10k catalog row 1738
LRG-01739,Bulk SKU 1739,Sanitary Ware,pcs,849,INR,Saint-Gobain,10k catalog row 1739
LRG-01740,Bulk SKU 1740,Steel & Metal,pcs,850,INR,UltraTech,10k catalog row 1740
LRG-01741,Bulk SKU 1741,Tiles & Flooring,pcs,851,INR,Tata,10k catalog row 1741
LRG-01742,Bulk SKU 1742,Electrical Supplies,pcs,852,INR,Kajaria,10k catalog row 1742
LRG-01743,Bulk SKU 1743,Plumbing & HVAC,pcs,853,INR,Havells,10k catalog row 1743
LRG-01744,Bulk SKU 1744,Paint & Finishes,pcs,854,INR,Jaquar,10k catalog row 1744
LRG-01745,Bulk SKU 1745,Building Materials,pcs,855,INR,Asian Paints,10k catalog row 1745
LRG-01746,Bulk SKU 1746,Lighting & Fixtures,pcs,856,INR,Bosch,10k catalog row 1746
LRG-01747,Bulk SKU 1747,Timber & Wood,pcs,857,INR,3M,10k catalog row 1747
LRG-01748,Bulk SKU 1748,Glass & Aluminium,pcs,858,INR,Jindal,10k catalog row 1748
LRG-01749,Bulk SKU 1749,Sanitary Ware,pcs,859,INR,Saint-Gobain,10k catalog row 1749
LRG-01750,Bulk SKU 1750,Steel & Metal,pcs,860,INR,UltraTech,10k catalog row 1750
LRG-01751,Bulk SKU 1751,Tiles & Flooring,pcs,861,INR,Tata,10k catalog row 1751
LRG-01752,Bulk SKU 1752,Electrical Supplies,pcs,862,INR,Kajaria,10k catalog row 1752
LRG-01753,Bulk SKU 1753,Plumbing & HVAC,pcs,863,INR,Havells,10k catalog row 1753
LRG-01754,Bulk SKU 1754,Paint & Finishes,pcs,864,INR,Jaquar,10k catalog row 1754
LRG-01755,Bulk SKU 1755,Building Materials,pcs,865,INR,Asian Paints,10k catalog row 1755
LRG-01756,Bulk SKU 1756,Lighting & Fixtures,pcs,866,INR,Bosch,10k catalog row 1756
LRG-01757,Bulk SKU 1757,Timber & Wood,pcs,867,INR,3M,10k catalog row 1757
LRG-01758,Bulk SKU 1758,Glass & Aluminium,pcs,868,INR,Jindal,10k catalog row 1758
LRG-01759,Bulk SKU 1759,Sanitary Ware,pcs,869,INR,Saint-Gobain,10k catalog row 1759
LRG-01760,Bulk SKU 1760,Steel & Metal,pcs,870,INR,UltraTech,10k catalog row 1760
LRG-01761,Bulk SKU 1761,Tiles & Flooring,pcs,871,INR,Tata,10k catalog row 1761
LRG-01762,Bulk SKU 1762,Electrical Supplies,pcs,872,INR,Kajaria,10k catalog row 1762
LRG-01763,Bulk SKU 1763,Plumbing & HVAC,pcs,873,INR,Havells,10k catalog row 1763
LRG-01764,Bulk SKU 1764,Paint & Finishes,pcs,874,INR,Jaquar,10k catalog row 1764
LRG-01765,Bulk SKU 1765,Building Materials,pcs,875,INR,Asian Paints,10k catalog row 1765
LRG-01766,Bulk SKU 1766,Lighting & Fixtures,pcs,876,INR,Bosch,10k catalog row 1766
LRG-01767,Bulk SKU 1767,Timber & Wood,pcs,877,INR,3M,10k catalog row 1767
LRG-01768,Bulk SKU 1768,Glass & Aluminium,pcs,878,INR,Jindal,10k catalog row 1768
LRG-01769,Bulk SKU 1769,Sanitary Ware,pcs,879,INR,Saint-Gobain,10k catalog row 1769
LRG-01770,Bulk SKU 1770,Steel & Metal,pcs,880,INR,UltraTech,10k catalog row 1770
LRG-01771,Bulk SKU 1771,Tiles & Flooring,pcs,881,INR,Tata,10k catalog row 1771
LRG-01772,Bulk SKU 1772,Electrical Supplies,pcs,882,INR,Kajaria,10k catalog row 1772
LRG-01773,Bulk SKU 1773,Plumbing & HVAC,pcs,883,INR,Havells,10k catalog row 1773
LRG-01774,Bulk SKU 1774,Paint & Finishes,pcs,884,INR,Jaquar,10k catalog row 1774
LRG-01775,Bulk SKU 1775,Building Materials,pcs,885,INR,Asian Paints,10k catalog row 1775
LRG-01776,Bulk SKU 1776,Lighting & Fixtures,pcs,886,INR,Bosch,10k catalog row 1776
LRG-01777,Bulk SKU 1777,Timber & Wood,pcs,887,INR,3M,10k catalog row 1777
LRG-01778,Bulk SKU 1778,Glass & Aluminium,pcs,888,INR,Jindal,10k catalog row 1778
LRG-01779,Bulk SKU 1779,Sanitary Ware,pcs,889,INR,Saint-Gobain,10k catalog row 1779
LRG-01780,Bulk SKU 1780,Steel & Metal,pcs,890,INR,UltraTech,10k catalog row 1780
LRG-01781,Bulk SKU 1781,Tiles & Flooring,pcs,891,INR,Tata,10k catalog row 1781
LRG-01782,Bulk SKU 1782,Electrical Supplies,pcs,892,INR,Kajaria,10k catalog row 1782
LRG-01783,Bulk SKU 1783,Plumbing & HVAC,pcs,893,INR,Havells,10k catalog row 1783
LRG-01784,Bulk SKU 1784,Paint & Finishes,pcs,894,INR,Jaquar,10k catalog row 1784
LRG-01785,Bulk SKU 1785,Building Materials,pcs,895,INR,Asian Paints,10k catalog row 1785
LRG-01786,Bulk SKU 1786,Lighting & Fixtures,pcs,896,INR,Bosch,10k catalog row 1786
LRG-01787,Bulk SKU 1787,Timber & Wood,pcs,897,INR,3M,10k catalog row 1787
LRG-01788,Bulk SKU 1788,Glass & Aluminium,pcs,898,INR,Jindal,10k catalog row 1788
LRG-01789,Bulk SKU 1789,Sanitary Ware,pcs,899,INR,Saint-Gobain,10k catalog row 1789
LRG-01790,Bulk SKU 1790,Steel & Metal,pcs,900,INR,UltraTech,10k catalog row 1790
LRG-01791,Bulk SKU 1791,Tiles & Flooring,pcs,901,INR,Tata,10k catalog row 1791
LRG-01792,Bulk SKU 1792,Electrical Supplies,pcs,902,INR,Kajaria,10k catalog row 1792
LRG-01793,Bulk SKU 1793,Plumbing & HVAC,pcs,903,INR,Havells,10k catalog row 1793
LRG-01794,Bulk SKU 1794,Paint & Finishes,pcs,904,INR,Jaquar,10k catalog row 1794
LRG-01795,Bulk SKU 1795,Building Materials,pcs,905,INR,Asian Paints,10k catalog row 1795
LRG-01796,Bulk SKU 1796,Lighting & Fixtures,pcs,906,INR,Bosch,10k catalog row 1796
LRG-01797,Bulk SKU 1797,Timber & Wood,pcs,907,INR,3M,10k catalog row 1797
LRG-01798,Bulk SKU 1798,Glass & Aluminium,pcs,908,INR,Jindal,10k catalog row 1798
LRG-01799,Bulk SKU 1799,Sanitary Ware,pcs,909,INR,Saint-Gobain,10k catalog row 1799
LRG-01800,Bulk SKU 1800,Steel & Metal,pcs,10,INR,UltraTech,10k catalog row 1800
LRG-01801,Bulk SKU 1801,Tiles & Flooring,pcs,11,INR,Tata,10k catalog row 1801
LRG-01802,Bulk SKU 1802,Electrical Supplies,pcs,12,INR,Kajaria,10k catalog row 1802
LRG-01803,Bulk SKU 1803,Plumbing & HVAC,pcs,13,INR,Havells,10k catalog row 1803
LRG-01804,Bulk SKU 1804,Paint & Finishes,pcs,14,INR,Jaquar,10k catalog row 1804
LRG-01805,Bulk SKU 1805,Building Materials,pcs,15,INR,Asian Paints,10k catalog row 1805
LRG-01806,Bulk SKU 1806,Lighting & Fixtures,pcs,16,INR,Bosch,10k catalog row 1806
LRG-01807,Bulk SKU 1807,Timber & Wood,pcs,17,INR,3M,10k catalog row 1807
LRG-01808,Bulk SKU 1808,Glass & Aluminium,pcs,18,INR,Jindal,10k catalog row 1808
LRG-01809,Bulk SKU 1809,Sanitary Ware,pcs,19,INR,Saint-Gobain,10k catalog row 1809
LRG-01810,Bulk SKU 1810,Steel & Metal,pcs,20,INR,UltraTech,10k catalog row 1810
LRG-01811,Bulk SKU 1811,Tiles & Flooring,pcs,21,INR,Tata,10k catalog row 1811
LRG-01812,Bulk SKU 1812,Electrical Supplies,pcs,22,INR,Kajaria,10k catalog row 1812
LRG-01813,Bulk SKU 1813,Plumbing & HVAC,pcs,23,INR,Havells,10k catalog row 1813
LRG-01814,Bulk SKU 1814,Paint & Finishes,pcs,24,INR,Jaquar,10k catalog row 1814
LRG-01815,Bulk SKU 1815,Building Materials,pcs,25,INR,Asian Paints,10k catalog row 1815
LRG-01816,Bulk SKU 1816,Lighting & Fixtures,pcs,26,INR,Bosch,10k catalog row 1816
LRG-01817,Bulk SKU 1817,Timber & Wood,pcs,27,INR,3M,10k catalog row 1817
LRG-01818,Bulk SKU 1818,Glass & Aluminium,pcs,28,INR,Jindal,10k catalog row 1818
LRG-01819,Bulk SKU 1819,Sanitary Ware,pcs,29,INR,Saint-Gobain,10k catalog row 1819
LRG-01820,Bulk SKU 1820,Steel & Metal,pcs,30,INR,UltraTech,10k catalog row 1820
LRG-01821,Bulk SKU 1821,Tiles & Flooring,pcs,31,INR,Tata,10k catalog row 1821
LRG-01822,Bulk SKU 1822,Electrical Supplies,pcs,32,INR,Kajaria,10k catalog row 1822
LRG-01823,Bulk SKU 1823,Plumbing & HVAC,pcs,33,INR,Havells,10k catalog row 1823
LRG-01824,Bulk SKU 1824,Paint & Finishes,pcs,34,INR,Jaquar,10k catalog row 1824
LRG-01825,Bulk SKU 1825,Building Materials,pcs,35,INR,Asian Paints,10k catalog row 1825
LRG-01826,Bulk SKU 1826,Lighting & Fixtures,pcs,36,INR,Bosch,10k catalog row 1826
LRG-01827,Bulk SKU 1827,Timber & Wood,pcs,37,INR,3M,10k catalog row 1827
LRG-01828,Bulk SKU 1828,Glass & Aluminium,pcs,38,INR,Jindal,10k catalog row 1828
LRG-01829,Bulk SKU 1829,Sanitary Ware,pcs,39,INR,Saint-Gobain,10k catalog row 1829
LRG-01830,Bulk SKU 1830,Steel & Metal,pcs,40,INR,UltraTech,10k catalog row 1830
LRG-01831,Bulk SKU 1831,Tiles & Flooring,pcs,41,INR,Tata,10k catalog row 1831
LRG-01832,Bulk SKU 1832,Electrical Supplies,pcs,42,INR,Kajaria,10k catalog row 1832
LRG-01833,Bulk SKU 1833,Plumbing & HVAC,pcs,43,INR,Havells,10k catalog row 1833
LRG-01834,Bulk SKU 1834,Paint & Finishes,pcs,44,INR,Jaquar,10k catalog row 1834
LRG-01835,Bulk SKU 1835,Building Materials,pcs,45,INR,Asian Paints,10k catalog row 1835
LRG-01836,Bulk SKU 1836,Lighting & Fixtures,pcs,46,INR,Bosch,10k catalog row 1836
LRG-01837,Bulk SKU 1837,Timber & Wood,pcs,47,INR,3M,10k catalog row 1837
LRG-01838,Bulk SKU 1838,Glass & Aluminium,pcs,48,INR,Jindal,10k catalog row 1838
LRG-01839,Bulk SKU 1839,Sanitary Ware,pcs,49,INR,Saint-Gobain,10k catalog row 1839
LRG-01840,Bulk SKU 1840,Steel & Metal,pcs,50,INR,UltraTech,10k catalog row 1840
LRG-01841,Bulk SKU 1841,Tiles & Flooring,pcs,51,INR,Tata,10k catalog row 1841
LRG-01842,Bulk SKU 1842,Electrical Supplies,pcs,52,INR,Kajaria,10k catalog row 1842
LRG-01843,Bulk SKU 1843,Plumbing & HVAC,pcs,53,INR,Havells,10k catalog row 1843
LRG-01844,Bulk SKU 1844,Paint & Finishes,pcs,54,INR,Jaquar,10k catalog row 1844
LRG-01845,Bulk SKU 1845,Building Materials,pcs,55,INR,Asian Paints,10k catalog row 1845
LRG-01846,Bulk SKU 1846,Lighting & Fixtures,pcs,56,INR,Bosch,10k catalog row 1846
LRG-01847,Bulk SKU 1847,Timber & Wood,pcs,57,INR,3M,10k catalog row 1847
LRG-01848,Bulk SKU 1848,Glass & Aluminium,pcs,58,INR,Jindal,10k catalog row 1848
LRG-01849,Bulk SKU 1849,Sanitary Ware,pcs,59,INR,Saint-Gobain,10k catalog row 1849
LRG-01850,Bulk SKU 1850,Steel & Metal,pcs,60,INR,UltraTech,10k catalog row 1850
LRG-01851,Bulk SKU 1851,Tiles & Flooring,pcs,61,INR,Tata,10k catalog row 1851
LRG-01852,Bulk SKU 1852,Electrical Supplies,pcs,62,INR,Kajaria,10k catalog row 1852
LRG-01853,Bulk SKU 1853,Plumbing & HVAC,pcs,63,INR,Havells,10k catalog row 1853
LRG-01854,Bulk SKU 1854,Paint & Finishes,pcs,64,INR,Jaquar,10k catalog row 1854
LRG-01855,Bulk SKU 1855,Building Materials,pcs,65,INR,Asian Paints,10k catalog row 1855
LRG-01856,Bulk SKU 1856,Lighting & Fixtures,pcs,66,INR,Bosch,10k catalog row 1856
LRG-01857,Bulk SKU 1857,Timber & Wood,pcs,67,INR,3M,10k catalog row 1857
LRG-01858,Bulk SKU 1858,Glass & Aluminium,pcs,68,INR,Jindal,10k catalog row 1858
LRG-01859,Bulk SKU 1859,Sanitary Ware,pcs,69,INR,Saint-Gobain,10k catalog row 1859
LRG-01860,Bulk SKU 1860,Steel & Metal,pcs,70,INR,UltraTech,10k catalog row 1860
LRG-01861,Bulk SKU 1861,Tiles & Flooring,pcs,71,INR,Tata,10k catalog row 1861
LRG-01862,Bulk SKU 1862,Electrical Supplies,pcs,72,INR,Kajaria,10k catalog row 1862
LRG-01863,Bulk SKU 1863,Plumbing & HVAC,pcs,73,INR,Havells,10k catalog row 1863
LRG-01864,Bulk SKU 1864,Paint & Finishes,pcs,74,INR,Jaquar,10k catalog row 1864
LRG-01865,Bulk SKU 1865,Building Materials,pcs,75,INR,Asian Paints,10k catalog row 1865
LRG-01866,Bulk SKU 1866,Lighting & Fixtures,pcs,76,INR,Bosch,10k catalog row 1866
LRG-01867,Bulk SKU 1867,Timber & Wood,pcs,77,INR,3M,10k catalog row 1867
LRG-01868,Bulk SKU 1868,Glass & Aluminium,pcs,78,INR,Jindal,10k catalog row 1868
LRG-01869,Bulk SKU 1869,Sanitary Ware,pcs,79,INR,Saint-Gobain,10k catalog row 1869
LRG-01870,Bulk SKU 1870,Steel & Metal,pcs,80,INR,UltraTech,10k catalog row 1870
LRG-01871,Bulk SKU 1871,Tiles & Flooring,pcs,81,INR,Tata,10k catalog row 1871
LRG-01872,Bulk SKU 1872,Electrical Supplies,pcs,82,INR,Kajaria,10k catalog row 1872
LRG-01873,Bulk SKU 1873,Plumbing & HVAC,pcs,83,INR,Havells,10k catalog row 1873
LRG-01874,Bulk SKU 1874,Paint & Finishes,pcs,84,INR,Jaquar,10k catalog row 1874
LRG-01875,Bulk SKU 1875,Building Materials,pcs,85,INR,Asian Paints,10k catalog row 1875
LRG-01876,Bulk SKU 1876,Lighting & Fixtures,pcs,86,INR,Bosch,10k catalog row 1876
LRG-01877,Bulk SKU 1877,Timber & Wood,pcs,87,INR,3M,10k catalog row 1877
LRG-01878,Bulk SKU 1878,Glass & Aluminium,pcs,88,INR,Jindal,10k catalog row 1878
LRG-01879,Bulk SKU 1879,Sanitary Ware,pcs,89,INR,Saint-Gobain,10k catalog row 1879
LRG-01880,Bulk SKU 1880,Steel & Metal,pcs,90,INR,UltraTech,10k catalog row 1880
LRG-01881,Bulk SKU 1881,Tiles & Flooring,pcs,91,INR,Tata,10k catalog row 1881
LRG-01882,Bulk SKU 1882,Electrical Supplies,pcs,92,INR,Kajaria,10k catalog row 1882
LRG-01883,Bulk SKU 1883,Plumbing & HVAC,pcs,93,INR,Havells,10k catalog row 1883
LRG-01884,Bulk SKU 1884,Paint & Finishes,pcs,94,INR,Jaquar,10k catalog row 1884
LRG-01885,Bulk SKU 1885,Building Materials,pcs,95,INR,Asian Paints,10k catalog row 1885
LRG-01886,Bulk SKU 1886,Lighting & Fixtures,pcs,96,INR,Bosch,10k catalog row 1886
LRG-01887,Bulk SKU 1887,Timber & Wood,pcs,97,INR,3M,10k catalog row 1887
LRG-01888,Bulk SKU 1888,Glass & Aluminium,pcs,98,INR,Jindal,10k catalog row 1888
LRG-01889,Bulk SKU 1889,Sanitary Ware,pcs,99,INR,Saint-Gobain,10k catalog row 1889
LRG-01890,Bulk SKU 1890,Steel & Metal,pcs,100,INR,UltraTech,10k catalog row 1890
LRG-01891,Bulk SKU 1891,Tiles & Flooring,pcs,101,INR,Tata,10k catalog row 1891
LRG-01892,Bulk SKU 1892,Electrical Supplies,pcs,102,INR,Kajaria,10k catalog row 1892
LRG-01893,Bulk SKU 1893,Plumbing & HVAC,pcs,103,INR,Havells,10k catalog row 1893
LRG-01894,Bulk SKU 1894,Paint & Finishes,pcs,104,INR,Jaquar,10k catalog row 1894
LRG-01895,Bulk SKU 1895,Building Materials,pcs,105,INR,Asian Paints,10k catalog row 1895
LRG-01896,Bulk SKU 1896,Lighting & Fixtures,pcs,106,INR,Bosch,10k catalog row 1896
LRG-01897,Bulk SKU 1897,Timber & Wood,pcs,107,INR,3M,10k catalog row 1897
LRG-01898,Bulk SKU 1898,Glass & Aluminium,pcs,108,INR,Jindal,10k catalog row 1898
LRG-01899,Bulk SKU 1899,Sanitary Ware,pcs,109,INR,Saint-Gobain,10k catalog row 1899
LRG-01900,Bulk SKU 1900,Steel & Metal,pcs,110,INR,UltraTech,10k catalog row 1900
LRG-01901,Bulk SKU 1901,Tiles & Flooring,pcs,111,INR,Tata,10k catalog row 1901
LRG-01902,Bulk SKU 1902,Electrical Supplies,pcs,112,INR,Kajaria,10k catalog row 1902
LRG-01903,Bulk SKU 1903,Plumbing & HVAC,pcs,113,INR,Havells,10k catalog row 1903
LRG-01904,Bulk SKU 1904,Paint & Finishes,pcs,114,INR,Jaquar,10k catalog row 1904
LRG-01905,Bulk SKU 1905,Building Materials,pcs,115,INR,Asian Paints,10k catalog row 1905
LRG-01906,Bulk SKU 1906,Lighting & Fixtures,pcs,116,INR,Bosch,10k catalog row 1906
LRG-01907,Bulk SKU 1907,Timber & Wood,pcs,117,INR,3M,10k catalog row 1907
LRG-01908,Bulk SKU 1908,Glass & Aluminium,pcs,118,INR,Jindal,10k catalog row 1908
LRG-01909,Bulk SKU 1909,Sanitary Ware,pcs,119,INR,Saint-Gobain,10k catalog row 1909
LRG-01910,Bulk SKU 1910,Steel & Metal,pcs,120,INR,UltraTech,10k catalog row 1910
LRG-01911,Bulk SKU 1911,Tiles & Flooring,pcs,121,INR,Tata,10k catalog row 1911
LRG-01912,Bulk SKU 1912,Electrical Supplies,pcs,122,INR,Kajaria,10k catalog row 1912
LRG-01913,Bulk SKU 1913,Plumbing & HVAC,pcs,123,INR,Havells,10k catalog row 1913
LRG-01914,Bulk SKU 1914,Paint & Finishes,pcs,124,INR,Jaquar,10k catalog row 1914
LRG-01915,Bulk SKU 1915,Building Materials,pcs,125,INR,Asian Paints,10k catalog row 1915
LRG-01916,Bulk SKU 1916,Lighting & Fixtures,pcs,126,INR,Bosch,10k catalog row 1916
LRG-01917,Bulk SKU 1917,Timber & Wood,pcs,127,INR,3M,10k catalog row 1917
LRG-01918,Bulk SKU 1918,Glass & Aluminium,pcs,128,INR,Jindal,10k catalog row 1918
LRG-01919,Bulk SKU 1919,Sanitary Ware,pcs,129,INR,Saint-Gobain,10k catalog row 1919
LRG-01920,Bulk SKU 1920,Steel & Metal,pcs,130,INR,UltraTech,10k catalog row 1920
LRG-01921,Bulk SKU 1921,Tiles & Flooring,pcs,131,INR,Tata,10k catalog row 1921
LRG-01922,Bulk SKU 1922,Electrical Supplies,pcs,132,INR,Kajaria,10k catalog row 1922
LRG-01923,Bulk SKU 1923,Plumbing & HVAC,pcs,133,INR,Havells,10k catalog row 1923
LRG-01924,Bulk SKU 1924,Paint & Finishes,pcs,134,INR,Jaquar,10k catalog row 1924
LRG-01925,Bulk SKU 1925,Building Materials,pcs,135,INR,Asian Paints,10k catalog row 1925
LRG-01926,Bulk SKU 1926,Lighting & Fixtures,pcs,136,INR,Bosch,10k catalog row 1926
LRG-01927,Bulk SKU 1927,Timber & Wood,pcs,137,INR,3M,10k catalog row 1927
LRG-01928,Bulk SKU 1928,Glass & Aluminium,pcs,138,INR,Jindal,10k catalog row 1928
LRG-01929,Bulk SKU 1929,Sanitary Ware,pcs,139,INR,Saint-Gobain,10k catalog row 1929
LRG-01930,Bulk SKU 1930,Steel & Metal,pcs,140,INR,UltraTech,10k catalog row 1930
LRG-01931,Bulk SKU 1931,Tiles & Flooring,pcs,141,INR,Tata,10k catalog row 1931
LRG-01932,Bulk SKU 1932,Electrical Supplies,pcs,142,INR,Kajaria,10k catalog row 1932
LRG-01933,Bulk SKU 1933,Plumbing & HVAC,pcs,143,INR,Havells,10k catalog row 1933
LRG-01934,Bulk SKU 1934,Paint & Finishes,pcs,144,INR,Jaquar,10k catalog row 1934
LRG-01935,Bulk SKU 1935,Building Materials,pcs,145,INR,Asian Paints,10k catalog row 1935
LRG-01936,Bulk SKU 1936,Lighting & Fixtures,pcs,146,INR,Bosch,10k catalog row 1936
LRG-01937,Bulk SKU 1937,Timber & Wood,pcs,147,INR,3M,10k catalog row 1937
LRG-01938,Bulk SKU 1938,Glass & Aluminium,pcs,148,INR,Jindal,10k catalog row 1938
LRG-01939,Bulk SKU 1939,Sanitary Ware,pcs,149,INR,Saint-Gobain,10k catalog row 1939
LRG-01940,Bulk SKU 1940,Steel & Metal,pcs,150,INR,UltraTech,10k catalog row 1940
LRG-01941,Bulk SKU 1941,Tiles & Flooring,pcs,151,INR,Tata,10k catalog row 1941
LRG-01942,Bulk SKU 1942,Electrical Supplies,pcs,152,INR,Kajaria,10k catalog row 1942
LRG-01943,Bulk SKU 1943,Plumbing & HVAC,pcs,153,INR,Havells,10k catalog row 1943
LRG-01944,Bulk SKU 1944,Paint & Finishes,pcs,154,INR,Jaquar,10k catalog row 1944
LRG-01945,Bulk SKU 1945,Building Materials,pcs,155,INR,Asian Paints,10k catalog row 1945
LRG-01946,Bulk SKU 1946,Lighting & Fixtures,pcs,156,INR,Bosch,10k catalog row 1946
LRG-01947,Bulk SKU 1947,Timber & Wood,pcs,157,INR,3M,10k catalog row 1947
LRG-01948,Bulk SKU 1948,Glass & Aluminium,pcs,158,INR,Jindal,10k catalog row 1948
LRG-01949,Bulk SKU 1949,Sanitary Ware,pcs,159,INR,Saint-Gobain,10k catalog row 1949
LRG-01950,Bulk SKU 1950,Steel & Metal,pcs,160,INR,UltraTech,10k catalog row 1950
LRG-01951,Bulk SKU 1951,Tiles & Flooring,pcs,161,INR,Tata,10k catalog row 1951
LRG-01952,Bulk SKU 1952,Electrical Supplies,pcs,162,INR,Kajaria,10k catalog row 1952
LRG-01953,Bulk SKU 1953,Plumbing & HVAC,pcs,163,INR,Havells,10k catalog row 1953
LRG-01954,Bulk SKU 1954,Paint & Finishes,pcs,164,INR,Jaquar,10k catalog row 1954
LRG-01955,Bulk SKU 1955,Building Materials,pcs,165,INR,Asian Paints,10k catalog row 1955
LRG-01956,Bulk SKU 1956,Lighting & Fixtures,pcs,166,INR,Bosch,10k catalog row 1956
LRG-01957,Bulk SKU 1957,Timber & Wood,pcs,167,INR,3M,10k catalog row 1957
LRG-01958,Bulk SKU 1958,Glass & Aluminium,pcs,168,INR,Jindal,10k catalog row 1958
LRG-01959,Bulk SKU 1959,Sanitary Ware,pcs,169,INR,Saint-Gobain,10k catalog row 1959
LRG-01960,Bulk SKU 1960,Steel & Metal,pcs,170,INR,UltraTech,10k catalog row 1960
LRG-01961,Bulk SKU 1961,Tiles & Flooring,pcs,171,INR,Tata,10k catalog row 1961
LRG-01962,Bulk SKU 1962,Electrical Supplies,pcs,172,INR,Kajaria,10k catalog row 1962
LRG-01963,Bulk SKU 1963,Plumbing & HVAC,pcs,173,INR,Havells,10k catalog row 1963
LRG-01964,Bulk SKU 1964,Paint & Finishes,pcs,174,INR,Jaquar,10k catalog row 1964
LRG-01965,Bulk SKU 1965,Building Materials,pcs,175,INR,Asian Paints,10k catalog row 1965
LRG-01966,Bulk SKU 1966,Lighting & Fixtures,pcs,176,INR,Bosch,10k catalog row 1966
LRG-01967,Bulk SKU 1967,Timber & Wood,pcs,177,INR,3M,10k catalog row 1967
LRG-01968,Bulk SKU 1968,Glass & Aluminium,pcs,178,INR,Jindal,10k catalog row 1968
LRG-01969,Bulk SKU 1969,Sanitary Ware,pcs,179,INR,Saint-Gobain,10k catalog row 1969
LRG-01970,Bulk SKU 1970,Steel & Metal,pcs,180,INR,UltraTech,10k catalog row 1970
LRG-01971,Bulk SKU 1971,Tiles & Flooring,pcs,181,INR,Tata,10k catalog row 1971
LRG-01972,Bulk SKU 1972,Electrical Supplies,pcs,182,INR,Kajaria,10k catalog row 1972
LRG-01973,Bulk SKU 1973,Plumbing & HVAC,pcs,183,INR,Havells,10k catalog row 1973
LRG-01974,Bulk SKU 1974,Paint & Finishes,pcs,184,INR,Jaquar,10k catalog row 1974
LRG-01975,Bulk SKU 1975,Building Materials,pcs,185,INR,Asian Paints,10k catalog row 1975
LRG-01976,Bulk SKU 1976,Lighting & Fixtures,pcs,186,INR,Bosch,10k catalog row 1976
LRG-01977,Bulk SKU 1977,Timber & Wood,pcs,187,INR,3M,10k catalog row 1977
LRG-01978,Bulk SKU 1978,Glass & Aluminium,pcs,188,INR,Jindal,10k catalog row 1978
LRG-01979,Bulk SKU 1979,Sanitary Ware,pcs,189,INR,Saint-Gobain,10k catalog row 1979
LRG-01980,Bulk SKU 1980,Steel & Metal,pcs,190,INR,UltraTech,10k catalog row 1980
LRG-01981,Bulk SKU 1981,Tiles & Flooring,pcs,191,INR,Tata,10k catalog row 1981
LRG-01982,Bulk SKU 1982,Electrical Supplies,pcs,192,INR,Kajaria,10k catalog row 1982
LRG-01983,Bulk SKU 1983,Plumbing & HVAC,pcs,193,INR,Havells,10k catalog row 1983
LRG-01984,Bulk SKU 1984,Paint & Finishes,pcs,194,INR,Jaquar,10k catalog row 1984
LRG-01985,Bulk SKU 1985,Building Materials,pcs,195,INR,Asian Paints,10k catalog row 1985
LRG-01986,Bulk SKU 1986,Lighting & Fixtures,pcs,196,INR,Bosch,10k catalog row 1986
LRG-01987,Bulk SKU 1987,Timber & Wood,pcs,197,INR,3M,10k catalog row 1987
LRG-01988,Bulk SKU 1988,Glass & Aluminium,pcs,198,INR,Jindal,10k catalog row 1988
LRG-01989,Bulk SKU 1989,Sanitary Ware,pcs,199,INR,Saint-Gobain,10k catalog row 1989
LRG-01990,Bulk SKU 1990,Steel & Metal,pcs,200,INR,UltraTech,10k catalog row 1990
LRG-01991,Bulk SKU 1991,Tiles & Flooring,pcs,201,INR,Tata,10k catalog row 1991
LRG-01992,Bulk SKU 1992,Electrical Supplies,pcs,202,INR,Kajaria,10k catalog row 1992
LRG-01993,Bulk SKU 1993,Plumbing & HVAC,pcs,203,INR,Havells,10k catalog row 1993
LRG-01994,Bulk SKU 1994,Paint & Finishes,pcs,204,INR,Jaquar,10k catalog row 1994
LRG-01995,Bulk SKU 1995,Building Materials,pcs,205,INR,Asian Paints,10k catalog row 1995
LRG-01996,Bulk SKU 1996,Lighting & Fixtures,pcs,206,INR,Bosch,10k catalog row 1996
LRG-01997,Bulk SKU 1997,Timber & Wood,pcs,207,INR,3M,10k catalog row 1997
LRG-01998,Bulk SKU 1998,Glass & Aluminium,pcs,208,INR,Jindal,10k catalog row 1998
LRG-01999,Bulk SKU 1999,Sanitary Ware,pcs,209,INR,Saint-Gobain,10k catalog row 1999
LRG-02000,Bulk SKU 2000,Steel & Metal,pcs,210,INR,UltraTech,10k catalog row 2000
LRG-02001,Bulk SKU 2001,Tiles & Flooring,pcs,211,INR,Tata,10k catalog row 2001
LRG-02002,Bulk SKU 2002,Electrical Supplies,pcs,212,INR,Kajaria,10k catalog row 2002
LRG-02003,Bulk SKU 2003,Plumbing & HVAC,pcs,213,INR,Havells,10k catalog row 2003
LRG-02004,Bulk SKU 2004,Paint & Finishes,pcs,214,INR,Jaquar,10k catalog row 2004
LRG-02005,Bulk SKU 2005,Building Materials,pcs,215,INR,Asian Paints,10k catalog row 2005
LRG-02006,Bulk SKU 2006,Lighting & Fixtures,pcs,216,INR,Bosch,10k catalog row 2006
LRG-02007,Bulk SKU 2007,Timber & Wood,pcs,217,INR,3M,10k catalog row 2007
LRG-02008,Bulk SKU 2008,Glass & Aluminium,pcs,218,INR,Jindal,10k catalog row 2008
LRG-02009,Bulk SKU 2009,Sanitary Ware,pcs,219,INR,Saint-Gobain,10k catalog row 2009
LRG-02010,Bulk SKU 2010,Steel & Metal,pcs,220,INR,UltraTech,10k catalog row 2010
LRG-02011,Bulk SKU 2011,Tiles & Flooring,pcs,221,INR,Tata,10k catalog row 2011
LRG-02012,Bulk SKU 2012,Electrical Supplies,pcs,222,INR,Kajaria,10k catalog row 2012
LRG-02013,Bulk SKU 2013,Plumbing & HVAC,pcs,223,INR,Havells,10k catalog row 2013
LRG-02014,Bulk SKU 2014,Paint & Finishes,pcs,224,INR,Jaquar,10k catalog row 2014
LRG-02015,Bulk SKU 2015,Building Materials,pcs,225,INR,Asian Paints,10k catalog row 2015
LRG-02016,Bulk SKU 2016,Lighting & Fixtures,pcs,226,INR,Bosch,10k catalog row 2016
LRG-02017,Bulk SKU 2017,Timber & Wood,pcs,227,INR,3M,10k catalog row 2017
LRG-02018,Bulk SKU 2018,Glass & Aluminium,pcs,228,INR,Jindal,10k catalog row 2018
LRG-02019,Bulk SKU 2019,Sanitary Ware,pcs,229,INR,Saint-Gobain,10k catalog row 2019
LRG-02020,Bulk SKU 2020,Steel & Metal,pcs,230,INR,UltraTech,10k catalog row 2020
LRG-02021,Bulk SKU 2021,Tiles & Flooring,pcs,231,INR,Tata,10k catalog row 2021
LRG-02022,Bulk SKU 2022,Electrical Supplies,pcs,232,INR,Kajaria,10k catalog row 2022
LRG-02023,Bulk SKU 2023,Plumbing & HVAC,pcs,233,INR,Havells,10k catalog row 2023
LRG-02024,Bulk SKU 2024,Paint & Finishes,pcs,234,INR,Jaquar,10k catalog row 2024
LRG-02025,Bulk SKU 2025,Building Materials,pcs,235,INR,Asian Paints,10k catalog row 2025
LRG-02026,Bulk SKU 2026,Lighting & Fixtures,pcs,236,INR,Bosch,10k catalog row 2026
LRG-02027,Bulk SKU 2027,Timber & Wood,pcs,237,INR,3M,10k catalog row 2027
LRG-02028,Bulk SKU 2028,Glass & Aluminium,pcs,238,INR,Jindal,10k catalog row 2028
LRG-02029,Bulk SKU 2029,Sanitary Ware,pcs,239,INR,Saint-Gobain,10k catalog row 2029
LRG-02030,Bulk SKU 2030,Steel & Metal,pcs,240,INR,UltraTech,10k catalog row 2030
LRG-02031,Bulk SKU 2031,Tiles & Flooring,pcs,241,INR,Tata,10k catalog row 2031
LRG-02032,Bulk SKU 2032,Electrical Supplies,pcs,242,INR,Kajaria,10k catalog row 2032
LRG-02033,Bulk SKU 2033,Plumbing & HVAC,pcs,243,INR,Havells,10k catalog row 2033
LRG-02034,Bulk SKU 2034,Paint & Finishes,pcs,244,INR,Jaquar,10k catalog row 2034
LRG-02035,Bulk SKU 2035,Building Materials,pcs,245,INR,Asian Paints,10k catalog row 2035
LRG-02036,Bulk SKU 2036,Lighting & Fixtures,pcs,246,INR,Bosch,10k catalog row 2036
LRG-02037,Bulk SKU 2037,Timber & Wood,pcs,247,INR,3M,10k catalog row 2037
LRG-02038,Bulk SKU 2038,Glass & Aluminium,pcs,248,INR,Jindal,10k catalog row 2038
LRG-02039,Bulk SKU 2039,Sanitary Ware,pcs,249,INR,Saint-Gobain,10k catalog row 2039
LRG-02040,Bulk SKU 2040,Steel & Metal,pcs,250,INR,UltraTech,10k catalog row 2040
LRG-02041,Bulk SKU 2041,Tiles & Flooring,pcs,251,INR,Tata,10k catalog row 2041
LRG-02042,Bulk SKU 2042,Electrical Supplies,pcs,252,INR,Kajaria,10k catalog row 2042
LRG-02043,Bulk SKU 2043,Plumbing & HVAC,pcs,253,INR,Havells,10k catalog row 2043
LRG-02044,Bulk SKU 2044,Paint & Finishes,pcs,254,INR,Jaquar,10k catalog row 2044
LRG-02045,Bulk SKU 2045,Building Materials,pcs,255,INR,Asian Paints,10k catalog row 2045
LRG-02046,Bulk SKU 2046,Lighting & Fixtures,pcs,256,INR,Bosch,10k catalog row 2046
LRG-02047,Bulk SKU 2047,Timber & Wood,pcs,257,INR,3M,10k catalog row 2047
LRG-02048,Bulk SKU 2048,Glass & Aluminium,pcs,258,INR,Jindal,10k catalog row 2048
LRG-02049,Bulk SKU 2049,Sanitary Ware,pcs,259,INR,Saint-Gobain,10k catalog row 2049
LRG-02050,Bulk SKU 2050,Steel & Metal,pcs,260,INR,UltraTech,10k catalog row 2050
LRG-02051,Bulk SKU 2051,Tiles & Flooring,pcs,261,INR,Tata,10k catalog row 2051
LRG-02052,Bulk SKU 2052,Electrical Supplies,pcs,262,INR,Kajaria,10k catalog row 2052
LRG-02053,Bulk SKU 2053,Plumbing & HVAC,pcs,263,INR,Havells,10k catalog row 2053
LRG-02054,Bulk SKU 2054,Paint & Finishes,pcs,264,INR,Jaquar,10k catalog row 2054
LRG-02055,Bulk SKU 2055,Building Materials,pcs,265,INR,Asian Paints,10k catalog row 2055
LRG-02056,Bulk SKU 2056,Lighting & Fixtures,pcs,266,INR,Bosch,10k catalog row 2056
LRG-02057,Bulk SKU 2057,Timber & Wood,pcs,267,INR,3M,10k catalog row 2057
LRG-02058,Bulk SKU 2058,Glass & Aluminium,pcs,268,INR,Jindal,10k catalog row 2058
LRG-02059,Bulk SKU 2059,Sanitary Ware,pcs,269,INR,Saint-Gobain,10k catalog row 2059
LRG-02060,Bulk SKU 2060,Steel & Metal,pcs,270,INR,UltraTech,10k catalog row 2060
LRG-02061,Bulk SKU 2061,Tiles & Flooring,pcs,271,INR,Tata,10k catalog row 2061
LRG-02062,Bulk SKU 2062,Electrical Supplies,pcs,272,INR,Kajaria,10k catalog row 2062
LRG-02063,Bulk SKU 2063,Plumbing & HVAC,pcs,273,INR,Havells,10k catalog row 2063
LRG-02064,Bulk SKU 2064,Paint & Finishes,pcs,274,INR,Jaquar,10k catalog row 2064
LRG-02065,Bulk SKU 2065,Building Materials,pcs,275,INR,Asian Paints,10k catalog row 2065
LRG-02066,Bulk SKU 2066,Lighting & Fixtures,pcs,276,INR,Bosch,10k catalog row 2066
LRG-02067,Bulk SKU 2067,Timber & Wood,pcs,277,INR,3M,10k catalog row 2067
LRG-02068,Bulk SKU 2068,Glass & Aluminium,pcs,278,INR,Jindal,10k catalog row 2068
LRG-02069,Bulk SKU 2069,Sanitary Ware,pcs,279,INR,Saint-Gobain,10k catalog row 2069
LRG-02070,Bulk SKU 2070,Steel & Metal,pcs,280,INR,UltraTech,10k catalog row 2070
LRG-02071,Bulk SKU 2071,Tiles & Flooring,pcs,281,INR,Tata,10k catalog row 2071
LRG-02072,Bulk SKU 2072,Electrical Supplies,pcs,282,INR,Kajaria,10k catalog row 2072
LRG-02073,Bulk SKU 2073,Plumbing & HVAC,pcs,283,INR,Havells,10k catalog row 2073
LRG-02074,Bulk SKU 2074,Paint & Finishes,pcs,284,INR,Jaquar,10k catalog row 2074
LRG-02075,Bulk SKU 2075,Building Materials,pcs,285,INR,Asian Paints,10k catalog row 2075
LRG-02076,Bulk SKU 2076,Lighting & Fixtures,pcs,286,INR,Bosch,10k catalog row 2076
LRG-02077,Bulk SKU 2077,Timber & Wood,pcs,287,INR,3M,10k catalog row 2077
LRG-02078,Bulk SKU 2078,Glass & Aluminium,pcs,288,INR,Jindal,10k catalog row 2078
LRG-02079,Bulk SKU 2079,Sanitary Ware,pcs,289,INR,Saint-Gobain,10k catalog row 2079
LRG-02080,Bulk SKU 2080,Steel & Metal,pcs,290,INR,UltraTech,10k catalog row 2080
LRG-02081,Bulk SKU 2081,Tiles & Flooring,pcs,291,INR,Tata,10k catalog row 2081
LRG-02082,Bulk SKU 2082,Electrical Supplies,pcs,292,INR,Kajaria,10k catalog row 2082
LRG-02083,Bulk SKU 2083,Plumbing & HVAC,pcs,293,INR,Havells,10k catalog row 2083
LRG-02084,Bulk SKU 2084,Paint & Finishes,pcs,294,INR,Jaquar,10k catalog row 2084
LRG-02085,Bulk SKU 2085,Building Materials,pcs,295,INR,Asian Paints,10k catalog row 2085
LRG-02086,Bulk SKU 2086,Lighting & Fixtures,pcs,296,INR,Bosch,10k catalog row 2086
LRG-02087,Bulk SKU 2087,Timber & Wood,pcs,297,INR,3M,10k catalog row 2087
LRG-02088,Bulk SKU 2088,Glass & Aluminium,pcs,298,INR,Jindal,10k catalog row 2088
LRG-02089,Bulk SKU 2089,Sanitary Ware,pcs,299,INR,Saint-Gobain,10k catalog row 2089
LRG-02090,Bulk SKU 2090,Steel & Metal,pcs,300,INR,UltraTech,10k catalog row 2090
LRG-02091,Bulk SKU 2091,Tiles & Flooring,pcs,301,INR,Tata,10k catalog row 2091
LRG-02092,Bulk SKU 2092,Electrical Supplies,pcs,302,INR,Kajaria,10k catalog row 2092
LRG-02093,Bulk SKU 2093,Plumbing & HVAC,pcs,303,INR,Havells,10k catalog row 2093
LRG-02094,Bulk SKU 2094,Paint & Finishes,pcs,304,INR,Jaquar,10k catalog row 2094
LRG-02095,Bulk SKU 2095,Building Materials,pcs,305,INR,Asian Paints,10k catalog row 2095
LRG-02096,Bulk SKU 2096,Lighting & Fixtures,pcs,306,INR,Bosch,10k catalog row 2096
LRG-02097,Bulk SKU 2097,Timber & Wood,pcs,307,INR,3M,10k catalog row 2097
LRG-02098,Bulk SKU 2098,Glass & Aluminium,pcs,308,INR,Jindal,10k catalog row 2098
LRG-02099,Bulk SKU 2099,Sanitary Ware,pcs,309,INR,Saint-Gobain,10k catalog row 2099
LRG-02100,Bulk SKU 2100,Steel & Metal,pcs,310,INR,UltraTech,10k catalog row 2100
LRG-02101,Bulk SKU 2101,Tiles & Flooring,pcs,311,INR,Tata,10k catalog row 2101
LRG-02102,Bulk SKU 2102,Electrical Supplies,pcs,312,INR,Kajaria,10k catalog row 2102
LRG-02103,Bulk SKU 2103,Plumbing & HVAC,pcs,313,INR,Havells,10k catalog row 2103
LRG-02104,Bulk SKU 2104,Paint & Finishes,pcs,314,INR,Jaquar,10k catalog row 2104
LRG-02105,Bulk SKU 2105,Building Materials,pcs,315,INR,Asian Paints,10k catalog row 2105
LRG-02106,Bulk SKU 2106,Lighting & Fixtures,pcs,316,INR,Bosch,10k catalog row 2106
LRG-02107,Bulk SKU 2107,Timber & Wood,pcs,317,INR,3M,10k catalog row 2107
LRG-02108,Bulk SKU 2108,Glass & Aluminium,pcs,318,INR,Jindal,10k catalog row 2108
LRG-02109,Bulk SKU 2109,Sanitary Ware,pcs,319,INR,Saint-Gobain,10k catalog row 2109
LRG-02110,Bulk SKU 2110,Steel & Metal,pcs,320,INR,UltraTech,10k catalog row 2110
LRG-02111,Bulk SKU 2111,Tiles & Flooring,pcs,321,INR,Tata,10k catalog row 2111
LRG-02112,Bulk SKU 2112,Electrical Supplies,pcs,322,INR,Kajaria,10k catalog row 2112
LRG-02113,Bulk SKU 2113,Plumbing & HVAC,pcs,323,INR,Havells,10k catalog row 2113
LRG-02114,Bulk SKU 2114,Paint & Finishes,pcs,324,INR,Jaquar,10k catalog row 2114
LRG-02115,Bulk SKU 2115,Building Materials,pcs,325,INR,Asian Paints,10k catalog row 2115
LRG-02116,Bulk SKU 2116,Lighting & Fixtures,pcs,326,INR,Bosch,10k catalog row 2116
LRG-02117,Bulk SKU 2117,Timber & Wood,pcs,327,INR,3M,10k catalog row 2117
LRG-02118,Bulk SKU 2118,Glass & Aluminium,pcs,328,INR,Jindal,10k catalog row 2118
LRG-02119,Bulk SKU 2119,Sanitary Ware,pcs,329,INR,Saint-Gobain,10k catalog row 2119
LRG-02120,Bulk SKU 2120,Steel & Metal,pcs,330,INR,UltraTech,10k catalog row 2120
LRG-02121,Bulk SKU 2121,Tiles & Flooring,pcs,331,INR,Tata,10k catalog row 2121
LRG-02122,Bulk SKU 2122,Electrical Supplies,pcs,332,INR,Kajaria,10k catalog row 2122
LRG-02123,Bulk SKU 2123,Plumbing & HVAC,pcs,333,INR,Havells,10k catalog row 2123
LRG-02124,Bulk SKU 2124,Paint & Finishes,pcs,334,INR,Jaquar,10k catalog row 2124
LRG-02125,Bulk SKU 2125,Building Materials,pcs,335,INR,Asian Paints,10k catalog row 2125
LRG-02126,Bulk SKU 2126,Lighting & Fixtures,pcs,336,INR,Bosch,10k catalog row 2126
LRG-02127,Bulk SKU 2127,Timber & Wood,pcs,337,INR,3M,10k catalog row 2127
LRG-02128,Bulk SKU 2128,Glass & Aluminium,pcs,338,INR,Jindal,10k catalog row 2128
LRG-02129,Bulk SKU 2129,Sanitary Ware,pcs,339,INR,Saint-Gobain,10k catalog row 2129
LRG-02130,Bulk SKU 2130,Steel & Metal,pcs,340,INR,UltraTech,10k catalog row 2130
LRG-02131,Bulk SKU 2131,Tiles & Flooring,pcs,341,INR,Tata,10k catalog row 2131
LRG-02132,Bulk SKU 2132,Electrical Supplies,pcs,342,INR,Kajaria,10k catalog row 2132
LRG-02133,Bulk SKU 2133,Plumbing & HVAC,pcs,343,INR,Havells,10k catalog row 2133
LRG-02134,Bulk SKU 2134,Paint & Finishes,pcs,344,INR,Jaquar,10k catalog row 2134
LRG-02135,Bulk SKU 2135,Building Materials,pcs,345,INR,Asian Paints,10k catalog row 2135
LRG-02136,Bulk SKU 2136,Lighting & Fixtures,pcs,346,INR,Bosch,10k catalog row 2136
LRG-02137,Bulk SKU 2137,Timber & Wood,pcs,347,INR,3M,10k catalog row 2137
LRG-02138,Bulk SKU 2138,Glass & Aluminium,pcs,348,INR,Jindal,10k catalog row 2138
LRG-02139,Bulk SKU 2139,Sanitary Ware,pcs,349,INR,Saint-Gobain,10k catalog row 2139
LRG-02140,Bulk SKU 2140,Steel & Metal,pcs,350,INR,UltraTech,10k catalog row 2140
LRG-02141,Bulk SKU 2141,Tiles & Flooring,pcs,351,INR,Tata,10k catalog row 2141
LRG-02142,Bulk SKU 2142,Electrical Supplies,pcs,352,INR,Kajaria,10k catalog row 2142
LRG-02143,Bulk SKU 2143,Plumbing & HVAC,pcs,353,INR,Havells,10k catalog row 2143
LRG-02144,Bulk SKU 2144,Paint & Finishes,pcs,354,INR,Jaquar,10k catalog row 2144
LRG-02145,Bulk SKU 2145,Building Materials,pcs,355,INR,Asian Paints,10k catalog row 2145
LRG-02146,Bulk SKU 2146,Lighting & Fixtures,pcs,356,INR,Bosch,10k catalog row 2146
LRG-02147,Bulk SKU 2147,Timber & Wood,pcs,357,INR,3M,10k catalog row 2147
LRG-02148,Bulk SKU 2148,Glass & Aluminium,pcs,358,INR,Jindal,10k catalog row 2148
LRG-02149,Bulk SKU 2149,Sanitary Ware,pcs,359,INR,Saint-Gobain,10k catalog row 2149
LRG-02150,Bulk SKU 2150,Steel & Metal,pcs,360,INR,UltraTech,10k catalog row 2150
LRG-02151,Bulk SKU 2151,Tiles & Flooring,pcs,361,INR,Tata,10k catalog row 2151
LRG-02152,Bulk SKU 2152,Electrical Supplies,pcs,362,INR,Kajaria,10k catalog row 2152
LRG-02153,Bulk SKU 2153,Plumbing & HVAC,pcs,363,INR,Havells,10k catalog row 2153
LRG-02154,Bulk SKU 2154,Paint & Finishes,pcs,364,INR,Jaquar,10k catalog row 2154
LRG-02155,Bulk SKU 2155,Building Materials,pcs,365,INR,Asian Paints,10k catalog row 2155
LRG-02156,Bulk SKU 2156,Lighting & Fixtures,pcs,366,INR,Bosch,10k catalog row 2156
LRG-02157,Bulk SKU 2157,Timber & Wood,pcs,367,INR,3M,10k catalog row 2157
LRG-02158,Bulk SKU 2158,Glass & Aluminium,pcs,368,INR,Jindal,10k catalog row 2158
LRG-02159,Bulk SKU 2159,Sanitary Ware,pcs,369,INR,Saint-Gobain,10k catalog row 2159
LRG-02160,Bulk SKU 2160,Steel & Metal,pcs,370,INR,UltraTech,10k catalog row 2160
LRG-02161,Bulk SKU 2161,Tiles & Flooring,pcs,371,INR,Tata,10k catalog row 2161
LRG-02162,Bulk SKU 2162,Electrical Supplies,pcs,372,INR,Kajaria,10k catalog row 2162
LRG-02163,Bulk SKU 2163,Plumbing & HVAC,pcs,373,INR,Havells,10k catalog row 2163
LRG-02164,Bulk SKU 2164,Paint & Finishes,pcs,374,INR,Jaquar,10k catalog row 2164
LRG-02165,Bulk SKU 2165,Building Materials,pcs,375,INR,Asian Paints,10k catalog row 2165
LRG-02166,Bulk SKU 2166,Lighting & Fixtures,pcs,376,INR,Bosch,10k catalog row 2166
LRG-02167,Bulk SKU 2167,Timber & Wood,pcs,377,INR,3M,10k catalog row 2167
LRG-02168,Bulk SKU 2168,Glass & Aluminium,pcs,378,INR,Jindal,10k catalog row 2168
LRG-02169,Bulk SKU 2169,Sanitary Ware,pcs,379,INR,Saint-Gobain,10k catalog row 2169
LRG-02170,Bulk SKU 2170,Steel & Metal,pcs,380,INR,UltraTech,10k catalog row 2170
LRG-02171,Bulk SKU 2171,Tiles & Flooring,pcs,381,INR,Tata,10k catalog row 2171
LRG-02172,Bulk SKU 2172,Electrical Supplies,pcs,382,INR,Kajaria,10k catalog row 2172
LRG-02173,Bulk SKU 2173,Plumbing & HVAC,pcs,383,INR,Havells,10k catalog row 2173
LRG-02174,Bulk SKU 2174,Paint & Finishes,pcs,384,INR,Jaquar,10k catalog row 2174
LRG-02175,Bulk SKU 2175,Building Materials,pcs,385,INR,Asian Paints,10k catalog row 2175
LRG-02176,Bulk SKU 2176,Lighting & Fixtures,pcs,386,INR,Bosch,10k catalog row 2176
LRG-02177,Bulk SKU 2177,Timber & Wood,pcs,387,INR,3M,10k catalog row 2177
LRG-02178,Bulk SKU 2178,Glass & Aluminium,pcs,388,INR,Jindal,10k catalog row 2178
LRG-02179,Bulk SKU 2179,Sanitary Ware,pcs,389,INR,Saint-Gobain,10k catalog row 2179
LRG-02180,Bulk SKU 2180,Steel & Metal,pcs,390,INR,UltraTech,10k catalog row 2180
LRG-02181,Bulk SKU 2181,Tiles & Flooring,pcs,391,INR,Tata,10k catalog row 2181
LRG-02182,Bulk SKU 2182,Electrical Supplies,pcs,392,INR,Kajaria,10k catalog row 2182
LRG-02183,Bulk SKU 2183,Plumbing & HVAC,pcs,393,INR,Havells,10k catalog row 2183
LRG-02184,Bulk SKU 2184,Paint & Finishes,pcs,394,INR,Jaquar,10k catalog row 2184
LRG-02185,Bulk SKU 2185,Building Materials,pcs,395,INR,Asian Paints,10k catalog row 2185
LRG-02186,Bulk SKU 2186,Lighting & Fixtures,pcs,396,INR,Bosch,10k catalog row 2186
LRG-02187,Bulk SKU 2187,Timber & Wood,pcs,397,INR,3M,10k catalog row 2187
LRG-02188,Bulk SKU 2188,Glass & Aluminium,pcs,398,INR,Jindal,10k catalog row 2188
LRG-02189,Bulk SKU 2189,Sanitary Ware,pcs,399,INR,Saint-Gobain,10k catalog row 2189
LRG-02190,Bulk SKU 2190,Steel & Metal,pcs,400,INR,UltraTech,10k catalog row 2190
LRG-02191,Bulk SKU 2191,Tiles & Flooring,pcs,401,INR,Tata,10k catalog row 2191
LRG-02192,Bulk SKU 2192,Electrical Supplies,pcs,402,INR,Kajaria,10k catalog row 2192
LRG-02193,Bulk SKU 2193,Plumbing & HVAC,pcs,403,INR,Havells,10k catalog row 2193
LRG-02194,Bulk SKU 2194,Paint & Finishes,pcs,404,INR,Jaquar,10k catalog row 2194
LRG-02195,Bulk SKU 2195,Building Materials,pcs,405,INR,Asian Paints,10k catalog row 2195
LRG-02196,Bulk SKU 2196,Lighting & Fixtures,pcs,406,INR,Bosch,10k catalog row 2196
LRG-02197,Bulk SKU 2197,Timber & Wood,pcs,407,INR,3M,10k catalog row 2197
LRG-02198,Bulk SKU 2198,Glass & Aluminium,pcs,408,INR,Jindal,10k catalog row 2198
LRG-02199,Bulk SKU 2199,Sanitary Ware,pcs,409,INR,Saint-Gobain,10k catalog row 2199
LRG-02200,Bulk SKU 2200,Steel & Metal,pcs,410,INR,UltraTech,10k catalog row 2200
LRG-02201,Bulk SKU 2201,Tiles & Flooring,pcs,411,INR,Tata,10k catalog row 2201
LRG-02202,Bulk SKU 2202,Electrical Supplies,pcs,412,INR,Kajaria,10k catalog row 2202
LRG-02203,Bulk SKU 2203,Plumbing & HVAC,pcs,413,INR,Havells,10k catalog row 2203
LRG-02204,Bulk SKU 2204,Paint & Finishes,pcs,414,INR,Jaquar,10k catalog row 2204
LRG-02205,Bulk SKU 2205,Building Materials,pcs,415,INR,Asian Paints,10k catalog row 2205
LRG-02206,Bulk SKU 2206,Lighting & Fixtures,pcs,416,INR,Bosch,10k catalog row 2206
LRG-02207,Bulk SKU 2207,Timber & Wood,pcs,417,INR,3M,10k catalog row 2207
LRG-02208,Bulk SKU 2208,Glass & Aluminium,pcs,418,INR,Jindal,10k catalog row 2208
LRG-02209,Bulk SKU 2209,Sanitary Ware,pcs,419,INR,Saint-Gobain,10k catalog row 2209
LRG-02210,Bulk SKU 2210,Steel & Metal,pcs,420,INR,UltraTech,10k catalog row 2210
LRG-02211,Bulk SKU 2211,Tiles & Flooring,pcs,421,INR,Tata,10k catalog row 2211
LRG-02212,Bulk SKU 2212,Electrical Supplies,pcs,422,INR,Kajaria,10k catalog row 2212
LRG-02213,Bulk SKU 2213,Plumbing & HVAC,pcs,423,INR,Havells,10k catalog row 2213
LRG-02214,Bulk SKU 2214,Paint & Finishes,pcs,424,INR,Jaquar,10k catalog row 2214
LRG-02215,Bulk SKU 2215,Building Materials,pcs,425,INR,Asian Paints,10k catalog row 2215
LRG-02216,Bulk SKU 2216,Lighting & Fixtures,pcs,426,INR,Bosch,10k catalog row 2216
LRG-02217,Bulk SKU 2217,Timber & Wood,pcs,427,INR,3M,10k catalog row 2217
LRG-02218,Bulk SKU 2218,Glass & Aluminium,pcs,428,INR,Jindal,10k catalog row 2218
LRG-02219,Bulk SKU 2219,Sanitary Ware,pcs,429,INR,Saint-Gobain,10k catalog row 2219
LRG-02220,Bulk SKU 2220,Steel & Metal,pcs,430,INR,UltraTech,10k catalog row 2220
LRG-02221,Bulk SKU 2221,Tiles & Flooring,pcs,431,INR,Tata,10k catalog row 2221
LRG-02222,Bulk SKU 2222,Electrical Supplies,pcs,432,INR,Kajaria,10k catalog row 2222
LRG-02223,Bulk SKU 2223,Plumbing & HVAC,pcs,433,INR,Havells,10k catalog row 2223
LRG-02224,Bulk SKU 2224,Paint & Finishes,pcs,434,INR,Jaquar,10k catalog row 2224
LRG-02225,Bulk SKU 2225,Building Materials,pcs,435,INR,Asian Paints,10k catalog row 2225
LRG-02226,Bulk SKU 2226,Lighting & Fixtures,pcs,436,INR,Bosch,10k catalog row 2226
LRG-02227,Bulk SKU 2227,Timber & Wood,pcs,437,INR,3M,10k catalog row 2227
LRG-02228,Bulk SKU 2228,Glass & Aluminium,pcs,438,INR,Jindal,10k catalog row 2228
LRG-02229,Bulk SKU 2229,Sanitary Ware,pcs,439,INR,Saint-Gobain,10k catalog row 2229
LRG-02230,Bulk SKU 2230,Steel & Metal,pcs,440,INR,UltraTech,10k catalog row 2230
LRG-02231,Bulk SKU 2231,Tiles & Flooring,pcs,441,INR,Tata,10k catalog row 2231
LRG-02232,Bulk SKU 2232,Electrical Supplies,pcs,442,INR,Kajaria,10k catalog row 2232
LRG-02233,Bulk SKU 2233,Plumbing & HVAC,pcs,443,INR,Havells,10k catalog row 2233
LRG-02234,Bulk SKU 2234,Paint & Finishes,pcs,444,INR,Jaquar,10k catalog row 2234
LRG-02235,Bulk SKU 2235,Building Materials,pcs,445,INR,Asian Paints,10k catalog row 2235
LRG-02236,Bulk SKU 2236,Lighting & Fixtures,pcs,446,INR,Bosch,10k catalog row 2236
LRG-02237,Bulk SKU 2237,Timber & Wood,pcs,447,INR,3M,10k catalog row 2237
LRG-02238,Bulk SKU 2238,Glass & Aluminium,pcs,448,INR,Jindal,10k catalog row 2238
LRG-02239,Bulk SKU 2239,Sanitary Ware,pcs,449,INR,Saint-Gobain,10k catalog row 2239
LRG-02240,Bulk SKU 2240,Steel & Metal,pcs,450,INR,UltraTech,10k catalog row 2240
LRG-02241,Bulk SKU 2241,Tiles & Flooring,pcs,451,INR,Tata,10k catalog row 2241
LRG-02242,Bulk SKU 2242,Electrical Supplies,pcs,452,INR,Kajaria,10k catalog row 2242
LRG-02243,Bulk SKU 2243,Plumbing & HVAC,pcs,453,INR,Havells,10k catalog row 2243
LRG-02244,Bulk SKU 2244,Paint & Finishes,pcs,454,INR,Jaquar,10k catalog row 2244
LRG-02245,Bulk SKU 2245,Building Materials,pcs,455,INR,Asian Paints,10k catalog row 2245
LRG-02246,Bulk SKU 2246,Lighting & Fixtures,pcs,456,INR,Bosch,10k catalog row 2246
LRG-02247,Bulk SKU 2247,Timber & Wood,pcs,457,INR,3M,10k catalog row 2247
LRG-02248,Bulk SKU 2248,Glass & Aluminium,pcs,458,INR,Jindal,10k catalog row 2248
LRG-02249,Bulk SKU 2249,Sanitary Ware,pcs,459,INR,Saint-Gobain,10k catalog row 2249
LRG-02250,Bulk SKU 2250,Steel & Metal,pcs,460,INR,UltraTech,10k catalog row 2250
LRG-02251,Bulk SKU 2251,Tiles & Flooring,pcs,461,INR,Tata,10k catalog row 2251
LRG-02252,Bulk SKU 2252,Electrical Supplies,pcs,462,INR,Kajaria,10k catalog row 2252
LRG-02253,Bulk SKU 2253,Plumbing & HVAC,pcs,463,INR,Havells,10k catalog row 2253
LRG-02254,Bulk SKU 2254,Paint & Finishes,pcs,464,INR,Jaquar,10k catalog row 2254
LRG-02255,Bulk SKU 2255,Building Materials,pcs,465,INR,Asian Paints,10k catalog row 2255
LRG-02256,Bulk SKU 2256,Lighting & Fixtures,pcs,466,INR,Bosch,10k catalog row 2256
LRG-02257,Bulk SKU 2257,Timber & Wood,pcs,467,INR,3M,10k catalog row 2257
LRG-02258,Bulk SKU 2258,Glass & Aluminium,pcs,468,INR,Jindal,10k catalog row 2258
LRG-02259,Bulk SKU 2259,Sanitary Ware,pcs,469,INR,Saint-Gobain,10k catalog row 2259
LRG-02260,Bulk SKU 2260,Steel & Metal,pcs,470,INR,UltraTech,10k catalog row 2260
LRG-02261,Bulk SKU 2261,Tiles & Flooring,pcs,471,INR,Tata,10k catalog row 2261
LRG-02262,Bulk SKU 2262,Electrical Supplies,pcs,472,INR,Kajaria,10k catalog row 2262
LRG-02263,Bulk SKU 2263,Plumbing & HVAC,pcs,473,INR,Havells,10k catalog row 2263
LRG-02264,Bulk SKU 2264,Paint & Finishes,pcs,474,INR,Jaquar,10k catalog row 2264
LRG-02265,Bulk SKU 2265,Building Materials,pcs,475,INR,Asian Paints,10k catalog row 2265
LRG-02266,Bulk SKU 2266,Lighting & Fixtures,pcs,476,INR,Bosch,10k catalog row 2266
LRG-02267,Bulk SKU 2267,Timber & Wood,pcs,477,INR,3M,10k catalog row 2267
LRG-02268,Bulk SKU 2268,Glass & Aluminium,pcs,478,INR,Jindal,10k catalog row 2268
LRG-02269,Bulk SKU 2269,Sanitary Ware,pcs,479,INR,Saint-Gobain,10k catalog row 2269
LRG-02270,Bulk SKU 2270,Steel & Metal,pcs,480,INR,UltraTech,10k catalog row 2270
LRG-02271,Bulk SKU 2271,Tiles & Flooring,pcs,481,INR,Tata,10k catalog row 2271
LRG-02272,Bulk SKU 2272,Electrical Supplies,pcs,482,INR,Kajaria,10k catalog row 2272
LRG-02273,Bulk SKU 2273,Plumbing & HVAC,pcs,483,INR,Havells,10k catalog row 2273
LRG-02274,Bulk SKU 2274,Paint & Finishes,pcs,484,INR,Jaquar,10k catalog row 2274
LRG-02275,Bulk SKU 2275,Building Materials,pcs,485,INR,Asian Paints,10k catalog row 2275
LRG-02276,Bulk SKU 2276,Lighting & Fixtures,pcs,486,INR,Bosch,10k catalog row 2276
LRG-02277,Bulk SKU 2277,Timber & Wood,pcs,487,INR,3M,10k catalog row 2277
LRG-02278,Bulk SKU 2278,Glass & Aluminium,pcs,488,INR,Jindal,10k catalog row 2278
LRG-02279,Bulk SKU 2279,Sanitary Ware,pcs,489,INR,Saint-Gobain,10k catalog row 2279
LRG-02280,Bulk SKU 2280,Steel & Metal,pcs,490,INR,UltraTech,10k catalog row 2280
LRG-02281,Bulk SKU 2281,Tiles & Flooring,pcs,491,INR,Tata,10k catalog row 2281
LRG-02282,Bulk SKU 2282,Electrical Supplies,pcs,492,INR,Kajaria,10k catalog row 2282
LRG-02283,Bulk SKU 2283,Plumbing & HVAC,pcs,493,INR,Havells,10k catalog row 2283
LRG-02284,Bulk SKU 2284,Paint & Finishes,pcs,494,INR,Jaquar,10k catalog row 2284
LRG-02285,Bulk SKU 2285,Building Materials,pcs,495,INR,Asian Paints,10k catalog row 2285
LRG-02286,Bulk SKU 2286,Lighting & Fixtures,pcs,496,INR,Bosch,10k catalog row 2286
LRG-02287,Bulk SKU 2287,Timber & Wood,pcs,497,INR,3M,10k catalog row 2287
LRG-02288,Bulk SKU 2288,Glass & Aluminium,pcs,498,INR,Jindal,10k catalog row 2288
LRG-02289,Bulk SKU 2289,Sanitary Ware,pcs,499,INR,Saint-Gobain,10k catalog row 2289
LRG-02290,Bulk SKU 2290,Steel & Metal,pcs,500,INR,UltraTech,10k catalog row 2290
LRG-02291,Bulk SKU 2291,Tiles & Flooring,pcs,501,INR,Tata,10k catalog row 2291
LRG-02292,Bulk SKU 2292,Electrical Supplies,pcs,502,INR,Kajaria,10k catalog row 2292
LRG-02293,Bulk SKU 2293,Plumbing & HVAC,pcs,503,INR,Havells,10k catalog row 2293
LRG-02294,Bulk SKU 2294,Paint & Finishes,pcs,504,INR,Jaquar,10k catalog row 2294
LRG-02295,Bulk SKU 2295,Building Materials,pcs,505,INR,Asian Paints,10k catalog row 2295
LRG-02296,Bulk SKU 2296,Lighting & Fixtures,pcs,506,INR,Bosch,10k catalog row 2296
LRG-02297,Bulk SKU 2297,Timber & Wood,pcs,507,INR,3M,10k catalog row 2297
LRG-02298,Bulk SKU 2298,Glass & Aluminium,pcs,508,INR,Jindal,10k catalog row 2298
LRG-02299,Bulk SKU 2299,Sanitary Ware,pcs,509,INR,Saint-Gobain,10k catalog row 2299
LRG-02300,Bulk SKU 2300,Steel & Metal,pcs,510,INR,UltraTech,10k catalog row 2300
LRG-02301,Bulk SKU 2301,Tiles & Flooring,pcs,511,INR,Tata,10k catalog row 2301
LRG-02302,Bulk SKU 2302,Electrical Supplies,pcs,512,INR,Kajaria,10k catalog row 2302
LRG-02303,Bulk SKU 2303,Plumbing & HVAC,pcs,513,INR,Havells,10k catalog row 2303
LRG-02304,Bulk SKU 2304,Paint & Finishes,pcs,514,INR,Jaquar,10k catalog row 2304
LRG-02305,Bulk SKU 2305,Building Materials,pcs,515,INR,Asian Paints,10k catalog row 2305
LRG-02306,Bulk SKU 2306,Lighting & Fixtures,pcs,516,INR,Bosch,10k catalog row 2306
LRG-02307,Bulk SKU 2307,Timber & Wood,pcs,517,INR,3M,10k catalog row 2307
LRG-02308,Bulk SKU 2308,Glass & Aluminium,pcs,518,INR,Jindal,10k catalog row 2308
LRG-02309,Bulk SKU 2309,Sanitary Ware,pcs,519,INR,Saint-Gobain,10k catalog row 2309
LRG-02310,Bulk SKU 2310,Steel & Metal,pcs,520,INR,UltraTech,10k catalog row 2310
LRG-02311,Bulk SKU 2311,Tiles & Flooring,pcs,521,INR,Tata,10k catalog row 2311
LRG-02312,Bulk SKU 2312,Electrical Supplies,pcs,522,INR,Kajaria,10k catalog row 2312
LRG-02313,Bulk SKU 2313,Plumbing & HVAC,pcs,523,INR,Havells,10k catalog row 2313
LRG-02314,Bulk SKU 2314,Paint & Finishes,pcs,524,INR,Jaquar,10k catalog row 2314
LRG-02315,Bulk SKU 2315,Building Materials,pcs,525,INR,Asian Paints,10k catalog row 2315
LRG-02316,Bulk SKU 2316,Lighting & Fixtures,pcs,526,INR,Bosch,10k catalog row 2316
LRG-02317,Bulk SKU 2317,Timber & Wood,pcs,527,INR,3M,10k catalog row 2317
LRG-02318,Bulk SKU 2318,Glass & Aluminium,pcs,528,INR,Jindal,10k catalog row 2318
LRG-02319,Bulk SKU 2319,Sanitary Ware,pcs,529,INR,Saint-Gobain,10k catalog row 2319
LRG-02320,Bulk SKU 2320,Steel & Metal,pcs,530,INR,UltraTech,10k catalog row 2320
LRG-02321,Bulk SKU 2321,Tiles & Flooring,pcs,531,INR,Tata,10k catalog row 2321
LRG-02322,Bulk SKU 2322,Electrical Supplies,pcs,532,INR,Kajaria,10k catalog row 2322
LRG-02323,Bulk SKU 2323,Plumbing & HVAC,pcs,533,INR,Havells,10k catalog row 2323
LRG-02324,Bulk SKU 2324,Paint & Finishes,pcs,534,INR,Jaquar,10k catalog row 2324
LRG-02325,Bulk SKU 2325,Building Materials,pcs,535,INR,Asian Paints,10k catalog row 2325
LRG-02326,Bulk SKU 2326,Lighting & Fixtures,pcs,536,INR,Bosch,10k catalog row 2326
LRG-02327,Bulk SKU 2327,Timber & Wood,pcs,537,INR,3M,10k catalog row 2327
LRG-02328,Bulk SKU 2328,Glass & Aluminium,pcs,538,INR,Jindal,10k catalog row 2328
LRG-02329,Bulk SKU 2329,Sanitary Ware,pcs,539,INR,Saint-Gobain,10k catalog row 2329
LRG-02330,Bulk SKU 2330,Steel & Metal,pcs,540,INR,UltraTech,10k catalog row 2330
LRG-02331,Bulk SKU 2331,Tiles & Flooring,pcs,541,INR,Tata,10k catalog row 2331
LRG-02332,Bulk SKU 2332,Electrical Supplies,pcs,542,INR,Kajaria,10k catalog row 2332
LRG-02333,Bulk SKU 2333,Plumbing & HVAC,pcs,543,INR,Havells,10k catalog row 2333
LRG-02334,Bulk SKU 2334,Paint & Finishes,pcs,544,INR,Jaquar,10k catalog row 2334
LRG-02335,Bulk SKU 2335,Building Materials,pcs,545,INR,Asian Paints,10k catalog row 2335
LRG-02336,Bulk SKU 2336,Lighting & Fixtures,pcs,546,INR,Bosch,10k catalog row 2336
LRG-02337,Bulk SKU 2337,Timber & Wood,pcs,547,INR,3M,10k catalog row 2337
LRG-02338,Bulk SKU 2338,Glass & Aluminium,pcs,548,INR,Jindal,10k catalog row 2338
LRG-02339,Bulk SKU 2339,Sanitary Ware,pcs,549,INR,Saint-Gobain,10k catalog row 2339
LRG-02340,Bulk SKU 2340,Steel & Metal,pcs,550,INR,UltraTech,10k catalog row 2340
LRG-02341,Bulk SKU 2341,Tiles & Flooring,pcs,551,INR,Tata,10k catalog row 2341
LRG-02342,Bulk SKU 2342,Electrical Supplies,pcs,552,INR,Kajaria,10k catalog row 2342
LRG-02343,Bulk SKU 2343,Plumbing & HVAC,pcs,553,INR,Havells,10k catalog row 2343
LRG-02344,Bulk SKU 2344,Paint & Finishes,pcs,554,INR,Jaquar,10k catalog row 2344
LRG-02345,Bulk SKU 2345,Building Materials,pcs,555,INR,Asian Paints,10k catalog row 2345
LRG-02346,Bulk SKU 2346,Lighting & Fixtures,pcs,556,INR,Bosch,10k catalog row 2346
LRG-02347,Bulk SKU 2347,Timber & Wood,pcs,557,INR,3M,10k catalog row 2347
LRG-02348,Bulk SKU 2348,Glass & Aluminium,pcs,558,INR,Jindal,10k catalog row 2348
LRG-02349,Bulk SKU 2349,Sanitary Ware,pcs,559,INR,Saint-Gobain,10k catalog row 2349
LRG-02350,Bulk SKU 2350,Steel & Metal,pcs,560,INR,UltraTech,10k catalog row 2350
LRG-02351,Bulk SKU 2351,Tiles & Flooring,pcs,561,INR,Tata,10k catalog row 2351
LRG-02352,Bulk SKU 2352,Electrical Supplies,pcs,562,INR,Kajaria,10k catalog row 2352
LRG-02353,Bulk SKU 2353,Plumbing & HVAC,pcs,563,INR,Havells,10k catalog row 2353
LRG-02354,Bulk SKU 2354,Paint & Finishes,pcs,564,INR,Jaquar,10k catalog row 2354
LRG-02355,Bulk SKU 2355,Building Materials,pcs,565,INR,Asian Paints,10k catalog row 2355
LRG-02356,Bulk SKU 2356,Lighting & Fixtures,pcs,566,INR,Bosch,10k catalog row 2356
LRG-02357,Bulk SKU 2357,Timber & Wood,pcs,567,INR,3M,10k catalog row 2357
LRG-02358,Bulk SKU 2358,Glass & Aluminium,pcs,568,INR,Jindal,10k catalog row 2358
LRG-02359,Bulk SKU 2359,Sanitary Ware,pcs,569,INR,Saint-Gobain,10k catalog row 2359
LRG-02360,Bulk SKU 2360,Steel & Metal,pcs,570,INR,UltraTech,10k catalog row 2360
LRG-02361,Bulk SKU 2361,Tiles & Flooring,pcs,571,INR,Tata,10k catalog row 2361
LRG-02362,Bulk SKU 2362,Electrical Supplies,pcs,572,INR,Kajaria,10k catalog row 2362
LRG-02363,Bulk SKU 2363,Plumbing & HVAC,pcs,573,INR,Havells,10k catalog row 2363
LRG-02364,Bulk SKU 2364,Paint & Finishes,pcs,574,INR,Jaquar,10k catalog row 2364
LRG-02365,Bulk SKU 2365,Building Materials,pcs,575,INR,Asian Paints,10k catalog row 2365
LRG-02366,Bulk SKU 2366,Lighting & Fixtures,pcs,576,INR,Bosch,10k catalog row 2366
LRG-02367,Bulk SKU 2367,Timber & Wood,pcs,577,INR,3M,10k catalog row 2367
LRG-02368,Bulk SKU 2368,Glass & Aluminium,pcs,578,INR,Jindal,10k catalog row 2368
LRG-02369,Bulk SKU 2369,Sanitary Ware,pcs,579,INR,Saint-Gobain,10k catalog row 2369
LRG-02370,Bulk SKU 2370,Steel & Metal,pcs,580,INR,UltraTech,10k catalog row 2370
LRG-02371,Bulk SKU 2371,Tiles & Flooring,pcs,581,INR,Tata,10k catalog row 2371
LRG-02372,Bulk SKU 2372,Electrical Supplies,pcs,582,INR,Kajaria,10k catalog row 2372
LRG-02373,Bulk SKU 2373,Plumbing & HVAC,pcs,583,INR,Havells,10k catalog row 2373
LRG-02374,Bulk SKU 2374,Paint & Finishes,pcs,584,INR,Jaquar,10k catalog row 2374
LRG-02375,Bulk SKU 2375,Building Materials,pcs,585,INR,Asian Paints,10k catalog row 2375
LRG-02376,Bulk SKU 2376,Lighting & Fixtures,pcs,586,INR,Bosch,10k catalog row 2376
LRG-02377,Bulk SKU 2377,Timber & Wood,pcs,587,INR,3M,10k catalog row 2377
LRG-02378,Bulk SKU 2378,Glass & Aluminium,pcs,588,INR,Jindal,10k catalog row 2378
LRG-02379,Bulk SKU 2379,Sanitary Ware,pcs,589,INR,Saint-Gobain,10k catalog row 2379
LRG-02380,Bulk SKU 2380,Steel & Metal,pcs,590,INR,UltraTech,10k catalog row 2380
LRG-02381,Bulk SKU 2381,Tiles & Flooring,pcs,591,INR,Tata,10k catalog row 2381
LRG-02382,Bulk SKU 2382,Electrical Supplies,pcs,592,INR,Kajaria,10k catalog row 2382
LRG-02383,Bulk SKU 2383,Plumbing & HVAC,pcs,593,INR,Havells,10k catalog row 2383
LRG-02384,Bulk SKU 2384,Paint & Finishes,pcs,594,INR,Jaquar,10k catalog row 2384
LRG-02385,Bulk SKU 2385,Building Materials,pcs,595,INR,Asian Paints,10k catalog row 2385
LRG-02386,Bulk SKU 2386,Lighting & Fixtures,pcs,596,INR,Bosch,10k catalog row 2386
LRG-02387,Bulk SKU 2387,Timber & Wood,pcs,597,INR,3M,10k catalog row 2387
LRG-02388,Bulk SKU 2388,Glass & Aluminium,pcs,598,INR,Jindal,10k catalog row 2388
LRG-02389,Bulk SKU 2389,Sanitary Ware,pcs,599,INR,Saint-Gobain,10k catalog row 2389
LRG-02390,Bulk SKU 2390,Steel & Metal,pcs,600,INR,UltraTech,10k catalog row 2390
LRG-02391,Bulk SKU 2391,Tiles & Flooring,pcs,601,INR,Tata,10k catalog row 2391
LRG-02392,Bulk SKU 2392,Electrical Supplies,pcs,602,INR,Kajaria,10k catalog row 2392
LRG-02393,Bulk SKU 2393,Plumbing & HVAC,pcs,603,INR,Havells,10k catalog row 2393
LRG-02394,Bulk SKU 2394,Paint & Finishes,pcs,604,INR,Jaquar,10k catalog row 2394
LRG-02395,Bulk SKU 2395,Building Materials,pcs,605,INR,Asian Paints,10k catalog row 2395
LRG-02396,Bulk SKU 2396,Lighting & Fixtures,pcs,606,INR,Bosch,10k catalog row 2396
LRG-02397,Bulk SKU 2397,Timber & Wood,pcs,607,INR,3M,10k catalog row 2397
LRG-02398,Bulk SKU 2398,Glass & Aluminium,pcs,608,INR,Jindal,10k catalog row 2398
LRG-02399,Bulk SKU 2399,Sanitary Ware,pcs,609,INR,Saint-Gobain,10k catalog row 2399
LRG-02400,Bulk SKU 2400,Steel & Metal,pcs,610,INR,UltraTech,10k catalog row 2400
LRG-02401,Bulk SKU 2401,Tiles & Flooring,pcs,611,INR,Tata,10k catalog row 2401
LRG-02402,Bulk SKU 2402,Electrical Supplies,pcs,612,INR,Kajaria,10k catalog row 2402
LRG-02403,Bulk SKU 2403,Plumbing & HVAC,pcs,613,INR,Havells,10k catalog row 2403
LRG-02404,Bulk SKU 2404,Paint & Finishes,pcs,614,INR,Jaquar,10k catalog row 2404
LRG-02405,Bulk SKU 2405,Building Materials,pcs,615,INR,Asian Paints,10k catalog row 2405
LRG-02406,Bulk SKU 2406,Lighting & Fixtures,pcs,616,INR,Bosch,10k catalog row 2406
LRG-02407,Bulk SKU 2407,Timber & Wood,pcs,617,INR,3M,10k catalog row 2407
LRG-02408,Bulk SKU 2408,Glass & Aluminium,pcs,618,INR,Jindal,10k catalog row 2408
LRG-02409,Bulk SKU 2409,Sanitary Ware,pcs,619,INR,Saint-Gobain,10k catalog row 2409
LRG-02410,Bulk SKU 2410,Steel & Metal,pcs,620,INR,UltraTech,10k catalog row 2410
LRG-02411,Bulk SKU 2411,Tiles & Flooring,pcs,621,INR,Tata,10k catalog row 2411
LRG-02412,Bulk SKU 2412,Electrical Supplies,pcs,622,INR,Kajaria,10k catalog row 2412
LRG-02413,Bulk SKU 2413,Plumbing & HVAC,pcs,623,INR,Havells,10k catalog row 2413
LRG-02414,Bulk SKU 2414,Paint & Finishes,pcs,624,INR,Jaquar,10k catalog row 2414
LRG-02415,Bulk SKU 2415,Building Materials,pcs,625,INR,Asian Paints,10k catalog row 2415
LRG-02416,Bulk SKU 2416,Lighting & Fixtures,pcs,626,INR,Bosch,10k catalog row 2416
LRG-02417,Bulk SKU 2417,Timber & Wood,pcs,627,INR,3M,10k catalog row 2417
LRG-02418,Bulk SKU 2418,Glass & Aluminium,pcs,628,INR,Jindal,10k catalog row 2418
LRG-02419,Bulk SKU 2419,Sanitary Ware,pcs,629,INR,Saint-Gobain,10k catalog row 2419
LRG-02420,Bulk SKU 2420,Steel & Metal,pcs,630,INR,UltraTech,10k catalog row 2420
LRG-02421,Bulk SKU 2421,Tiles & Flooring,pcs,631,INR,Tata,10k catalog row 2421
LRG-02422,Bulk SKU 2422,Electrical Supplies,pcs,632,INR,Kajaria,10k catalog row 2422
LRG-02423,Bulk SKU 2423,Plumbing & HVAC,pcs,633,INR,Havells,10k catalog row 2423
LRG-02424,Bulk SKU 2424,Paint & Finishes,pcs,634,INR,Jaquar,10k catalog row 2424
LRG-02425,Bulk SKU 2425,Building Materials,pcs,635,INR,Asian Paints,10k catalog row 2425
LRG-02426,Bulk SKU 2426,Lighting & Fixtures,pcs,636,INR,Bosch,10k catalog row 2426
LRG-02427,Bulk SKU 2427,Timber & Wood,pcs,637,INR,3M,10k catalog row 2427
LRG-02428,Bulk SKU 2428,Glass & Aluminium,pcs,638,INR,Jindal,10k catalog row 2428
LRG-02429,Bulk SKU 2429,Sanitary Ware,pcs,639,INR,Saint-Gobain,10k catalog row 2429
LRG-02430,Bulk SKU 2430,Steel & Metal,pcs,640,INR,UltraTech,10k catalog row 2430
LRG-02431,Bulk SKU 2431,Tiles & Flooring,pcs,641,INR,Tata,10k catalog row 2431
LRG-02432,Bulk SKU 2432,Electrical Supplies,pcs,642,INR,Kajaria,10k catalog row 2432
LRG-02433,Bulk SKU 2433,Plumbing & HVAC,pcs,643,INR,Havells,10k catalog row 2433
LRG-02434,Bulk SKU 2434,Paint & Finishes,pcs,644,INR,Jaquar,10k catalog row 2434
LRG-02435,Bulk SKU 2435,Building Materials,pcs,645,INR,Asian Paints,10k catalog row 2435
LRG-02436,Bulk SKU 2436,Lighting & Fixtures,pcs,646,INR,Bosch,10k catalog row 2436
LRG-02437,Bulk SKU 2437,Timber & Wood,pcs,647,INR,3M,10k catalog row 2437
LRG-02438,Bulk SKU 2438,Glass & Aluminium,pcs,648,INR,Jindal,10k catalog row 2438
LRG-02439,Bulk SKU 2439,Sanitary Ware,pcs,649,INR,Saint-Gobain,10k catalog row 2439
LRG-02440,Bulk SKU 2440,Steel & Metal,pcs,650,INR,UltraTech,10k catalog row 2440
LRG-02441,Bulk SKU 2441,Tiles & Flooring,pcs,651,INR,Tata,10k catalog row 2441
LRG-02442,Bulk SKU 2442,Electrical Supplies,pcs,652,INR,Kajaria,10k catalog row 2442
LRG-02443,Bulk SKU 2443,Plumbing & HVAC,pcs,653,INR,Havells,10k catalog row 2443
LRG-02444,Bulk SKU 2444,Paint & Finishes,pcs,654,INR,Jaquar,10k catalog row 2444
LRG-02445,Bulk SKU 2445,Building Materials,pcs,655,INR,Asian Paints,10k catalog row 2445
LRG-02446,Bulk SKU 2446,Lighting & Fixtures,pcs,656,INR,Bosch,10k catalog row 2446
LRG-02447,Bulk SKU 2447,Timber & Wood,pcs,657,INR,3M,10k catalog row 2447
LRG-02448,Bulk SKU 2448,Glass & Aluminium,pcs,658,INR,Jindal,10k catalog row 2448
LRG-02449,Bulk SKU 2449,Sanitary Ware,pcs,659,INR,Saint-Gobain,10k catalog row 2449
LRG-02450,Bulk SKU 2450,Steel & Metal,pcs,660,INR,UltraTech,10k catalog row 2450
LRG-02451,Bulk SKU 2451,Tiles & Flooring,pcs,661,INR,Tata,10k catalog row 2451
LRG-02452,Bulk SKU 2452,Electrical Supplies,pcs,662,INR,Kajaria,10k catalog row 2452
LRG-02453,Bulk SKU 2453,Plumbing & HVAC,pcs,663,INR,Havells,10k catalog row 2453
LRG-02454,Bulk SKU 2454,Paint & Finishes,pcs,664,INR,Jaquar,10k catalog row 2454
LRG-02455,Bulk SKU 2455,Building Materials,pcs,665,INR,Asian Paints,10k catalog row 2455
LRG-02456,Bulk SKU 2456,Lighting & Fixtures,pcs,666,INR,Bosch,10k catalog row 2456
LRG-02457,Bulk SKU 2457,Timber & Wood,pcs,667,INR,3M,10k catalog row 2457
LRG-02458,Bulk SKU 2458,Glass & Aluminium,pcs,668,INR,Jindal,10k catalog row 2458
LRG-02459,Bulk SKU 2459,Sanitary Ware,pcs,669,INR,Saint-Gobain,10k catalog row 2459
LRG-02460,Bulk SKU 2460,Steel & Metal,pcs,670,INR,UltraTech,10k catalog row 2460
LRG-02461,Bulk SKU 2461,Tiles & Flooring,pcs,671,INR,Tata,10k catalog row 2461
LRG-02462,Bulk SKU 2462,Electrical Supplies,pcs,672,INR,Kajaria,10k catalog row 2462
LRG-02463,Bulk SKU 2463,Plumbing & HVAC,pcs,673,INR,Havells,10k catalog row 2463
LRG-02464,Bulk SKU 2464,Paint & Finishes,pcs,674,INR,Jaquar,10k catalog row 2464
LRG-02465,Bulk SKU 2465,Building Materials,pcs,675,INR,Asian Paints,10k catalog row 2465
LRG-02466,Bulk SKU 2466,Lighting & Fixtures,pcs,676,INR,Bosch,10k catalog row 2466
LRG-02467,Bulk SKU 2467,Timber & Wood,pcs,677,INR,3M,10k catalog row 2467
LRG-02468,Bulk SKU 2468,Glass & Aluminium,pcs,678,INR,Jindal,10k catalog row 2468
LRG-02469,Bulk SKU 2469,Sanitary Ware,pcs,679,INR,Saint-Gobain,10k catalog row 2469
LRG-02470,Bulk SKU 2470,Steel & Metal,pcs,680,INR,UltraTech,10k catalog row 2470
LRG-02471,Bulk SKU 2471,Tiles & Flooring,pcs,681,INR,Tata,10k catalog row 2471
LRG-02472,Bulk SKU 2472,Electrical Supplies,pcs,682,INR,Kajaria,10k catalog row 2472
LRG-02473,Bulk SKU 2473,Plumbing & HVAC,pcs,683,INR,Havells,10k catalog row 2473
LRG-02474,Bulk SKU 2474,Paint & Finishes,pcs,684,INR,Jaquar,10k catalog row 2474
LRG-02475,Bulk SKU 2475,Building Materials,pcs,685,INR,Asian Paints,10k catalog row 2475
LRG-02476,Bulk SKU 2476,Lighting & Fixtures,pcs,686,INR,Bosch,10k catalog row 2476
LRG-02477,Bulk SKU 2477,Timber & Wood,pcs,687,INR,3M,10k catalog row 2477
LRG-02478,Bulk SKU 2478,Glass & Aluminium,pcs,688,INR,Jindal,10k catalog row 2478
LRG-02479,Bulk SKU 2479,Sanitary Ware,pcs,689,INR,Saint-Gobain,10k catalog row 2479
LRG-02480,Bulk SKU 2480,Steel & Metal,pcs,690,INR,UltraTech,10k catalog row 2480
LRG-02481,Bulk SKU 2481,Tiles & Flooring,pcs,691,INR,Tata,10k catalog row 2481
LRG-02482,Bulk SKU 2482,Electrical Supplies,pcs,692,INR,Kajaria,10k catalog row 2482
LRG-02483,Bulk SKU 2483,Plumbing & HVAC,pcs,693,INR,Havells,10k catalog row 2483
LRG-02484,Bulk SKU 2484,Paint & Finishes,pcs,694,INR,Jaquar,10k catalog row 2484
LRG-02485,Bulk SKU 2485,Building Materials,pcs,695,INR,Asian Paints,10k catalog row 2485
LRG-02486,Bulk SKU 2486,Lighting & Fixtures,pcs,696,INR,Bosch,10k catalog row 2486
LRG-02487,Bulk SKU 2487,Timber & Wood,pcs,697,INR,3M,10k catalog row 2487
LRG-02488,Bulk SKU 2488,Glass & Aluminium,pcs,698,INR,Jindal,10k catalog row 2488
LRG-02489,Bulk SKU 2489,Sanitary Ware,pcs,699,INR,Saint-Gobain,10k catalog row 2489
LRG-02490,Bulk SKU 2490,Steel & Metal,pcs,700,INR,UltraTech,10k catalog row 2490
LRG-02491,Bulk SKU 2491,Tiles & Flooring,pcs,701,INR,Tata,10k catalog row 2491
LRG-02492,Bulk SKU 2492,Electrical Supplies,pcs,702,INR,Kajaria,10k catalog row 2492
LRG-02493,Bulk SKU 2493,Plumbing & HVAC,pcs,703,INR,Havells,10k catalog row 2493
LRG-02494,Bulk SKU 2494,Paint & Finishes,pcs,704,INR,Jaquar,10k catalog row 2494
LRG-02495,Bulk SKU 2495,Building Materials,pcs,705,INR,Asian Paints,10k catalog row 2495
LRG-02496,Bulk SKU 2496,Lighting & Fixtures,pcs,706,INR,Bosch,10k catalog row 2496
LRG-02497,Bulk SKU 2497,Timber & Wood,pcs,707,INR,3M,10k catalog row 2497
LRG-02498,Bulk SKU 2498,Glass & Aluminium,pcs,708,INR,Jindal,10k catalog row 2498
LRG-02499,Bulk SKU 2499,Sanitary Ware,pcs,709,INR,Saint-Gobain,10k catalog row 2499
LRG-02500,Bulk SKU 2500,Steel & Metal,pcs,710,INR,UltraTech,10k catalog row 2500
LRG-02501,Bulk SKU 2501,Tiles & Flooring,pcs,711,INR,Tata,10k catalog row 2501
LRG-02502,Bulk SKU 2502,Electrical Supplies,pcs,712,INR,Kajaria,10k catalog row 2502
LRG-02503,Bulk SKU 2503,Plumbing & HVAC,pcs,713,INR,Havells,10k catalog row 2503
LRG-02504,Bulk SKU 2504,Paint & Finishes,pcs,714,INR,Jaquar,10k catalog row 2504
LRG-02505,Bulk SKU 2505,Building Materials,pcs,715,INR,Asian Paints,10k catalog row 2505
LRG-02506,Bulk SKU 2506,Lighting & Fixtures,pcs,716,INR,Bosch,10k catalog row 2506
LRG-02507,Bulk SKU 2507,Timber & Wood,pcs,717,INR,3M,10k catalog row 2507
LRG-02508,Bulk SKU 2508,Glass & Aluminium,pcs,718,INR,Jindal,10k catalog row 2508
LRG-02509,Bulk SKU 2509,Sanitary Ware,pcs,719,INR,Saint-Gobain,10k catalog row 2509
LRG-02510,Bulk SKU 2510,Steel & Metal,pcs,720,INR,UltraTech,10k catalog row 2510
LRG-02511,Bulk SKU 2511,Tiles & Flooring,pcs,721,INR,Tata,10k catalog row 2511
LRG-02512,Bulk SKU 2512,Electrical Supplies,pcs,722,INR,Kajaria,10k catalog row 2512
LRG-02513,Bulk SKU 2513,Plumbing & HVAC,pcs,723,INR,Havells,10k catalog row 2513
LRG-02514,Bulk SKU 2514,Paint & Finishes,pcs,724,INR,Jaquar,10k catalog row 2514
LRG-02515,Bulk SKU 2515,Building Materials,pcs,725,INR,Asian Paints,10k catalog row 2515
LRG-02516,Bulk SKU 2516,Lighting & Fixtures,pcs,726,INR,Bosch,10k catalog row 2516
LRG-02517,Bulk SKU 2517,Timber & Wood,pcs,727,INR,3M,10k catalog row 2517
LRG-02518,Bulk SKU 2518,Glass & Aluminium,pcs,728,INR,Jindal,10k catalog row 2518
LRG-02519,Bulk SKU 2519,Sanitary Ware,pcs,729,INR,Saint-Gobain,10k catalog row 2519
LRG-02520,Bulk SKU 2520,Steel & Metal,pcs,730,INR,UltraTech,10k catalog row 2520
LRG-02521,Bulk SKU 2521,Tiles & Flooring,pcs,731,INR,Tata,10k catalog row 2521
LRG-02522,Bulk SKU 2522,Electrical Supplies,pcs,732,INR,Kajaria,10k catalog row 2522
LRG-02523,Bulk SKU 2523,Plumbing & HVAC,pcs,733,INR,Havells,10k catalog row 2523
LRG-02524,Bulk SKU 2524,Paint & Finishes,pcs,734,INR,Jaquar,10k catalog row 2524
LRG-02525,Bulk SKU 2525,Building Materials,pcs,735,INR,Asian Paints,10k catalog row 2525
LRG-02526,Bulk SKU 2526,Lighting & Fixtures,pcs,736,INR,Bosch,10k catalog row 2526
LRG-02527,Bulk SKU 2527,Timber & Wood,pcs,737,INR,3M,10k catalog row 2527
LRG-02528,Bulk SKU 2528,Glass & Aluminium,pcs,738,INR,Jindal,10k catalog row 2528
LRG-02529,Bulk SKU 2529,Sanitary Ware,pcs,739,INR,Saint-Gobain,10k catalog row 2529
LRG-02530,Bulk SKU 2530,Steel & Metal,pcs,740,INR,UltraTech,10k catalog row 2530
LRG-02531,Bulk SKU 2531,Tiles & Flooring,pcs,741,INR,Tata,10k catalog row 2531
LRG-02532,Bulk SKU 2532,Electrical Supplies,pcs,742,INR,Kajaria,10k catalog row 2532
LRG-02533,Bulk SKU 2533,Plumbing & HVAC,pcs,743,INR,Havells,10k catalog row 2533
LRG-02534,Bulk SKU 2534,Paint & Finishes,pcs,744,INR,Jaquar,10k catalog row 2534
LRG-02535,Bulk SKU 2535,Building Materials,pcs,745,INR,Asian Paints,10k catalog row 2535
LRG-02536,Bulk SKU 2536,Lighting & Fixtures,pcs,746,INR,Bosch,10k catalog row 2536
LRG-02537,Bulk SKU 2537,Timber & Wood,pcs,747,INR,3M,10k catalog row 2537
LRG-02538,Bulk SKU 2538,Glass & Aluminium,pcs,748,INR,Jindal,10k catalog row 2538
LRG-02539,Bulk SKU 2539,Sanitary Ware,pcs,749,INR,Saint-Gobain,10k catalog row 2539
LRG-02540,Bulk SKU 2540,Steel & Metal,pcs,750,INR,UltraTech,10k catalog row 2540
LRG-02541,Bulk SKU 2541,Tiles & Flooring,pcs,751,INR,Tata,10k catalog row 2541
LRG-02542,Bulk SKU 2542,Electrical Supplies,pcs,752,INR,Kajaria,10k catalog row 2542
LRG-02543,Bulk SKU 2543,Plumbing & HVAC,pcs,753,INR,Havells,10k catalog row 2543
LRG-02544,Bulk SKU 2544,Paint & Finishes,pcs,754,INR,Jaquar,10k catalog row 2544
LRG-02545,Bulk SKU 2545,Building Materials,pcs,755,INR,Asian Paints,10k catalog row 2545
LRG-02546,Bulk SKU 2546,Lighting & Fixtures,pcs,756,INR,Bosch,10k catalog row 2546
LRG-02547,Bulk SKU 2547,Timber & Wood,pcs,757,INR,3M,10k catalog row 2547
LRG-02548,Bulk SKU 2548,Glass & Aluminium,pcs,758,INR,Jindal,10k catalog row 2548
LRG-02549,Bulk SKU 2549,Sanitary Ware,pcs,759,INR,Saint-Gobain,10k catalog row 2549
LRG-02550,Bulk SKU 2550,Steel & Metal,pcs,760,INR,UltraTech,10k catalog row 2550
LRG-02551,Bulk SKU 2551,Tiles & Flooring,pcs,761,INR,Tata,10k catalog row 2551
LRG-02552,Bulk SKU 2552,Electrical Supplies,pcs,762,INR,Kajaria,10k catalog row 2552
LRG-02553,Bulk SKU 2553,Plumbing & HVAC,pcs,763,INR,Havells,10k catalog row 2553
LRG-02554,Bulk SKU 2554,Paint & Finishes,pcs,764,INR,Jaquar,10k catalog row 2554
LRG-02555,Bulk SKU 2555,Building Materials,pcs,765,INR,Asian Paints,10k catalog row 2555
LRG-02556,Bulk SKU 2556,Lighting & Fixtures,pcs,766,INR,Bosch,10k catalog row 2556
LRG-02557,Bulk SKU 2557,Timber & Wood,pcs,767,INR,3M,10k catalog row 2557
LRG-02558,Bulk SKU 2558,Glass & Aluminium,pcs,768,INR,Jindal,10k catalog row 2558
LRG-02559,Bulk SKU 2559,Sanitary Ware,pcs,769,INR,Saint-Gobain,10k catalog row 2559
LRG-02560,Bulk SKU 2560,Steel & Metal,pcs,770,INR,UltraTech,10k catalog row 2560
LRG-02561,Bulk SKU 2561,Tiles & Flooring,pcs,771,INR,Tata,10k catalog row 2561
LRG-02562,Bulk SKU 2562,Electrical Supplies,pcs,772,INR,Kajaria,10k catalog row 2562
LRG-02563,Bulk SKU 2563,Plumbing & HVAC,pcs,773,INR,Havells,10k catalog row 2563
LRG-02564,Bulk SKU 2564,Paint & Finishes,pcs,774,INR,Jaquar,10k catalog row 2564
LRG-02565,Bulk SKU 2565,Building Materials,pcs,775,INR,Asian Paints,10k catalog row 2565
LRG-02566,Bulk SKU 2566,Lighting & Fixtures,pcs,776,INR,Bosch,10k catalog row 2566
LRG-02567,Bulk SKU 2567,Timber & Wood,pcs,777,INR,3M,10k catalog row 2567
LRG-02568,Bulk SKU 2568,Glass & Aluminium,pcs,778,INR,Jindal,10k catalog row 2568
LRG-02569,Bulk SKU 2569,Sanitary Ware,pcs,779,INR,Saint-Gobain,10k catalog row 2569
LRG-02570,Bulk SKU 2570,Steel & Metal,pcs,780,INR,UltraTech,10k catalog row 2570
LRG-02571,Bulk SKU 2571,Tiles & Flooring,pcs,781,INR,Tata,10k catalog row 2571
LRG-02572,Bulk SKU 2572,Electrical Supplies,pcs,782,INR,Kajaria,10k catalog row 2572
LRG-02573,Bulk SKU 2573,Plumbing & HVAC,pcs,783,INR,Havells,10k catalog row 2573
LRG-02574,Bulk SKU 2574,Paint & Finishes,pcs,784,INR,Jaquar,10k catalog row 2574
LRG-02575,Bulk SKU 2575,Building Materials,pcs,785,INR,Asian Paints,10k catalog row 2575
LRG-02576,Bulk SKU 2576,Lighting & Fixtures,pcs,786,INR,Bosch,10k catalog row 2576
LRG-02577,Bulk SKU 2577,Timber & Wood,pcs,787,INR,3M,10k catalog row 2577
LRG-02578,Bulk SKU 2578,Glass & Aluminium,pcs,788,INR,Jindal,10k catalog row 2578
LRG-02579,Bulk SKU 2579,Sanitary Ware,pcs,789,INR,Saint-Gobain,10k catalog row 2579
LRG-02580,Bulk SKU 2580,Steel & Metal,pcs,790,INR,UltraTech,10k catalog row 2580
LRG-02581,Bulk SKU 2581,Tiles & Flooring,pcs,791,INR,Tata,10k catalog row 2581
LRG-02582,Bulk SKU 2582,Electrical Supplies,pcs,792,INR,Kajaria,10k catalog row 2582
LRG-02583,Bulk SKU 2583,Plumbing & HVAC,pcs,793,INR,Havells,10k catalog row 2583
LRG-02584,Bulk SKU 2584,Paint & Finishes,pcs,794,INR,Jaquar,10k catalog row 2584
LRG-02585,Bulk SKU 2585,Building Materials,pcs,795,INR,Asian Paints,10k catalog row 2585
LRG-02586,Bulk SKU 2586,Lighting & Fixtures,pcs,796,INR,Bosch,10k catalog row 2586
LRG-02587,Bulk SKU 2587,Timber & Wood,pcs,797,INR,3M,10k catalog row 2587
LRG-02588,Bulk SKU 2588,Glass & Aluminium,pcs,798,INR,Jindal,10k catalog row 2588
LRG-02589,Bulk SKU 2589,Sanitary Ware,pcs,799,INR,Saint-Gobain,10k catalog row 2589
LRG-02590,Bulk SKU 2590,Steel & Metal,pcs,800,INR,UltraTech,10k catalog row 2590
LRG-02591,Bulk SKU 2591,Tiles & Flooring,pcs,801,INR,Tata,10k catalog row 2591
LRG-02592,Bulk SKU 2592,Electrical Supplies,pcs,802,INR,Kajaria,10k catalog row 2592
LRG-02593,Bulk SKU 2593,Plumbing & HVAC,pcs,803,INR,Havells,10k catalog row 2593
LRG-02594,Bulk SKU 2594,Paint & Finishes,pcs,804,INR,Jaquar,10k catalog row 2594
LRG-02595,Bulk SKU 2595,Building Materials,pcs,805,INR,Asian Paints,10k catalog row 2595
LRG-02596,Bulk SKU 2596,Lighting & Fixtures,pcs,806,INR,Bosch,10k catalog row 2596
LRG-02597,Bulk SKU 2597,Timber & Wood,pcs,807,INR,3M,10k catalog row 2597
LRG-02598,Bulk SKU 2598,Glass & Aluminium,pcs,808,INR,Jindal,10k catalog row 2598
LRG-02599,Bulk SKU 2599,Sanitary Ware,pcs,809,INR,Saint-Gobain,10k catalog row 2599
LRG-02600,Bulk SKU 2600,Steel & Metal,pcs,810,INR,UltraTech,10k catalog row 2600
LRG-02601,Bulk SKU 2601,Tiles & Flooring,pcs,811,INR,Tata,10k catalog row 2601
LRG-02602,Bulk SKU 2602,Electrical Supplies,pcs,812,INR,Kajaria,10k catalog row 2602
LRG-02603,Bulk SKU 2603,Plumbing & HVAC,pcs,813,INR,Havells,10k catalog row 2603
LRG-02604,Bulk SKU 2604,Paint & Finishes,pcs,814,INR,Jaquar,10k catalog row 2604
LRG-02605,Bulk SKU 2605,Building Materials,pcs,815,INR,Asian Paints,10k catalog row 2605
LRG-02606,Bulk SKU 2606,Lighting & Fixtures,pcs,816,INR,Bosch,10k catalog row 2606
LRG-02607,Bulk SKU 2607,Timber & Wood,pcs,817,INR,3M,10k catalog row 2607
LRG-02608,Bulk SKU 2608,Glass & Aluminium,pcs,818,INR,Jindal,10k catalog row 2608
LRG-02609,Bulk SKU 2609,Sanitary Ware,pcs,819,INR,Saint-Gobain,10k catalog row 2609
LRG-02610,Bulk SKU 2610,Steel & Metal,pcs,820,INR,UltraTech,10k catalog row 2610
LRG-02611,Bulk SKU 2611,Tiles & Flooring,pcs,821,INR,Tata,10k catalog row 2611
LRG-02612,Bulk SKU 2612,Electrical Supplies,pcs,822,INR,Kajaria,10k catalog row 2612
LRG-02613,Bulk SKU 2613,Plumbing & HVAC,pcs,823,INR,Havells,10k catalog row 2613
LRG-02614,Bulk SKU 2614,Paint & Finishes,pcs,824,INR,Jaquar,10k catalog row 2614
LRG-02615,Bulk SKU 2615,Building Materials,pcs,825,INR,Asian Paints,10k catalog row 2615
LRG-02616,Bulk SKU 2616,Lighting & Fixtures,pcs,826,INR,Bosch,10k catalog row 2616
LRG-02617,Bulk SKU 2617,Timber & Wood,pcs,827,INR,3M,10k catalog row 2617
LRG-02618,Bulk SKU 2618,Glass & Aluminium,pcs,828,INR,Jindal,10k catalog row 2618
LRG-02619,Bulk SKU 2619,Sanitary Ware,pcs,829,INR,Saint-Gobain,10k catalog row 2619
LRG-02620,Bulk SKU 2620,Steel & Metal,pcs,830,INR,UltraTech,10k catalog row 2620
LRG-02621,Bulk SKU 2621,Tiles & Flooring,pcs,831,INR,Tata,10k catalog row 2621
LRG-02622,Bulk SKU 2622,Electrical Supplies,pcs,832,INR,Kajaria,10k catalog row 2622
LRG-02623,Bulk SKU 2623,Plumbing & HVAC,pcs,833,INR,Havells,10k catalog row 2623
LRG-02624,Bulk SKU 2624,Paint & Finishes,pcs,834,INR,Jaquar,10k catalog row 2624
LRG-02625,Bulk SKU 2625,Building Materials,pcs,835,INR,Asian Paints,10k catalog row 2625
LRG-02626,Bulk SKU 2626,Lighting & Fixtures,pcs,836,INR,Bosch,10k catalog row 2626
LRG-02627,Bulk SKU 2627,Timber & Wood,pcs,837,INR,3M,10k catalog row 2627
LRG-02628,Bulk SKU 2628,Glass & Aluminium,pcs,838,INR,Jindal,10k catalog row 2628
LRG-02629,Bulk SKU 2629,Sanitary Ware,pcs,839,INR,Saint-Gobain,10k catalog row 2629
LRG-02630,Bulk SKU 2630,Steel & Metal,pcs,840,INR,UltraTech,10k catalog row 2630
LRG-02631,Bulk SKU 2631,Tiles & Flooring,pcs,841,INR,Tata,10k catalog row 2631
LRG-02632,Bulk SKU 2632,Electrical Supplies,pcs,842,INR,Kajaria,10k catalog row 2632
LRG-02633,Bulk SKU 2633,Plumbing & HVAC,pcs,843,INR,Havells,10k catalog row 2633
LRG-02634,Bulk SKU 2634,Paint & Finishes,pcs,844,INR,Jaquar,10k catalog row 2634
LRG-02635,Bulk SKU 2635,Building Materials,pcs,845,INR,Asian Paints,10k catalog row 2635
LRG-02636,Bulk SKU 2636,Lighting & Fixtures,pcs,846,INR,Bosch,10k catalog row 2636
LRG-02637,Bulk SKU 2637,Timber & Wood,pcs,847,INR,3M,10k catalog row 2637
LRG-02638,Bulk SKU 2638,Glass & Aluminium,pcs,848,INR,Jindal,10k catalog row 2638
LRG-02639,Bulk SKU 2639,Sanitary Ware,pcs,849,INR,Saint-Gobain,10k catalog row 2639
LRG-02640,Bulk SKU 2640,Steel & Metal,pcs,850,INR,UltraTech,10k catalog row 2640
LRG-02641,Bulk SKU 2641,Tiles & Flooring,pcs,851,INR,Tata,10k catalog row 2641
LRG-02642,Bulk SKU 2642,Electrical Supplies,pcs,852,INR,Kajaria,10k catalog row 2642
LRG-02643,Bulk SKU 2643,Plumbing & HVAC,pcs,853,INR,Havells,10k catalog row 2643
LRG-02644,Bulk SKU 2644,Paint & Finishes,pcs,854,INR,Jaquar,10k catalog row 2644
LRG-02645,Bulk SKU 2645,Building Materials,pcs,855,INR,Asian Paints,10k catalog row 2645
LRG-02646,Bulk SKU 2646,Lighting & Fixtures,pcs,856,INR,Bosch,10k catalog row 2646
LRG-02647,Bulk SKU 2647,Timber & Wood,pcs,857,INR,3M,10k catalog row 2647
LRG-02648,Bulk SKU 2648,Glass & Aluminium,pcs,858,INR,Jindal,10k catalog row 2648
LRG-02649,Bulk SKU 2649,Sanitary Ware,pcs,859,INR,Saint-Gobain,10k catalog row 2649
LRG-02650,Bulk SKU 2650,Steel & Metal,pcs,860,INR,UltraTech,10k catalog row 2650
LRG-02651,Bulk SKU 2651,Tiles & Flooring,pcs,861,INR,Tata,10k catalog row 2651
LRG-02652,Bulk SKU 2652,Electrical Supplies,pcs,862,INR,Kajaria,10k catalog row 2652
LRG-02653,Bulk SKU 2653,Plumbing & HVAC,pcs,863,INR,Havells,10k catalog row 2653
LRG-02654,Bulk SKU 2654,Paint & Finishes,pcs,864,INR,Jaquar,10k catalog row 2654
LRG-02655,Bulk SKU 2655,Building Materials,pcs,865,INR,Asian Paints,10k catalog row 2655
LRG-02656,Bulk SKU 2656,Lighting & Fixtures,pcs,866,INR,Bosch,10k catalog row 2656
LRG-02657,Bulk SKU 2657,Timber & Wood,pcs,867,INR,3M,10k catalog row 2657
LRG-02658,Bulk SKU 2658,Glass & Aluminium,pcs,868,INR,Jindal,10k catalog row 2658
LRG-02659,Bulk SKU 2659,Sanitary Ware,pcs,869,INR,Saint-Gobain,10k catalog row 2659
LRG-02660,Bulk SKU 2660,Steel & Metal,pcs,870,INR,UltraTech,10k catalog row 2660
LRG-02661,Bulk SKU 2661,Tiles & Flooring,pcs,871,INR,Tata,10k catalog row 2661
LRG-02662,Bulk SKU 2662,Electrical Supplies,pcs,872,INR,Kajaria,10k catalog row 2662
LRG-02663,Bulk SKU 2663,Plumbing & HVAC,pcs,873,INR,Havells,10k catalog row 2663
LRG-02664,Bulk SKU 2664,Paint & Finishes,pcs,874,INR,Jaquar,10k catalog row 2664
LRG-02665,Bulk SKU 2665,Building Materials,pcs,875,INR,Asian Paints,10k catalog row 2665
LRG-02666,Bulk SKU 2666,Lighting & Fixtures,pcs,876,INR,Bosch,10k catalog row 2666
LRG-02667,Bulk SKU 2667,Timber & Wood,pcs,877,INR,3M,10k catalog row 2667
LRG-02668,Bulk SKU 2668,Glass & Aluminium,pcs,878,INR,Jindal,10k catalog row 2668
LRG-02669,Bulk SKU 2669,Sanitary Ware,pcs,879,INR,Saint-Gobain,10k catalog row 2669
LRG-02670,Bulk SKU 2670,Steel & Metal,pcs,880,INR,UltraTech,10k catalog row 2670
LRG-02671,Bulk SKU 2671,Tiles & Flooring,pcs,881,INR,Tata,10k catalog row 2671
LRG-02672,Bulk SKU 2672,Electrical Supplies,pcs,882,INR,Kajaria,10k catalog row 2672
LRG-02673,Bulk SKU 2673,Plumbing & HVAC,pcs,883,INR,Havells,10k catalog row 2673
LRG-02674,Bulk SKU 2674,Paint & Finishes,pcs,884,INR,Jaquar,10k catalog row 2674
LRG-02675,Bulk SKU 2675,Building Materials,pcs,885,INR,Asian Paints,10k catalog row 2675
LRG-02676,Bulk SKU 2676,Lighting & Fixtures,pcs,886,INR,Bosch,10k catalog row 2676
LRG-02677,Bulk SKU 2677,Timber & Wood,pcs,887,INR,3M,10k catalog row 2677
LRG-02678,Bulk SKU 2678,Glass & Aluminium,pcs,888,INR,Jindal,10k catalog row 2678
LRG-02679,Bulk SKU 2679,Sanitary Ware,pcs,889,INR,Saint-Gobain,10k catalog row 2679
LRG-02680,Bulk SKU 2680,Steel & Metal,pcs,890,INR,UltraTech,10k catalog row 2680
LRG-02681,Bulk SKU 2681,Tiles & Flooring,pcs,891,INR,Tata,10k catalog row 2681
LRG-02682,Bulk SKU 2682,Electrical Supplies,pcs,892,INR,Kajaria,10k catalog row 2682
LRG-02683,Bulk SKU 2683,Plumbing & HVAC,pcs,893,INR,Havells,10k catalog row 2683
LRG-02684,Bulk SKU 2684,Paint & Finishes,pcs,894,INR,Jaquar,10k catalog row 2684
LRG-02685,Bulk SKU 2685,Building Materials,pcs,895,INR,Asian Paints,10k catalog row 2685
LRG-02686,Bulk SKU 2686,Lighting & Fixtures,pcs,896,INR,Bosch,10k catalog row 2686
LRG-02687,Bulk SKU 2687,Timber & Wood,pcs,897,INR,3M,10k catalog row 2687
LRG-02688,Bulk SKU 2688,Glass & Aluminium,pcs,898,INR,Jindal,10k catalog row 2688
LRG-02689,Bulk SKU 2689,Sanitary Ware,pcs,899,INR,Saint-Gobain,10k catalog row 2689
LRG-02690,Bulk SKU 2690,Steel & Metal,pcs,900,INR,UltraTech,10k catalog row 2690
LRG-02691,Bulk SKU 2691,Tiles & Flooring,pcs,901,INR,Tata,10k catalog row 2691
LRG-02692,Bulk SKU 2692,Electrical Supplies,pcs,902,INR,Kajaria,10k catalog row 2692
LRG-02693,Bulk SKU 2693,Plumbing & HVAC,pcs,903,INR,Havells,10k catalog row 2693
LRG-02694,Bulk SKU 2694,Paint & Finishes,pcs,904,INR,Jaquar,10k catalog row 2694
LRG-02695,Bulk SKU 2695,Building Materials,pcs,905,INR,Asian Paints,10k catalog row 2695
LRG-02696,Bulk SKU 2696,Lighting & Fixtures,pcs,906,INR,Bosch,10k catalog row 2696
LRG-02697,Bulk SKU 2697,Timber & Wood,pcs,907,INR,3M,10k catalog row 2697
LRG-02698,Bulk SKU 2698,Glass & Aluminium,pcs,908,INR,Jindal,10k catalog row 2698
LRG-02699,Bulk SKU 2699,Sanitary Ware,pcs,909,INR,Saint-Gobain,10k catalog row 2699
LRG-02700,Bulk SKU 2700,Steel & Metal,pcs,10,INR,UltraTech,10k catalog row 2700
LRG-02701,Bulk SKU 2701,Tiles & Flooring,pcs,11,INR,Tata,10k catalog row 2701
LRG-02702,Bulk SKU 2702,Electrical Supplies,pcs,12,INR,Kajaria,10k catalog row 2702
LRG-02703,Bulk SKU 2703,Plumbing & HVAC,pcs,13,INR,Havells,10k catalog row 2703
LRG-02704,Bulk SKU 2704,Paint & Finishes,pcs,14,INR,Jaquar,10k catalog row 2704
LRG-02705,Bulk SKU 2705,Building Materials,pcs,15,INR,Asian Paints,10k catalog row 2705
LRG-02706,Bulk SKU 2706,Lighting & Fixtures,pcs,16,INR,Bosch,10k catalog row 2706
LRG-02707,Bulk SKU 2707,Timber & Wood,pcs,17,INR,3M,10k catalog row 2707
LRG-02708,Bulk SKU 2708,Glass & Aluminium,pcs,18,INR,Jindal,10k catalog row 2708
LRG-02709,Bulk SKU 2709,Sanitary Ware,pcs,19,INR,Saint-Gobain,10k catalog row 2709
LRG-02710,Bulk SKU 2710,Steel & Metal,pcs,20,INR,UltraTech,10k catalog row 2710
LRG-02711,Bulk SKU 2711,Tiles & Flooring,pcs,21,INR,Tata,10k catalog row 2711
LRG-02712,Bulk SKU 2712,Electrical Supplies,pcs,22,INR,Kajaria,10k catalog row 2712
LRG-02713,Bulk SKU 2713,Plumbing & HVAC,pcs,23,INR,Havells,10k catalog row 2713
LRG-02714,Bulk SKU 2714,Paint & Finishes,pcs,24,INR,Jaquar,10k catalog row 2714
LRG-02715,Bulk SKU 2715,Building Materials,pcs,25,INR,Asian Paints,10k catalog row 2715
LRG-02716,Bulk SKU 2716,Lighting & Fixtures,pcs,26,INR,Bosch,10k catalog row 2716
LRG-02717,Bulk SKU 2717,Timber & Wood,pcs,27,INR,3M,10k catalog row 2717
LRG-02718,Bulk SKU 2718,Glass & Aluminium,pcs,28,INR,Jindal,10k catalog row 2718
LRG-02719,Bulk SKU 2719,Sanitary Ware,pcs,29,INR,Saint-Gobain,10k catalog row 2719
LRG-02720,Bulk SKU 2720,Steel & Metal,pcs,30,INR,UltraTech,10k catalog row 2720
LRG-02721,Bulk SKU 2721,Tiles & Flooring,pcs,31,INR,Tata,10k catalog row 2721
LRG-02722,Bulk SKU 2722,Electrical Supplies,pcs,32,INR,Kajaria,10k catalog row 2722
LRG-02723,Bulk SKU 2723,Plumbing & HVAC,pcs,33,INR,Havells,10k catalog row 2723
LRG-02724,Bulk SKU 2724,Paint & Finishes,pcs,34,INR,Jaquar,10k catalog row 2724
LRG-02725,Bulk SKU 2725,Building Materials,pcs,35,INR,Asian Paints,10k catalog row 2725
LRG-02726,Bulk SKU 2726,Lighting & Fixtures,pcs,36,INR,Bosch,10k catalog row 2726
LRG-02727,Bulk SKU 2727,Timber & Wood,pcs,37,INR,3M,10k catalog row 2727
LRG-02728,Bulk SKU 2728,Glass & Aluminium,pcs,38,INR,Jindal,10k catalog row 2728
LRG-02729,Bulk SKU 2729,Sanitary Ware,pcs,39,INR,Saint-Gobain,10k catalog row 2729
LRG-02730,Bulk SKU 2730,Steel & Metal,pcs,40,INR,UltraTech,10k catalog row 2730
LRG-02731,Bulk SKU 2731,Tiles & Flooring,pcs,41,INR,Tata,10k catalog row 2731
LRG-02732,Bulk SKU 2732,Electrical Supplies,pcs,42,INR,Kajaria,10k catalog row 2732
LRG-02733,Bulk SKU 2733,Plumbing & HVAC,pcs,43,INR,Havells,10k catalog row 2733
LRG-02734,Bulk SKU 2734,Paint & Finishes,pcs,44,INR,Jaquar,10k catalog row 2734
LRG-02735,Bulk SKU 2735,Building Materials,pcs,45,INR,Asian Paints,10k catalog row 2735
LRG-02736,Bulk SKU 2736,Lighting & Fixtures,pcs,46,INR,Bosch,10k catalog row 2736
LRG-02737,Bulk SKU 2737,Timber & Wood,pcs,47,INR,3M,10k catalog row 2737
LRG-02738,Bulk SKU 2738,Glass & Aluminium,pcs,48,INR,Jindal,10k catalog row 2738
LRG-02739,Bulk SKU 2739,Sanitary Ware,pcs,49,INR,Saint-Gobain,10k catalog row 2739
LRG-02740,Bulk SKU 2740,Steel & Metal,pcs,50,INR,UltraTech,10k catalog row 2740
LRG-02741,Bulk SKU 2741,Tiles & Flooring,pcs,51,INR,Tata,10k catalog row 2741
LRG-02742,Bulk SKU 2742,Electrical Supplies,pcs,52,INR,Kajaria,10k catalog row 2742
LRG-02743,Bulk SKU 2743,Plumbing & HVAC,pcs,53,INR,Havells,10k catalog row 2743
LRG-02744,Bulk SKU 2744,Paint & Finishes,pcs,54,INR,Jaquar,10k catalog row 2744
LRG-02745,Bulk SKU 2745,Building Materials,pcs,55,INR,Asian Paints,10k catalog row 2745
LRG-02746,Bulk SKU 2746,Lighting & Fixtures,pcs,56,INR,Bosch,10k catalog row 2746
LRG-02747,Bulk SKU 2747,Timber & Wood,pcs,57,INR,3M,10k catalog row 2747
LRG-02748,Bulk SKU 2748,Glass & Aluminium,pcs,58,INR,Jindal,10k catalog row 2748
LRG-02749,Bulk SKU 2749,Sanitary Ware,pcs,59,INR,Saint-Gobain,10k catalog row 2749
LRG-02750,Bulk SKU 2750,Steel & Metal,pcs,60,INR,UltraTech,10k catalog row 2750
LRG-02751,Bulk SKU 2751,Tiles & Flooring,pcs,61,INR,Tata,10k catalog row 2751
LRG-02752,Bulk SKU 2752,Electrical Supplies,pcs,62,INR,Kajaria,10k catalog row 2752
LRG-02753,Bulk SKU 2753,Plumbing & HVAC,pcs,63,INR,Havells,10k catalog row 2753
LRG-02754,Bulk SKU 2754,Paint & Finishes,pcs,64,INR,Jaquar,10k catalog row 2754
LRG-02755,Bulk SKU 2755,Building Materials,pcs,65,INR,Asian Paints,10k catalog row 2755
LRG-02756,Bulk SKU 2756,Lighting & Fixtures,pcs,66,INR,Bosch,10k catalog row 2756
LRG-02757,Bulk SKU 2757,Timber & Wood,pcs,67,INR,3M,10k catalog row 2757
LRG-02758,Bulk SKU 2758,Glass & Aluminium,pcs,68,INR,Jindal,10k catalog row 2758
LRG-02759,Bulk SKU 2759,Sanitary Ware,pcs,69,INR,Saint-Gobain,10k catalog row 2759
LRG-02760,Bulk SKU 2760,Steel & Metal,pcs,70,INR,UltraTech,10k catalog row 2760
LRG-02761,Bulk SKU 2761,Tiles & Flooring,pcs,71,INR,Tata,10k catalog row 2761
LRG-02762,Bulk SKU 2762,Electrical Supplies,pcs,72,INR,Kajaria,10k catalog row 2762
LRG-02763,Bulk SKU 2763,Plumbing & HVAC,pcs,73,INR,Havells,10k catalog row 2763
LRG-02764,Bulk SKU 2764,Paint & Finishes,pcs,74,INR,Jaquar,10k catalog row 2764
LRG-02765,Bulk SKU 2765,Building Materials,pcs,75,INR,Asian Paints,10k catalog row 2765
LRG-02766,Bulk SKU 2766,Lighting & Fixtures,pcs,76,INR,Bosch,10k catalog row 2766
LRG-02767,Bulk SKU 2767,Timber & Wood,pcs,77,INR,3M,10k catalog row 2767
LRG-02768,Bulk SKU 2768,Glass & Aluminium,pcs,78,INR,Jindal,10k catalog row 2768
LRG-02769,Bulk SKU 2769,Sanitary Ware,pcs,79,INR,Saint-Gobain,10k catalog row 2769
LRG-02770,Bulk SKU 2770,Steel & Metal,pcs,80,INR,UltraTech,10k catalog row 2770
LRG-02771,Bulk SKU 2771,Tiles & Flooring,pcs,81,INR,Tata,10k catalog row 2771
LRG-02772,Bulk SKU 2772,Electrical Supplies,pcs,82,INR,Kajaria,10k catalog row 2772
LRG-02773,Bulk SKU 2773,Plumbing & HVAC,pcs,83,INR,Havells,10k catalog row 2773
LRG-02774,Bulk SKU 2774,Paint & Finishes,pcs,84,INR,Jaquar,10k catalog row 2774
LRG-02775,Bulk SKU 2775,Building Materials,pcs,85,INR,Asian Paints,10k catalog row 2775
LRG-02776,Bulk SKU 2776,Lighting & Fixtures,pcs,86,INR,Bosch,10k catalog row 2776
LRG-02777,Bulk SKU 2777,Timber & Wood,pcs,87,INR,3M,10k catalog row 2777
LRG-02778,Bulk SKU 2778,Glass & Aluminium,pcs,88,INR,Jindal,10k catalog row 2778
LRG-02779,Bulk SKU 2779,Sanitary Ware,pcs,89,INR,Saint-Gobain,10k catalog row 2779
LRG-02780,Bulk SKU 2780,Steel & Metal,pcs,90,INR,UltraTech,10k catalog row 2780
LRG-02781,Bulk SKU 2781,Tiles & Flooring,pcs,91,INR,Tata,10k catalog row 2781
LRG-02782,Bulk SKU 2782,Electrical Supplies,pcs,92,INR,Kajaria,10k catalog row 2782
LRG-02783,Bulk SKU 2783,Plumbing & HVAC,pcs,93,INR,Havells,10k catalog row 2783
LRG-02784,Bulk SKU 2784,Paint & Finishes,pcs,94,INR,Jaquar,10k catalog row 2784
LRG-02785,Bulk SKU 2785,Building Materials,pcs,95,INR,Asian Paints,10k catalog row 2785
LRG-02786,Bulk SKU 2786,Lighting & Fixtures,pcs,96,INR,Bosch,10k catalog row 2786
LRG-02787,Bulk SKU 2787,Timber & Wood,pcs,97,INR,3M,10k catalog row 2787
LRG-02788,Bulk SKU 2788,Glass & Aluminium,pcs,98,INR,Jindal,10k catalog row 2788
LRG-02789,Bulk SKU 2789,Sanitary Ware,pcs,99,INR,Saint-Gobain,10k catalog row 2789
LRG-02790,Bulk SKU 2790,Steel & Metal,pcs,100,INR,UltraTech,10k catalog row 2790
LRG-02791,Bulk SKU 2791,Tiles & Flooring,pcs,101,INR,Tata,10k catalog row 2791
LRG-02792,Bulk SKU 2792,Electrical Supplies,pcs,102,INR,Kajaria,10k catalog row 2792
LRG-02793,Bulk SKU 2793,Plumbing & HVAC,pcs,103,INR,Havells,10k catalog row 2793
LRG-02794,Bulk SKU 2794,Paint & Finishes,pcs,104,INR,Jaquar,10k catalog row 2794
LRG-02795,Bulk SKU 2795,Building Materials,pcs,105,INR,Asian Paints,10k catalog row 2795
LRG-02796,Bulk SKU 2796,Lighting & Fixtures,pcs,106,INR,Bosch,10k catalog row 2796
LRG-02797,Bulk SKU 2797,Timber & Wood,pcs,107,INR,3M,10k catalog row 2797
LRG-02798,Bulk SKU 2798,Glass & Aluminium,pcs,108,INR,Jindal,10k catalog row 2798
LRG-02799,Bulk SKU 2799,Sanitary Ware,pcs,109,INR,Saint-Gobain,10k catalog row 2799
LRG-02800,Bulk SKU 2800,Steel & Metal,pcs,110,INR,UltraTech,10k catalog row 2800
LRG-02801,Bulk SKU 2801,Tiles & Flooring,pcs,111,INR,Tata,10k catalog row 2801
LRG-02802,Bulk SKU 2802,Electrical Supplies,pcs,112,INR,Kajaria,10k catalog row 2802
LRG-02803,Bulk SKU 2803,Plumbing & HVAC,pcs,113,INR,Havells,10k catalog row 2803
LRG-02804,Bulk SKU 2804,Paint & Finishes,pcs,114,INR,Jaquar,10k catalog row 2804
LRG-02805,Bulk SKU 2805,Building Materials,pcs,115,INR,Asian Paints,10k catalog row 2805
LRG-02806,Bulk SKU 2806,Lighting & Fixtures,pcs,116,INR,Bosch,10k catalog row 2806
LRG-02807,Bulk SKU 2807,Timber & Wood,pcs,117,INR,3M,10k catalog row 2807
LRG-02808,Bulk SKU 2808,Glass & Aluminium,pcs,118,INR,Jindal,10k catalog row 2808
LRG-02809,Bulk SKU 2809,Sanitary Ware,pcs,119,INR,Saint-Gobain,10k catalog row 2809
LRG-02810,Bulk SKU 2810,Steel & Metal,pcs,120,INR,UltraTech,10k catalog row 2810
LRG-02811,Bulk SKU 2811,Tiles & Flooring,pcs,121,INR,Tata,10k catalog row 2811
LRG-02812,Bulk SKU 2812,Electrical Supplies,pcs,122,INR,Kajaria,10k catalog row 2812
LRG-02813,Bulk SKU 2813,Plumbing & HVAC,pcs,123,INR,Havells,10k catalog row 2813
LRG-02814,Bulk SKU 2814,Paint & Finishes,pcs,124,INR,Jaquar,10k catalog row 2814
LRG-02815,Bulk SKU 2815,Building Materials,pcs,125,INR,Asian Paints,10k catalog row 2815
LRG-02816,Bulk SKU 2816,Lighting & Fixtures,pcs,126,INR,Bosch,10k catalog row 2816
LRG-02817,Bulk SKU 2817,Timber & Wood,pcs,127,INR,3M,10k catalog row 2817
LRG-02818,Bulk SKU 2818,Glass & Aluminium,pcs,128,INR,Jindal,10k catalog row 2818
LRG-02819,Bulk SKU 2819,Sanitary Ware,pcs,129,INR,Saint-Gobain,10k catalog row 2819
LRG-02820,Bulk SKU 2820,Steel & Metal,pcs,130,INR,UltraTech,10k catalog row 2820
LRG-02821,Bulk SKU 2821,Tiles & Flooring,pcs,131,INR,Tata,10k catalog row 2821
LRG-02822,Bulk SKU 2822,Electrical Supplies,pcs,132,INR,Kajaria,10k catalog row 2822
LRG-02823,Bulk SKU 2823,Plumbing & HVAC,pcs,133,INR,Havells,10k catalog row 2823
LRG-02824,Bulk SKU 2824,Paint & Finishes,pcs,134,INR,Jaquar,10k catalog row 2824
LRG-02825,Bulk SKU 2825,Building Materials,pcs,135,INR,Asian Paints,10k catalog row 2825
LRG-02826,Bulk SKU 2826,Lighting & Fixtures,pcs,136,INR,Bosch,10k catalog row 2826
LRG-02827,Bulk SKU 2827,Timber & Wood,pcs,137,INR,3M,10k catalog row 2827
LRG-02828,Bulk SKU 2828,Glass & Aluminium,pcs,138,INR,Jindal,10k catalog row 2828
LRG-02829,Bulk SKU 2829,Sanitary Ware,pcs,139,INR,Saint-Gobain,10k catalog row 2829
LRG-02830,Bulk SKU 2830,Steel & Metal,pcs,140,INR,UltraTech,10k catalog row 2830
LRG-02831,Bulk SKU 2831,Tiles & Flooring,pcs,141,INR,Tata,10k catalog row 2831
LRG-02832,Bulk SKU 2832,Electrical Supplies,pcs,142,INR,Kajaria,10k catalog row 2832
LRG-02833,Bulk SKU 2833,Plumbing & HVAC,pcs,143,INR,Havells,10k catalog row 2833
LRG-02834,Bulk SKU 2834,Paint & Finishes,pcs,144,INR,Jaquar,10k catalog row 2834
LRG-02835,Bulk SKU 2835,Building Materials,pcs,145,INR,Asian Paints,10k catalog row 2835
LRG-02836,Bulk SKU 2836,Lighting & Fixtures,pcs,146,INR,Bosch,10k catalog row 2836
LRG-02837,Bulk SKU 2837,Timber & Wood,pcs,147,INR,3M,10k catalog row 2837
LRG-02838,Bulk SKU 2838,Glass & Aluminium,pcs,148,INR,Jindal,10k catalog row 2838
LRG-02839,Bulk SKU 2839,Sanitary Ware,pcs,149,INR,Saint-Gobain,10k catalog row 2839
LRG-02840,Bulk SKU 2840,Steel & Metal,pcs,150,INR,UltraTech,10k catalog row 2840
LRG-02841,Bulk SKU 2841,Tiles & Flooring,pcs,151,INR,Tata,10k catalog row 2841
LRG-02842,Bulk SKU 2842,Electrical Supplies,pcs,152,INR,Kajaria,10k catalog row 2842
LRG-02843,Bulk SKU 2843,Plumbing & HVAC,pcs,153,INR,Havells,10k catalog row 2843
LRG-02844,Bulk SKU 2844,Paint & Finishes,pcs,154,INR,Jaquar,10k catalog row 2844
LRG-02845,Bulk SKU 2845,Building Materials,pcs,155,INR,Asian Paints,10k catalog row 2845
LRG-02846,Bulk SKU 2846,Lighting & Fixtures,pcs,156,INR,Bosch,10k catalog row 2846
LRG-02847,Bulk SKU 2847,Timber & Wood,pcs,157,INR,3M,10k catalog row 2847
LRG-02848,Bulk SKU 2848,Glass & Aluminium,pcs,158,INR,Jindal,10k catalog row 2848
LRG-02849,Bulk SKU 2849,Sanitary Ware,pcs,159,INR,Saint-Gobain,10k catalog row 2849
LRG-02850,Bulk SKU 2850,Steel & Metal,pcs,160,INR,UltraTech,10k catalog row 2850
LRG-02851,Bulk SKU 2851,Tiles & Flooring,pcs,161,INR,Tata,10k catalog row 2851
LRG-02852,Bulk SKU 2852,Electrical Supplies,pcs,162,INR,Kajaria,10k catalog row 2852
LRG-02853,Bulk SKU 2853,Plumbing & HVAC,pcs,163,INR,Havells,10k catalog row 2853
LRG-02854,Bulk SKU 2854,Paint & Finishes,pcs,164,INR,Jaquar,10k catalog row 2854
LRG-02855,Bulk SKU 2855,Building Materials,pcs,165,INR,Asian Paints,10k catalog row 2855
LRG-02856,Bulk SKU 2856,Lighting & Fixtures,pcs,166,INR,Bosch,10k catalog row 2856
LRG-02857,Bulk SKU 2857,Timber & Wood,pcs,167,INR,3M,10k catalog row 2857
LRG-02858,Bulk SKU 2858,Glass & Aluminium,pcs,168,INR,Jindal,10k catalog row 2858
LRG-02859,Bulk SKU 2859,Sanitary Ware,pcs,169,INR,Saint-Gobain,10k catalog row 2859
LRG-02860,Bulk SKU 2860,Steel & Metal,pcs,170,INR,UltraTech,10k catalog row 2860
LRG-02861,Bulk SKU 2861,Tiles & Flooring,pcs,171,INR,Tata,10k catalog row 2861
LRG-02862,Bulk SKU 2862,Electrical Supplies,pcs,172,INR,Kajaria,10k catalog row 2862
LRG-02863,Bulk SKU 2863,Plumbing & HVAC,pcs,173,INR,Havells,10k catalog row 2863
LRG-02864,Bulk SKU 2864,Paint & Finishes,pcs,174,INR,Jaquar,10k catalog row 2864
LRG-02865,Bulk SKU 2865,Building Materials,pcs,175,INR,Asian Paints,10k catalog row 2865
LRG-02866,Bulk SKU 2866,Lighting & Fixtures,pcs,176,INR,Bosch,10k catalog row 2866
LRG-02867,Bulk SKU 2867,Timber & Wood,pcs,177,INR,3M,10k catalog row 2867
LRG-02868,Bulk SKU 2868,Glass & Aluminium,pcs,178,INR,Jindal,10k catalog row 2868
LRG-02869,Bulk SKU 2869,Sanitary Ware,pcs,179,INR,Saint-Gobain,10k catalog row 2869
LRG-02870,Bulk SKU 2870,Steel & Metal,pcs,180,INR,UltraTech,10k catalog row 2870
LRG-02871,Bulk SKU 2871,Tiles & Flooring,pcs,181,INR,Tata,10k catalog row 2871
LRG-02872,Bulk SKU 2872,Electrical Supplies,pcs,182,INR,Kajaria,10k catalog row 2872
LRG-02873,Bulk SKU 2873,Plumbing & HVAC,pcs,183,INR,Havells,10k catalog row 2873
LRG-02874,Bulk SKU 2874,Paint & Finishes,pcs,184,INR,Jaquar,10k catalog row 2874
LRG-02875,Bulk SKU 2875,Building Materials,pcs,185,INR,Asian Paints,10k catalog row 2875
LRG-02876,Bulk SKU 2876,Lighting & Fixtures,pcs,186,INR,Bosch,10k catalog row 2876
LRG-02877,Bulk SKU 2877,Timber & Wood,pcs,187,INR,3M,10k catalog row 2877
LRG-02878,Bulk SKU 2878,Glass & Aluminium,pcs,188,INR,Jindal,10k catalog row 2878
LRG-02879,Bulk SKU 2879,Sanitary Ware,pcs,189,INR,Saint-Gobain,10k catalog row 2879
LRG-02880,Bulk SKU 2880,Steel & Metal,pcs,190,INR,UltraTech,10k catalog row 2880
LRG-02881,Bulk SKU 2881,Tiles & Flooring,pcs,191,INR,Tata,10k catalog row 2881
LRG-02882,Bulk SKU 2882,Electrical Supplies,pcs,192,INR,Kajaria,10k catalog row 2882
LRG-02883,Bulk SKU 2883,Plumbing & HVAC,pcs,193,INR,Havells,10k catalog row 2883
LRG-02884,Bulk SKU 2884,Paint & Finishes,pcs,194,INR,Jaquar,10k catalog row 2884
LRG-02885,Bulk SKU 2885,Building Materials,pcs,195,INR,Asian Paints,10k catalog row 2885
LRG-02886,Bulk SKU 2886,Lighting & Fixtures,pcs,196,INR,Bosch,10k catalog row 2886
LRG-02887,Bulk SKU 2887,Timber & Wood,pcs,197,INR,3M,10k catalog row 2887
LRG-02888,Bulk SKU 2888,Glass & Aluminium,pcs,198,INR,Jindal,10k catalog row 2888
LRG-02889,Bulk SKU 2889,Sanitary Ware,pcs,199,INR,Saint-Gobain,10k catalog row 2889
LRG-02890,Bulk SKU 2890,Steel & Metal,pcs,200,INR,UltraTech,10k catalog row 2890
LRG-02891,Bulk SKU 2891,Tiles & Flooring,pcs,201,INR,Tata,10k catalog row 2891
LRG-02892,Bulk SKU 2892,Electrical Supplies,pcs,202,INR,Kajaria,10k catalog row 2892
LRG-02893,Bulk SKU 2893,Plumbing & HVAC,pcs,203,INR,Havells,10k catalog row 2893
LRG-02894,Bulk SKU 2894,Paint & Finishes,pcs,204,INR,Jaquar,10k catalog row 2894
LRG-02895,Bulk SKU 2895,Building Materials,pcs,205,INR,Asian Paints,10k catalog row 2895
LRG-02896,Bulk SKU 2896,Lighting & Fixtures,pcs,206,INR,Bosch,10k catalog row 2896
LRG-02897,Bulk SKU 2897,Timber & Wood,pcs,207,INR,3M,10k catalog row 2897
LRG-02898,Bulk SKU 2898,Glass & Aluminium,pcs,208,INR,Jindal,10k catalog row 2898
LRG-02899,Bulk SKU 2899,Sanitary Ware,pcs,209,INR,Saint-Gobain,10k catalog row 2899
LRG-02900,Bulk SKU 2900,Steel & Metal,pcs,210,INR,UltraTech,10k catalog row 2900
LRG-02901,Bulk SKU 2901,Tiles & Flooring,pcs,211,INR,Tata,10k catalog row 2901
LRG-02902,Bulk SKU 2902,Electrical Supplies,pcs,212,INR,Kajaria,10k catalog row 2902
LRG-02903,Bulk SKU 2903,Plumbing & HVAC,pcs,213,INR,Havells,10k catalog row 2903
LRG-02904,Bulk SKU 2904,Paint & Finishes,pcs,214,INR,Jaquar,10k catalog row 2904
LRG-02905,Bulk SKU 2905,Building Materials,pcs,215,INR,Asian Paints,10k catalog row 2905
LRG-02906,Bulk SKU 2906,Lighting & Fixtures,pcs,216,INR,Bosch,10k catalog row 2906
LRG-02907,Bulk SKU 2907,Timber & Wood,pcs,217,INR,3M,10k catalog row 2907
LRG-02908,Bulk SKU 2908,Glass & Aluminium,pcs,218,INR,Jindal,10k catalog row 2908
LRG-02909,Bulk SKU 2909,Sanitary Ware,pcs,219,INR,Saint-Gobain,10k catalog row 2909
LRG-02910,Bulk SKU 2910,Steel & Metal,pcs,220,INR,UltraTech,10k catalog row 2910
LRG-02911,Bulk SKU 2911,Tiles & Flooring,pcs,221,INR,Tata,10k catalog row 2911
LRG-02912,Bulk SKU 2912,Electrical Supplies,pcs,222,INR,Kajaria,10k catalog row 2912
LRG-02913,Bulk SKU 2913,Plumbing & HVAC,pcs,223,INR,Havells,10k catalog row 2913
LRG-02914,Bulk SKU 2914,Paint & Finishes,pcs,224,INR,Jaquar,10k catalog row 2914
LRG-02915,Bulk SKU 2915,Building Materials,pcs,225,INR,Asian Paints,10k catalog row 2915
LRG-02916,Bulk SKU 2916,Lighting & Fixtures,pcs,226,INR,Bosch,10k catalog row 2916
LRG-02917,Bulk SKU 2917,Timber & Wood,pcs,227,INR,3M,10k catalog row 2917
LRG-02918,Bulk SKU 2918,Glass & Aluminium,pcs,228,INR,Jindal,10k catalog row 2918
LRG-02919,Bulk SKU 2919,Sanitary Ware,pcs,229,INR,Saint-Gobain,10k catalog row 2919
LRG-02920,Bulk SKU 2920,Steel & Metal,pcs,230,INR,UltraTech,10k catalog row 2920
LRG-02921,Bulk SKU 2921,Tiles & Flooring,pcs,231,INR,Tata,10k catalog row 2921
LRG-02922,Bulk SKU 2922,Electrical Supplies,pcs,232,INR,Kajaria,10k catalog row 2922
LRG-02923,Bulk SKU 2923,Plumbing & HVAC,pcs,233,INR,Havells,10k catalog row 2923
LRG-02924,Bulk SKU 2924,Paint & Finishes,pcs,234,INR,Jaquar,10k catalog row 2924
LRG-02925,Bulk SKU 2925,Building Materials,pcs,235,INR,Asian Paints,10k catalog row 2925
LRG-02926,Bulk SKU 2926,Lighting & Fixtures,pcs,236,INR,Bosch,10k catalog row 2926
LRG-02927,Bulk SKU 2927,Timber & Wood,pcs,237,INR,3M,10k catalog row 2927
LRG-02928,Bulk SKU 2928,Glass & Aluminium,pcs,238,INR,Jindal,10k catalog row 2928
LRG-02929,Bulk SKU 2929,Sanitary Ware,pcs,239,INR,Saint-Gobain,10k catalog row 2929
LRG-02930,Bulk SKU 2930,Steel & Metal,pcs,240,INR,UltraTech,10k catalog row 2930
LRG-02931,Bulk SKU 2931,Tiles & Flooring,pcs,241,INR,Tata,10k catalog row 2931
LRG-02932,Bulk SKU 2932,Electrical Supplies,pcs,242,INR,Kajaria,10k catalog row 2932
LRG-02933,Bulk SKU 2933,Plumbing & HVAC,pcs,243,INR,Havells,10k catalog row 2933
LRG-02934,Bulk SKU 2934,Paint & Finishes,pcs,244,INR,Jaquar,10k catalog row 2934
LRG-02935,Bulk SKU 2935,Building Materials,pcs,245,INR,Asian Paints,10k catalog row 2935
LRG-02936,Bulk SKU 2936,Lighting & Fixtures,pcs,246,INR,Bosch,10k catalog row 2936
LRG-02937,Bulk SKU 2937,Timber & Wood,pcs,247,INR,3M,10k catalog row 2937
LRG-02938,Bulk SKU 2938,Glass & Aluminium,pcs,248,INR,Jindal,10k catalog row 2938
LRG-02939,Bulk SKU 2939,Sanitary Ware,pcs,249,INR,Saint-Gobain,10k catalog row 2939
LRG-02940,Bulk SKU 2940,Steel & Metal,pcs,250,INR,UltraTech,10k catalog row 2940
LRG-02941,Bulk SKU 2941,Tiles & Flooring,pcs,251,INR,Tata,10k catalog row 2941
LRG-02942,Bulk SKU 2942,Electrical Supplies,pcs,252,INR,Kajaria,10k catalog row 2942
LRG-02943,Bulk SKU 2943,Plumbing & HVAC,pcs,253,INR,Havells,10k catalog row 2943
LRG-02944,Bulk SKU 2944,Paint & Finishes,pcs,254,INR,Jaquar,10k catalog row 2944
LRG-02945,Bulk SKU 2945,Building Materials,pcs,255,INR,Asian Paints,10k catalog row 2945
LRG-02946,Bulk SKU 2946,Lighting & Fixtures,pcs,256,INR,Bosch,10k catalog row 2946
LRG-02947,Bulk SKU 2947,Timber & Wood,pcs,257,INR,3M,10k catalog row 2947
LRG-02948,Bulk SKU 2948,Glass & Aluminium,pcs,258,INR,Jindal,10k catalog row 2948
LRG-02949,Bulk SKU 2949,Sanitary Ware,pcs,259,INR,Saint-Gobain,10k catalog row 2949
LRG-02950,Bulk SKU 2950,Steel & Metal,pcs,260,INR,UltraTech,10k catalog row 2950
LRG-02951,Bulk SKU 2951,Tiles & Flooring,pcs,261,INR,Tata,10k catalog row 2951
LRG-02952,Bulk SKU 2952,Electrical Supplies,pcs,262,INR,Kajaria,10k catalog row 2952
LRG-02953,Bulk SKU 2953,Plumbing & HVAC,pcs,263,INR,Havells,10k catalog row 2953
LRG-02954,Bulk SKU 2954,Paint & Finishes,pcs,264,INR,Jaquar,10k catalog row 2954
LRG-02955,Bulk SKU 2955,Building Materials,pcs,265,INR,Asian Paints,10k catalog row 2955
LRG-02956,Bulk SKU 2956,Lighting & Fixtures,pcs,266,INR,Bosch,10k catalog row 2956
LRG-02957,Bulk SKU 2957,Timber & Wood,pcs,267,INR,3M,10k catalog row 2957
LRG-02958,Bulk SKU 2958,Glass & Aluminium,pcs,268,INR,Jindal,10k catalog row 2958
LRG-02959,Bulk SKU 2959,Sanitary Ware,pcs,269,INR,Saint-Gobain,10k catalog row 2959
LRG-02960,Bulk SKU 2960,Steel & Metal,pcs,270,INR,UltraTech,10k catalog row 2960
LRG-02961,Bulk SKU 2961,Tiles & Flooring,pcs,271,INR,Tata,10k catalog row 2961
LRG-02962,Bulk SKU 2962,Electrical Supplies,pcs,272,INR,Kajaria,10k catalog row 2962
LRG-02963,Bulk SKU 2963,Plumbing & HVAC,pcs,273,INR,Havells,10k catalog row 2963
LRG-02964,Bulk SKU 2964,Paint & Finishes,pcs,274,INR,Jaquar,10k catalog row 2964
LRG-02965,Bulk SKU 2965,Building Materials,pcs,275,INR,Asian Paints,10k catalog row 2965
LRG-02966,Bulk SKU 2966,Lighting & Fixtures,pcs,276,INR,Bosch,10k catalog row 2966
LRG-02967,Bulk SKU 2967,Timber & Wood,pcs,277,INR,3M,10k catalog row 2967
LRG-02968,Bulk SKU 2968,Glass & Aluminium,pcs,278,INR,Jindal,10k catalog row 2968
LRG-02969,Bulk SKU 2969,Sanitary Ware,pcs,279,INR,Saint-Gobain,10k catalog row 2969
LRG-02970,Bulk SKU 2970,Steel & Metal,pcs,280,INR,UltraTech,10k catalog row 2970
LRG-02971,Bulk SKU 2971,Tiles & Flooring,pcs,281,INR,Tata,10k catalog row 2971
LRG-02972,Bulk SKU 2972,Electrical Supplies,pcs,282,INR,Kajaria,10k catalog row 2972
LRG-02973,Bulk SKU 2973,Plumbing & HVAC,pcs,283,INR,Havells,10k catalog row 2973
LRG-02974,Bulk SKU 2974,Paint & Finishes,pcs,284,INR,Jaquar,10k catalog row 2974
LRG-02975,Bulk SKU 2975,Building Materials,pcs,285,INR,Asian Paints,10k catalog row 2975
LRG-02976,Bulk SKU 2976,Lighting & Fixtures,pcs,286,INR,Bosch,10k catalog row 2976
LRG-02977,Bulk SKU 2977,Timber & Wood,pcs,287,INR,3M,10k catalog row 2977
LRG-02978,Bulk SKU 2978,Glass & Aluminium,pcs,288,INR,Jindal,10k catalog row 2978
LRG-02979,Bulk SKU 2979,Sanitary Ware,pcs,289,INR,Saint-Gobain,10k catalog row 2979
LRG-02980,Bulk SKU 2980,Steel & Metal,pcs,290,INR,UltraTech,10k catalog row 2980
LRG-02981,Bulk SKU 2981,Tiles & Flooring,pcs,291,INR,Tata,10k catalog row 2981
LRG-02982,Bulk SKU 2982,Electrical Supplies,pcs,292,INR,Kajaria,10k catalog row 2982
LRG-02983,Bulk SKU 2983,Plumbing & HVAC,pcs,293,INR,Havells,10k catalog row 2983
LRG-02984,Bulk SKU 2984,Paint & Finishes,pcs,294,INR,Jaquar,10k catalog row 2984
LRG-02985,Bulk SKU 2985,Building Materials,pcs,295,INR,Asian Paints,10k catalog row 2985
LRG-02986,Bulk SKU 2986,Lighting & Fixtures,pcs,296,INR,Bosch,10k catalog row 2986
LRG-02987,Bulk SKU 2987,Timber & Wood,pcs,297,INR,3M,10k catalog row 2987
LRG-02988,Bulk SKU 2988,Glass & Aluminium,pcs,298,INR,Jindal,10k catalog row 2988
LRG-02989,Bulk SKU 2989,Sanitary Ware,pcs,299,INR,Saint-Gobain,10k catalog row 2989
LRG-02990,Bulk SKU 2990,Steel & Metal,pcs,300,INR,UltraTech,10k catalog row 2990
LRG-02991,Bulk SKU 2991,Tiles & Flooring,pcs,301,INR,Tata,10k catalog row 2991
LRG-02992,Bulk SKU 2992,Electrical Supplies,pcs,302,INR,Kajaria,10k catalog row 2992
LRG-02993,Bulk SKU 2993,Plumbing & HVAC,pcs,303,INR,Havells,10k catalog row 2993
LRG-02994,Bulk SKU 2994,Paint & Finishes,pcs,304,INR,Jaquar,10k catalog row 2994
LRG-02995,Bulk SKU 2995,Building Materials,pcs,305,INR,Asian Paints,10k catalog row 2995
LRG-02996,Bulk SKU 2996,Lighting & Fixtures,pcs,306,INR,Bosch,10k catalog row 2996
LRG-02997,Bulk SKU 2997,Timber & Wood,pcs,307,INR,3M,10k catalog row 2997
LRG-02998,Bulk SKU 2998,Glass & Aluminium,pcs,308,INR,Jindal,10k catalog row 2998
LRG-02999,Bulk SKU 2999,Sanitary Ware,pcs,309,INR,Saint-Gobain,10k catalog row 2999
LRG-03000,Bulk SKU 3000,Steel & Metal,pcs,310,INR,UltraTech,10k catalog row 3000
LRG-03001,Bulk SKU 3001,Tiles & Flooring,pcs,311,INR,Tata,10k catalog row 3001
LRG-03002,Bulk SKU 3002,Electrical Supplies,pcs,312,INR,Kajaria,10k catalog row 3002
LRG-03003,Bulk SKU 3003,Plumbing & HVAC,pcs,313,INR,Havells,10k catalog row 3003
LRG-03004,Bulk SKU 3004,Paint & Finishes,pcs,314,INR,Jaquar,10k catalog row 3004
LRG-03005,Bulk SKU 3005,Building Materials,pcs,315,INR,Asian Paints,10k catalog row 3005
LRG-03006,Bulk SKU 3006,Lighting & Fixtures,pcs,316,INR,Bosch,10k catalog row 3006
LRG-03007,Bulk SKU 3007,Timber & Wood,pcs,317,INR,3M,10k catalog row 3007
LRG-03008,Bulk SKU 3008,Glass & Aluminium,pcs,318,INR,Jindal,10k catalog row 3008
LRG-03009,Bulk SKU 3009,Sanitary Ware,pcs,319,INR,Saint-Gobain,10k catalog row 3009
LRG-03010,Bulk SKU 3010,Steel & Metal,pcs,320,INR,UltraTech,10k catalog row 3010
LRG-03011,Bulk SKU 3011,Tiles & Flooring,pcs,321,INR,Tata,10k catalog row 3011
LRG-03012,Bulk SKU 3012,Electrical Supplies,pcs,322,INR,Kajaria,10k catalog row 3012
LRG-03013,Bulk SKU 3013,Plumbing & HVAC,pcs,323,INR,Havells,10k catalog row 3013
LRG-03014,Bulk SKU 3014,Paint & Finishes,pcs,324,INR,Jaquar,10k catalog row 3014
LRG-03015,Bulk SKU 3015,Building Materials,pcs,325,INR,Asian Paints,10k catalog row 3015
LRG-03016,Bulk SKU 3016,Lighting & Fixtures,pcs,326,INR,Bosch,10k catalog row 3016
LRG-03017,Bulk SKU 3017,Timber & Wood,pcs,327,INR,3M,10k catalog row 3017
LRG-03018,Bulk SKU 3018,Glass & Aluminium,pcs,328,INR,Jindal,10k catalog row 3018
LRG-03019,Bulk SKU 3019,Sanitary Ware,pcs,329,INR,Saint-Gobain,10k catalog row 3019
LRG-03020,Bulk SKU 3020,Steel & Metal,pcs,330,INR,UltraTech,10k catalog row 3020
LRG-03021,Bulk SKU 3021,Tiles & Flooring,pcs,331,INR,Tata,10k catalog row 3021
LRG-03022,Bulk SKU 3022,Electrical Supplies,pcs,332,INR,Kajaria,10k catalog row 3022
LRG-03023,Bulk SKU 3023,Plumbing & HVAC,pcs,333,INR,Havells,10k catalog row 3023
LRG-03024,Bulk SKU 3024,Paint & Finishes,pcs,334,INR,Jaquar,10k catalog row 3024
LRG-03025,Bulk SKU 3025,Building Materials,pcs,335,INR,Asian Paints,10k catalog row 3025
LRG-03026,Bulk SKU 3026,Lighting & Fixtures,pcs,336,INR,Bosch,10k catalog row 3026
LRG-03027,Bulk SKU 3027,Timber & Wood,pcs,337,INR,3M,10k catalog row 3027
LRG-03028,Bulk SKU 3028,Glass & Aluminium,pcs,338,INR,Jindal,10k catalog row 3028
LRG-03029,Bulk SKU 3029,Sanitary Ware,pcs,339,INR,Saint-Gobain,10k catalog row 3029
LRG-03030,Bulk SKU 3030,Steel & Metal,pcs,340,INR,UltraTech,10k catalog row 3030
LRG-03031,Bulk SKU 3031,Tiles & Flooring,pcs,341,INR,Tata,10k catalog row 3031
LRG-03032,Bulk SKU 3032,Electrical Supplies,pcs,342,INR,Kajaria,10k catalog row 3032
LRG-03033,Bulk SKU 3033,Plumbing & HVAC,pcs,343,INR,Havells,10k catalog row 3033
LRG-03034,Bulk SKU 3034,Paint & Finishes,pcs,344,INR,Jaquar,10k catalog row 3034
LRG-03035,Bulk SKU 3035,Building Materials,pcs,345,INR,Asian Paints,10k catalog row 3035
LRG-03036,Bulk SKU 3036,Lighting & Fixtures,pcs,346,INR,Bosch,10k catalog row 3036
LRG-03037,Bulk SKU 3037,Timber & Wood,pcs,347,INR,3M,10k catalog row 3037
LRG-03038,Bulk SKU 3038,Glass & Aluminium,pcs,348,INR,Jindal,10k catalog row 3038
LRG-03039,Bulk SKU 3039,Sanitary Ware,pcs,349,INR,Saint-Gobain,10k catalog row 3039
LRG-03040,Bulk SKU 3040,Steel & Metal,pcs,350,INR,UltraTech,10k catalog row 3040
LRG-03041,Bulk SKU 3041,Tiles & Flooring,pcs,351,INR,Tata,10k catalog row 3041
LRG-03042,Bulk SKU 3042,Electrical Supplies,pcs,352,INR,Kajaria,10k catalog row 3042
LRG-03043,Bulk SKU 3043,Plumbing & HVAC,pcs,353,INR,Havells,10k catalog row 3043
LRG-03044,Bulk SKU 3044,Paint & Finishes,pcs,354,INR,Jaquar,10k catalog row 3044
LRG-03045,Bulk SKU 3045,Building Materials,pcs,355,INR,Asian Paints,10k catalog row 3045
LRG-03046,Bulk SKU 3046,Lighting & Fixtures,pcs,356,INR,Bosch,10k catalog row 3046
LRG-03047,Bulk SKU 3047,Timber & Wood,pcs,357,INR,3M,10k catalog row 3047
LRG-03048,Bulk SKU 3048,Glass & Aluminium,pcs,358,INR,Jindal,10k catalog row 3048
LRG-03049,Bulk SKU 3049,Sanitary Ware,pcs,359,INR,Saint-Gobain,10k catalog row 3049
LRG-03050,Bulk SKU 3050,Steel & Metal,pcs,360,INR,UltraTech,10k catalog row 3050
LRG-03051,Bulk SKU 3051,Tiles & Flooring,pcs,361,INR,Tata,10k catalog row 3051
LRG-03052,Bulk SKU 3052,Electrical Supplies,pcs,362,INR,Kajaria,10k catalog row 3052
LRG-03053,Bulk SKU 3053,Plumbing & HVAC,pcs,363,INR,Havells,10k catalog row 3053
LRG-03054,Bulk SKU 3054,Paint & Finishes,pcs,364,INR,Jaquar,10k catalog row 3054
LRG-03055,Bulk SKU 3055,Building Materials,pcs,365,INR,Asian Paints,10k catalog row 3055
LRG-03056,Bulk SKU 3056,Lighting & Fixtures,pcs,366,INR,Bosch,10k catalog row 3056
LRG-03057,Bulk SKU 3057,Timber & Wood,pcs,367,INR,3M,10k catalog row 3057
LRG-03058,Bulk SKU 3058,Glass & Aluminium,pcs,368,INR,Jindal,10k catalog row 3058
LRG-03059,Bulk SKU 3059,Sanitary Ware,pcs,369,INR,Saint-Gobain,10k catalog row 3059
LRG-03060,Bulk SKU 3060,Steel & Metal,pcs,370,INR,UltraTech,10k catalog row 3060
LRG-03061,Bulk SKU 3061,Tiles & Flooring,pcs,371,INR,Tata,10k catalog row 3061
LRG-03062,Bulk SKU 3062,Electrical Supplies,pcs,372,INR,Kajaria,10k catalog row 3062
LRG-03063,Bulk SKU 3063,Plumbing & HVAC,pcs,373,INR,Havells,10k catalog row 3063
LRG-03064,Bulk SKU 3064,Paint & Finishes,pcs,374,INR,Jaquar,10k catalog row 3064
LRG-03065,Bulk SKU 3065,Building Materials,pcs,375,INR,Asian Paints,10k catalog row 3065
LRG-03066,Bulk SKU 3066,Lighting & Fixtures,pcs,376,INR,Bosch,10k catalog row 3066
LRG-03067,Bulk SKU 3067,Timber & Wood,pcs,377,INR,3M,10k catalog row 3067
LRG-03068,Bulk SKU 3068,Glass & Aluminium,pcs,378,INR,Jindal,10k catalog row 3068
LRG-03069,Bulk SKU 3069,Sanitary Ware,pcs,379,INR,Saint-Gobain,10k catalog row 3069
LRG-03070,Bulk SKU 3070,Steel & Metal,pcs,380,INR,UltraTech,10k catalog row 3070
LRG-03071,Bulk SKU 3071,Tiles & Flooring,pcs,381,INR,Tata,10k catalog row 3071
LRG-03072,Bulk SKU 3072,Electrical Supplies,pcs,382,INR,Kajaria,10k catalog row 3072
LRG-03073,Bulk SKU 3073,Plumbing & HVAC,pcs,383,INR,Havells,10k catalog row 3073
LRG-03074,Bulk SKU 3074,Paint & Finishes,pcs,384,INR,Jaquar,10k catalog row 3074
LRG-03075,Bulk SKU 3075,Building Materials,pcs,385,INR,Asian Paints,10k catalog row 3075
LRG-03076,Bulk SKU 3076,Lighting & Fixtures,pcs,386,INR,Bosch,10k catalog row 3076
LRG-03077,Bulk SKU 3077,Timber & Wood,pcs,387,INR,3M,10k catalog row 3077
LRG-03078,Bulk SKU 3078,Glass & Aluminium,pcs,388,INR,Jindal,10k catalog row 3078
LRG-03079,Bulk SKU 3079,Sanitary Ware,pcs,389,INR,Saint-Gobain,10k catalog row 3079
LRG-03080,Bulk SKU 3080,Steel & Metal,pcs,390,INR,UltraTech,10k catalog row 3080
LRG-03081,Bulk SKU 3081,Tiles & Flooring,pcs,391,INR,Tata,10k catalog row 3081
LRG-03082,Bulk SKU 3082,Electrical Supplies,pcs,392,INR,Kajaria,10k catalog row 3082
LRG-03083,Bulk SKU 3083,Plumbing & HVAC,pcs,393,INR,Havells,10k catalog row 3083
LRG-03084,Bulk SKU 3084,Paint & Finishes,pcs,394,INR,Jaquar,10k catalog row 3084
LRG-03085,Bulk SKU 3085,Building Materials,pcs,395,INR,Asian Paints,10k catalog row 3085
LRG-03086,Bulk SKU 3086,Lighting & Fixtures,pcs,396,INR,Bosch,10k catalog row 3086
LRG-03087,Bulk SKU 3087,Timber & Wood,pcs,397,INR,3M,10k catalog row 3087
LRG-03088,Bulk SKU 3088,Glass & Aluminium,pcs,398,INR,Jindal,10k catalog row 3088
LRG-03089,Bulk SKU 3089,Sanitary Ware,pcs,399,INR,Saint-Gobain,10k catalog row 3089
LRG-03090,Bulk SKU 3090,Steel & Metal,pcs,400,INR,UltraTech,10k catalog row 3090
LRG-03091,Bulk SKU 3091,Tiles & Flooring,pcs,401,INR,Tata,10k catalog row 3091
LRG-03092,Bulk SKU 3092,Electrical Supplies,pcs,402,INR,Kajaria,10k catalog row 3092
LRG-03093,Bulk SKU 3093,Plumbing & HVAC,pcs,403,INR,Havells,10k catalog row 3093
LRG-03094,Bulk SKU 3094,Paint & Finishes,pcs,404,INR,Jaquar,10k catalog row 3094
LRG-03095,Bulk SKU 3095,Building Materials,pcs,405,INR,Asian Paints,10k catalog row 3095
LRG-03096,Bulk SKU 3096,Lighting & Fixtures,pcs,406,INR,Bosch,10k catalog row 3096
LRG-03097,Bulk SKU 3097,Timber & Wood,pcs,407,INR,3M,10k catalog row 3097
LRG-03098,Bulk SKU 3098,Glass & Aluminium,pcs,408,INR,Jindal,10k catalog row 3098
LRG-03099,Bulk SKU 3099,Sanitary Ware,pcs,409,INR,Saint-Gobain,10k catalog row 3099
LRG-03100,Bulk SKU 3100,Steel & Metal,pcs,410,INR,UltraTech,10k catalog row 3100
LRG-03101,Bulk SKU 3101,Tiles & Flooring,pcs,411,INR,Tata,10k catalog row 3101
LRG-03102,Bulk SKU 3102,Electrical Supplies,pcs,412,INR,Kajaria,10k catalog row 3102
LRG-03103,Bulk SKU 3103,Plumbing & HVAC,pcs,413,INR,Havells,10k catalog row 3103
LRG-03104,Bulk SKU 3104,Paint & Finishes,pcs,414,INR,Jaquar,10k catalog row 3104
LRG-03105,Bulk SKU 3105,Building Materials,pcs,415,INR,Asian Paints,10k catalog row 3105
LRG-03106,Bulk SKU 3106,Lighting & Fixtures,pcs,416,INR,Bosch,10k catalog row 3106
LRG-03107,Bulk SKU 3107,Timber & Wood,pcs,417,INR,3M,10k catalog row 3107
LRG-03108,Bulk SKU 3108,Glass & Aluminium,pcs,418,INR,Jindal,10k catalog row 3108
LRG-03109,Bulk SKU 3109,Sanitary Ware,pcs,419,INR,Saint-Gobain,10k catalog row 3109
LRG-03110,Bulk SKU 3110,Steel & Metal,pcs,420,INR,UltraTech,10k catalog row 3110
LRG-03111,Bulk SKU 3111,Tiles & Flooring,pcs,421,INR,Tata,10k catalog row 3111
LRG-03112,Bulk SKU 3112,Electrical Supplies,pcs,422,INR,Kajaria,10k catalog row 3112
LRG-03113,Bulk SKU 3113,Plumbing & HVAC,pcs,423,INR,Havells,10k catalog row 3113
LRG-03114,Bulk SKU 3114,Paint & Finishes,pcs,424,INR,Jaquar,10k catalog row 3114
LRG-03115,Bulk SKU 3115,Building Materials,pcs,425,INR,Asian Paints,10k catalog row 3115
LRG-03116,Bulk SKU 3116,Lighting & Fixtures,pcs,426,INR,Bosch,10k catalog row 3116
LRG-03117,Bulk SKU 3117,Timber & Wood,pcs,427,INR,3M,10k catalog row 3117
LRG-03118,Bulk SKU 3118,Glass & Aluminium,pcs,428,INR,Jindal,10k catalog row 3118
LRG-03119,Bulk SKU 3119,Sanitary Ware,pcs,429,INR,Saint-Gobain,10k catalog row 3119
LRG-03120,Bulk SKU 3120,Steel & Metal,pcs,430,INR,UltraTech,10k catalog row 3120
LRG-03121,Bulk SKU 3121,Tiles & Flooring,pcs,431,INR,Tata,10k catalog row 3121
LRG-03122,Bulk SKU 3122,Electrical Supplies,pcs,432,INR,Kajaria,10k catalog row 3122
LRG-03123,Bulk SKU 3123,Plumbing & HVAC,pcs,433,INR,Havells,10k catalog row 3123
LRG-03124,Bulk SKU 3124,Paint & Finishes,pcs,434,INR,Jaquar,10k catalog row 3124
LRG-03125,Bulk SKU 3125,Building Materials,pcs,435,INR,Asian Paints,10k catalog row 3125
LRG-03126,Bulk SKU 3126,Lighting & Fixtures,pcs,436,INR,Bosch,10k catalog row 3126
LRG-03127,Bulk SKU 3127,Timber & Wood,pcs,437,INR,3M,10k catalog row 3127
LRG-03128,Bulk SKU 3128,Glass & Aluminium,pcs,438,INR,Jindal,10k catalog row 3128
LRG-03129,Bulk SKU 3129,Sanitary Ware,pcs,439,INR,Saint-Gobain,10k catalog row 3129
LRG-03130,Bulk SKU 3130,Steel & Metal,pcs,440,INR,UltraTech,10k catalog row 3130
LRG-03131,Bulk SKU 3131,Tiles & Flooring,pcs,441,INR,Tata,10k catalog row 3131
LRG-03132,Bulk SKU 3132,Electrical Supplies,pcs,442,INR,Kajaria,10k catalog row 3132
LRG-03133,Bulk SKU 3133,Plumbing & HVAC,pcs,443,INR,Havells,10k catalog row 3133
LRG-03134,Bulk SKU 3134,Paint & Finishes,pcs,444,INR,Jaquar,10k catalog row 3134
LRG-03135,Bulk SKU 3135,Building Materials,pcs,445,INR,Asian Paints,10k catalog row 3135
LRG-03136,Bulk SKU 3136,Lighting & Fixtures,pcs,446,INR,Bosch,10k catalog row 3136
LRG-03137,Bulk SKU 3137,Timber & Wood,pcs,447,INR,3M,10k catalog row 3137
LRG-03138,Bulk SKU 3138,Glass & Aluminium,pcs,448,INR,Jindal,10k catalog row 3138
LRG-03139,Bulk SKU 3139,Sanitary Ware,pcs,449,INR,Saint-Gobain,10k catalog row 3139
LRG-03140,Bulk SKU 3140,Steel & Metal,pcs,450,INR,UltraTech,10k catalog row 3140
LRG-03141,Bulk SKU 3141,Tiles & Flooring,pcs,451,INR,Tata,10k catalog row 3141
LRG-03142,Bulk SKU 3142,Electrical Supplies,pcs,452,INR,Kajaria,10k catalog row 3142
LRG-03143,Bulk SKU 3143,Plumbing & HVAC,pcs,453,INR,Havells,10k catalog row 3143
LRG-03144,Bulk SKU 3144,Paint & Finishes,pcs,454,INR,Jaquar,10k catalog row 3144
LRG-03145,Bulk SKU 3145,Building Materials,pcs,455,INR,Asian Paints,10k catalog row 3145
LRG-03146,Bulk SKU 3146,Lighting & Fixtures,pcs,456,INR,Bosch,10k catalog row 3146
LRG-03147,Bulk SKU 3147,Timber & Wood,pcs,457,INR,3M,10k catalog row 3147
LRG-03148,Bulk SKU 3148,Glass & Aluminium,pcs,458,INR,Jindal,10k catalog row 3148
LRG-03149,Bulk SKU 3149,Sanitary Ware,pcs,459,INR,Saint-Gobain,10k catalog row 3149
LRG-03150,Bulk SKU 3150,Steel & Metal,pcs,460,INR,UltraTech,10k catalog row 3150
LRG-03151,Bulk SKU 3151,Tiles & Flooring,pcs,461,INR,Tata,10k catalog row 3151
LRG-03152,Bulk SKU 3152,Electrical Supplies,pcs,462,INR,Kajaria,10k catalog row 3152
LRG-03153,Bulk SKU 3153,Plumbing & HVAC,pcs,463,INR,Havells,10k catalog row 3153
LRG-03154,Bulk SKU 3154,Paint & Finishes,pcs,464,INR,Jaquar,10k catalog row 3154
LRG-03155,Bulk SKU 3155,Building Materials,pcs,465,INR,Asian Paints,10k catalog row 3155
LRG-03156,Bulk SKU 3156,Lighting & Fixtures,pcs,466,INR,Bosch,10k catalog row 3156
LRG-03157,Bulk SKU 3157,Timber & Wood,pcs,467,INR,3M,10k catalog row 3157
LRG-03158,Bulk SKU 3158,Glass & Aluminium,pcs,468,INR,Jindal,10k catalog row 3158
LRG-03159,Bulk SKU 3159,Sanitary Ware,pcs,469,INR,Saint-Gobain,10k catalog row 3159
LRG-03160,Bulk SKU 3160,Steel & Metal,pcs,470,INR,UltraTech,10k catalog row 3160
LRG-03161,Bulk SKU 3161,Tiles & Flooring,pcs,471,INR,Tata,10k catalog row 3161
LRG-03162,Bulk SKU 3162,Electrical Supplies,pcs,472,INR,Kajaria,10k catalog row 3162
LRG-03163,Bulk SKU 3163,Plumbing & HVAC,pcs,473,INR,Havells,10k catalog row 3163
LRG-03164,Bulk SKU 3164,Paint & Finishes,pcs,474,INR,Jaquar,10k catalog row 3164
LRG-03165,Bulk SKU 3165,Building Materials,pcs,475,INR,Asian Paints,10k catalog row 3165
LRG-03166,Bulk SKU 3166,Lighting & Fixtures,pcs,476,INR,Bosch,10k catalog row 3166
LRG-03167,Bulk SKU 3167,Timber & Wood,pcs,477,INR,3M,10k catalog row 3167
LRG-03168,Bulk SKU 3168,Glass & Aluminium,pcs,478,INR,Jindal,10k catalog row 3168
LRG-03169,Bulk SKU 3169,Sanitary Ware,pcs,479,INR,Saint-Gobain,10k catalog row 3169
LRG-03170,Bulk SKU 3170,Steel & Metal,pcs,480,INR,UltraTech,10k catalog row 3170
LRG-03171,Bulk SKU 3171,Tiles & Flooring,pcs,481,INR,Tata,10k catalog row 3171
LRG-03172,Bulk SKU 3172,Electrical Supplies,pcs,482,INR,Kajaria,10k catalog row 3172
LRG-03173,Bulk SKU 3173,Plumbing & HVAC,pcs,483,INR,Havells,10k catalog row 3173
LRG-03174,Bulk SKU 3174,Paint & Finishes,pcs,484,INR,Jaquar,10k catalog row 3174
LRG-03175,Bulk SKU 3175,Building Materials,pcs,485,INR,Asian Paints,10k catalog row 3175
LRG-03176,Bulk SKU 3176,Lighting & Fixtures,pcs,486,INR,Bosch,10k catalog row 3176
LRG-03177,Bulk SKU 3177,Timber & Wood,pcs,487,INR,3M,10k catalog row 3177
LRG-03178,Bulk SKU 3178,Glass & Aluminium,pcs,488,INR,Jindal,10k catalog row 3178
LRG-03179,Bulk SKU 3179,Sanitary Ware,pcs,489,INR,Saint-Gobain,10k catalog row 3179
LRG-03180,Bulk SKU 3180,Steel & Metal,pcs,490,INR,UltraTech,10k catalog row 3180
LRG-03181,Bulk SKU 3181,Tiles & Flooring,pcs,491,INR,Tata,10k catalog row 3181
LRG-03182,Bulk SKU 3182,Electrical Supplies,pcs,492,INR,Kajaria,10k catalog row 3182
LRG-03183,Bulk SKU 3183,Plumbing & HVAC,pcs,493,INR,Havells,10k catalog row 3183
LRG-03184,Bulk SKU 3184,Paint & Finishes,pcs,494,INR,Jaquar,10k catalog row 3184
LRG-03185,Bulk SKU 3185,Building Materials,pcs,495,INR,Asian Paints,10k catalog row 3185
LRG-03186,Bulk SKU 3186,Lighting & Fixtures,pcs,496,INR,Bosch,10k catalog row 3186
LRG-03187,Bulk SKU 3187,Timber & Wood,pcs,497,INR,3M,10k catalog row 3187
LRG-03188,Bulk SKU 3188,Glass & Aluminium,pcs,498,INR,Jindal,10k catalog row 3188
LRG-03189,Bulk SKU 3189,Sanitary Ware,pcs,499,INR,Saint-Gobain,10k catalog row 3189
LRG-03190,Bulk SKU 3190,Steel & Metal,pcs,500,INR,UltraTech,10k catalog row 3190
LRG-03191,Bulk SKU 3191,Tiles & Flooring,pcs,501,INR,Tata,10k catalog row 3191
LRG-03192,Bulk SKU 3192,Electrical Supplies,pcs,502,INR,Kajaria,10k catalog row 3192
LRG-03193,Bulk SKU 3193,Plumbing & HVAC,pcs,503,INR,Havells,10k catalog row 3193
LRG-03194,Bulk SKU 3194,Paint & Finishes,pcs,504,INR,Jaquar,10k catalog row 3194
LRG-03195,Bulk SKU 3195,Building Materials,pcs,505,INR,Asian Paints,10k catalog row 3195
LRG-03196,Bulk SKU 3196,Lighting & Fixtures,pcs,506,INR,Bosch,10k catalog row 3196
LRG-03197,Bulk SKU 3197,Timber & Wood,pcs,507,INR,3M,10k catalog row 3197
LRG-03198,Bulk SKU 3198,Glass & Aluminium,pcs,508,INR,Jindal,10k catalog row 3198
LRG-03199,Bulk SKU 3199,Sanitary Ware,pcs,509,INR,Saint-Gobain,10k catalog row 3199
LRG-03200,Bulk SKU 3200,Steel & Metal,pcs,510,INR,UltraTech,10k catalog row 3200
LRG-03201,Bulk SKU 3201,Tiles & Flooring,pcs,511,INR,Tata,10k catalog row 3201
LRG-03202,Bulk SKU 3202,Electrical Supplies,pcs,512,INR,Kajaria,10k catalog row 3202
LRG-03203,Bulk SKU 3203,Plumbing & HVAC,pcs,513,INR,Havells,10k catalog row 3203
LRG-03204,Bulk SKU 3204,Paint & Finishes,pcs,514,INR,Jaquar,10k catalog row 3204
LRG-03205,Bulk SKU 3205,Building Materials,pcs,515,INR,Asian Paints,10k catalog row 3205
LRG-03206,Bulk SKU 3206,Lighting & Fixtures,pcs,516,INR,Bosch,10k catalog row 3206
LRG-03207,Bulk SKU 3207,Timber & Wood,pcs,517,INR,3M,10k catalog row 3207
LRG-03208,Bulk SKU 3208,Glass & Aluminium,pcs,518,INR,Jindal,10k catalog row 3208
LRG-03209,Bulk SKU 3209,Sanitary Ware,pcs,519,INR,Saint-Gobain,10k catalog row 3209
LRG-03210,Bulk SKU 3210,Steel & Metal,pcs,520,INR,UltraTech,10k catalog row 3210
LRG-03211,Bulk SKU 3211,Tiles & Flooring,pcs,521,INR,Tata,10k catalog row 3211
LRG-03212,Bulk SKU 3212,Electrical Supplies,pcs,522,INR,Kajaria,10k catalog row 3212
LRG-03213,Bulk SKU 3213,Plumbing & HVAC,pcs,523,INR,Havells,10k catalog row 3213
LRG-03214,Bulk SKU 3214,Paint & Finishes,pcs,524,INR,Jaquar,10k catalog row 3214
LRG-03215,Bulk SKU 3215,Building Materials,pcs,525,INR,Asian Paints,10k catalog row 3215
LRG-03216,Bulk SKU 3216,Lighting & Fixtures,pcs,526,INR,Bosch,10k catalog row 3216
LRG-03217,Bulk SKU 3217,Timber & Wood,pcs,527,INR,3M,10k catalog row 3217
LRG-03218,Bulk SKU 3218,Glass & Aluminium,pcs,528,INR,Jindal,10k catalog row 3218
LRG-03219,Bulk SKU 3219,Sanitary Ware,pcs,529,INR,Saint-Gobain,10k catalog row 3219
LRG-03220,Bulk SKU 3220,Steel & Metal,pcs,530,INR,UltraTech,10k catalog row 3220
LRG-03221,Bulk SKU 3221,Tiles & Flooring,pcs,531,INR,Tata,10k catalog row 3221
LRG-03222,Bulk SKU 3222,Electrical Supplies,pcs,532,INR,Kajaria,10k catalog row 3222
LRG-03223,Bulk SKU 3223,Plumbing & HVAC,pcs,533,INR,Havells,10k catalog row 3223
LRG-03224,Bulk SKU 3224,Paint & Finishes,pcs,534,INR,Jaquar,10k catalog row 3224
LRG-03225,Bulk SKU 3225,Building Materials,pcs,535,INR,Asian Paints,10k catalog row 3225
LRG-03226,Bulk SKU 3226,Lighting & Fixtures,pcs,536,INR,Bosch,10k catalog row 3226
LRG-03227,Bulk SKU 3227,Timber & Wood,pcs,537,INR,3M,10k catalog row 3227
LRG-03228,Bulk SKU 3228,Glass & Aluminium,pcs,538,INR,Jindal,10k catalog row 3228
LRG-03229,Bulk SKU 3229,Sanitary Ware,pcs,539,INR,Saint-Gobain,10k catalog row 3229
LRG-03230,Bulk SKU 3230,Steel & Metal,pcs,540,INR,UltraTech,10k catalog row 3230
LRG-03231,Bulk SKU 3231,Tiles & Flooring,pcs,541,INR,Tata,10k catalog row 3231
LRG-03232,Bulk SKU 3232,Electrical Supplies,pcs,542,INR,Kajaria,10k catalog row 3232
LRG-03233,Bulk SKU 3233,Plumbing & HVAC,pcs,543,INR,Havells,10k catalog row 3233
LRG-03234,Bulk SKU 3234,Paint & Finishes,pcs,544,INR,Jaquar,10k catalog row 3234
LRG-03235,Bulk SKU 3235,Building Materials,pcs,545,INR,Asian Paints,10k catalog row 3235
LRG-03236,Bulk SKU 3236,Lighting & Fixtures,pcs,546,INR,Bosch,10k catalog row 3236
LRG-03237,Bulk SKU 3237,Timber & Wood,pcs,547,INR,3M,10k catalog row 3237
LRG-03238,Bulk SKU 3238,Glass & Aluminium,pcs,548,INR,Jindal,10k catalog row 3238
LRG-03239,Bulk SKU 3239,Sanitary Ware,pcs,549,INR,Saint-Gobain,10k catalog row 3239
LRG-03240,Bulk SKU 3240,Steel & Metal,pcs,550,INR,UltraTech,10k catalog row 3240
LRG-03241,Bulk SKU 3241,Tiles & Flooring,pcs,551,INR,Tata,10k catalog row 3241
LRG-03242,Bulk SKU 3242,Electrical Supplies,pcs,552,INR,Kajaria,10k catalog row 3242
LRG-03243,Bulk SKU 3243,Plumbing & HVAC,pcs,553,INR,Havells,10k catalog row 3243
LRG-03244,Bulk SKU 3244,Paint & Finishes,pcs,554,INR,Jaquar,10k catalog row 3244
LRG-03245,Bulk SKU 3245,Building Materials,pcs,555,INR,Asian Paints,10k catalog row 3245
LRG-03246,Bulk SKU 3246,Lighting & Fixtures,pcs,556,INR,Bosch,10k catalog row 3246
LRG-03247,Bulk SKU 3247,Timber & Wood,pcs,557,INR,3M,10k catalog row 3247
LRG-03248,Bulk SKU 3248,Glass & Aluminium,pcs,558,INR,Jindal,10k catalog row 3248
LRG-03249,Bulk SKU 3249,Sanitary Ware,pcs,559,INR,Saint-Gobain,10k catalog row 3249
LRG-03250,Bulk SKU 3250,Steel & Metal,pcs,560,INR,UltraTech,10k catalog row 3250
LRG-03251,Bulk SKU 3251,Tiles & Flooring,pcs,561,INR,Tata,10k catalog row 3251
LRG-03252,Bulk SKU 3252,Electrical Supplies,pcs,562,INR,Kajaria,10k catalog row 3252
LRG-03253,Bulk SKU 3253,Plumbing & HVAC,pcs,563,INR,Havells,10k catalog row 3253
LRG-03254,Bulk SKU 3254,Paint & Finishes,pcs,564,INR,Jaquar,10k catalog row 3254
LRG-03255,Bulk SKU 3255,Building Materials,pcs,565,INR,Asian Paints,10k catalog row 3255
LRG-03256,Bulk SKU 3256,Lighting & Fixtures,pcs,566,INR,Bosch,10k catalog row 3256
LRG-03257,Bulk SKU 3257,Timber & Wood,pcs,567,INR,3M,10k catalog row 3257
LRG-03258,Bulk SKU 3258,Glass & Aluminium,pcs,568,INR,Jindal,10k catalog row 3258
LRG-03259,Bulk SKU 3259,Sanitary Ware,pcs,569,INR,Saint-Gobain,10k catalog row 3259
LRG-03260,Bulk SKU 3260,Steel & Metal,pcs,570,INR,UltraTech,10k catalog row 3260
LRG-03261,Bulk SKU 3261,Tiles & Flooring,pcs,571,INR,Tata,10k catalog row 3261
LRG-03262,Bulk SKU 3262,Electrical Supplies,pcs,572,INR,Kajaria,10k catalog row 3262
LRG-03263,Bulk SKU 3263,Plumbing & HVAC,pcs,573,INR,Havells,10k catalog row 3263
LRG-03264,Bulk SKU 3264,Paint & Finishes,pcs,574,INR,Jaquar,10k catalog row 3264
LRG-03265,Bulk SKU 3265,Building Materials,pcs,575,INR,Asian Paints,10k catalog row 3265
LRG-03266,Bulk SKU 3266,Lighting & Fixtures,pcs,576,INR,Bosch,10k catalog row 3266
LRG-03267,Bulk SKU 3267,Timber & Wood,pcs,577,INR,3M,10k catalog row 3267
LRG-03268,Bulk SKU 3268,Glass & Aluminium,pcs,578,INR,Jindal,10k catalog row 3268
LRG-03269,Bulk SKU 3269,Sanitary Ware,pcs,579,INR,Saint-Gobain,10k catalog row 3269
LRG-03270,Bulk SKU 3270,Steel & Metal,pcs,580,INR,UltraTech,10k catalog row 3270
LRG-03271,Bulk SKU 3271,Tiles & Flooring,pcs,581,INR,Tata,10k catalog row 3271
LRG-03272,Bulk SKU 3272,Electrical Supplies,pcs,582,INR,Kajaria,10k catalog row 3272
LRG-03273,Bulk SKU 3273,Plumbing & HVAC,pcs,583,INR,Havells,10k catalog row 3273
LRG-03274,Bulk SKU 3274,Paint & Finishes,pcs,584,INR,Jaquar,10k catalog row 3274
LRG-03275,Bulk SKU 3275,Building Materials,pcs,585,INR,Asian Paints,10k catalog row 3275
LRG-03276,Bulk SKU 3276,Lighting & Fixtures,pcs,586,INR,Bosch,10k catalog row 3276
LRG-03277,Bulk SKU 3277,Timber & Wood,pcs,587,INR,3M,10k catalog row 3277
LRG-03278,Bulk SKU 3278,Glass & Aluminium,pcs,588,INR,Jindal,10k catalog row 3278
LRG-03279,Bulk SKU 3279,Sanitary Ware,pcs,589,INR,Saint-Gobain,10k catalog row 3279
LRG-03280,Bulk SKU 3280,Steel & Metal,pcs,590,INR,UltraTech,10k catalog row 3280
LRG-03281,Bulk SKU 3281,Tiles & Flooring,pcs,591,INR,Tata,10k catalog row 3281
LRG-03282,Bulk SKU 3282,Electrical Supplies,pcs,592,INR,Kajaria,10k catalog row 3282
LRG-03283,Bulk SKU 3283,Plumbing & HVAC,pcs,593,INR,Havells,10k catalog row 3283
LRG-03284,Bulk SKU 3284,Paint & Finishes,pcs,594,INR,Jaquar,10k catalog row 3284
LRG-03285,Bulk SKU 3285,Building Materials,pcs,595,INR,Asian Paints,10k catalog row 3285
LRG-03286,Bulk SKU 3286,Lighting & Fixtures,pcs,596,INR,Bosch,10k catalog row 3286
LRG-03287,Bulk SKU 3287,Timber & Wood,pcs,597,INR,3M,10k catalog row 3287
LRG-03288,Bulk SKU 3288,Glass & Aluminium,pcs,598,INR,Jindal,10k catalog row 3288
LRG-03289,Bulk SKU 3289,Sanitary Ware,pcs,599,INR,Saint-Gobain,10k catalog row 3289
LRG-03290,Bulk SKU 3290,Steel & Metal,pcs,600,INR,UltraTech,10k catalog row 3290
LRG-03291,Bulk SKU 3291,Tiles & Flooring,pcs,601,INR,Tata,10k catalog row 3291
LRG-03292,Bulk SKU 3292,Electrical Supplies,pcs,602,INR,Kajaria,10k catalog row 3292
LRG-03293,Bulk SKU 3293,Plumbing & HVAC,pcs,603,INR,Havells,10k catalog row 3293
LRG-03294,Bulk SKU 3294,Paint & Finishes,pcs,604,INR,Jaquar,10k catalog row 3294
LRG-03295,Bulk SKU 3295,Building Materials,pcs,605,INR,Asian Paints,10k catalog row 3295
LRG-03296,Bulk SKU 3296,Lighting & Fixtures,pcs,606,INR,Bosch,10k catalog row 3296
LRG-03297,Bulk SKU 3297,Timber & Wood,pcs,607,INR,3M,10k catalog row 3297
LRG-03298,Bulk SKU 3298,Glass & Aluminium,pcs,608,INR,Jindal,10k catalog row 3298
LRG-03299,Bulk SKU 3299,Sanitary Ware,pcs,609,INR,Saint-Gobain,10k catalog row 3299
LRG-03300,Bulk SKU 3300,Steel & Metal,pcs,610,INR,UltraTech,10k catalog row 3300
LRG-03301,Bulk SKU 3301,Tiles & Flooring,pcs,611,INR,Tata,10k catalog row 3301
LRG-03302,Bulk SKU 3302,Electrical Supplies,pcs,612,INR,Kajaria,10k catalog row 3302
LRG-03303,Bulk SKU 3303,Plumbing & HVAC,pcs,613,INR,Havells,10k catalog row 3303
LRG-03304,Bulk SKU 3304,Paint & Finishes,pcs,614,INR,Jaquar,10k catalog row 3304
LRG-03305,Bulk SKU 3305,Building Materials,pcs,615,INR,Asian Paints,10k catalog row 3305
LRG-03306,Bulk SKU 3306,Lighting & Fixtures,pcs,616,INR,Bosch,10k catalog row 3306
LRG-03307,Bulk SKU 3307,Timber & Wood,pcs,617,INR,3M,10k catalog row 3307
LRG-03308,Bulk SKU 3308,Glass & Aluminium,pcs,618,INR,Jindal,10k catalog row 3308
LRG-03309,Bulk SKU 3309,Sanitary Ware,pcs,619,INR,Saint-Gobain,10k catalog row 3309
LRG-03310,Bulk SKU 3310,Steel & Metal,pcs,620,INR,UltraTech,10k catalog row 3310
LRG-03311,Bulk SKU 3311,Tiles & Flooring,pcs,621,INR,Tata,10k catalog row 3311
LRG-03312,Bulk SKU 3312,Electrical Supplies,pcs,622,INR,Kajaria,10k catalog row 3312
LRG-03313,Bulk SKU 3313,Plumbing & HVAC,pcs,623,INR,Havells,10k catalog row 3313
LRG-03314,Bulk SKU 3314,Paint & Finishes,pcs,624,INR,Jaquar,10k catalog row 3314
LRG-03315,Bulk SKU 3315,Building Materials,pcs,625,INR,Asian Paints,10k catalog row 3315
LRG-03316,Bulk SKU 3316,Lighting & Fixtures,pcs,626,INR,Bosch,10k catalog row 3316
LRG-03317,Bulk SKU 3317,Timber & Wood,pcs,627,INR,3M,10k catalog row 3317
LRG-03318,Bulk SKU 3318,Glass & Aluminium,pcs,628,INR,Jindal,10k catalog row 3318
LRG-03319,Bulk SKU 3319,Sanitary Ware,pcs,629,INR,Saint-Gobain,10k catalog row 3319
LRG-03320,Bulk SKU 3320,Steel & Metal,pcs,630,INR,UltraTech,10k catalog row 3320
LRG-03321,Bulk SKU 3321,Tiles & Flooring,pcs,631,INR,Tata,10k catalog row 3321
LRG-03322,Bulk SKU 3322,Electrical Supplies,pcs,632,INR,Kajaria,10k catalog row 3322
LRG-03323,Bulk SKU 3323,Plumbing & HVAC,pcs,633,INR,Havells,10k catalog row 3323
LRG-03324,Bulk SKU 3324,Paint & Finishes,pcs,634,INR,Jaquar,10k catalog row 3324
LRG-03325,Bulk SKU 3325,Building Materials,pcs,635,INR,Asian Paints,10k catalog row 3325
LRG-03326,Bulk SKU 3326,Lighting & Fixtures,pcs,636,INR,Bosch,10k catalog row 3326
LRG-03327,Bulk SKU 3327,Timber & Wood,pcs,637,INR,3M,10k catalog row 3327
LRG-03328,Bulk SKU 3328,Glass & Aluminium,pcs,638,INR,Jindal,10k catalog row 3328
LRG-03329,Bulk SKU 3329,Sanitary Ware,pcs,639,INR,Saint-Gobain,10k catalog row 3329
LRG-03330,Bulk SKU 3330,Steel & Metal,pcs,640,INR,UltraTech,10k catalog row 3330
LRG-03331,Bulk SKU 3331,Tiles & Flooring,pcs,641,INR,Tata,10k catalog row 3331
LRG-03332,Bulk SKU 3332,Electrical Supplies,pcs,642,INR,Kajaria,10k catalog row 3332
LRG-03333,Bulk SKU 3333,Plumbing & HVAC,pcs,643,INR,Havells,10k catalog row 3333
LRG-03334,Bulk SKU 3334,Paint & Finishes,pcs,644,INR,Jaquar,10k catalog row 3334
LRG-03335,Bulk SKU 3335,Building Materials,pcs,645,INR,Asian Paints,10k catalog row 3335
LRG-03336,Bulk SKU 3336,Lighting & Fixtures,pcs,646,INR,Bosch,10k catalog row 3336
LRG-03337,Bulk SKU 3337,Timber & Wood,pcs,647,INR,3M,10k catalog row 3337
LRG-03338,Bulk SKU 3338,Glass & Aluminium,pcs,648,INR,Jindal,10k catalog row 3338
LRG-03339,Bulk SKU 3339,Sanitary Ware,pcs,649,INR,Saint-Gobain,10k catalog row 3339
LRG-03340,Bulk SKU 3340,Steel & Metal,pcs,650,INR,UltraTech,10k catalog row 3340
LRG-03341,Bulk SKU 3341,Tiles & Flooring,pcs,651,INR,Tata,10k catalog row 3341
LRG-03342,Bulk SKU 3342,Electrical Supplies,pcs,652,INR,Kajaria,10k catalog row 3342
LRG-03343,Bulk SKU 3343,Plumbing & HVAC,pcs,653,INR,Havells,10k catalog row 3343
LRG-03344,Bulk SKU 3344,Paint & Finishes,pcs,654,INR,Jaquar,10k catalog row 3344
LRG-03345,Bulk SKU 3345,Building Materials,pcs,655,INR,Asian Paints,10k catalog row 3345
LRG-03346,Bulk SKU 3346,Lighting & Fixtures,pcs,656,INR,Bosch,10k catalog row 3346
LRG-03347,Bulk SKU 3347,Timber & Wood,pcs,657,INR,3M,10k catalog row 3347
LRG-03348,Bulk SKU 3348,Glass & Aluminium,pcs,658,INR,Jindal,10k catalog row 3348
LRG-03349,Bulk SKU 3349,Sanitary Ware,pcs,659,INR,Saint-Gobain,10k catalog row 3349
LRG-03350,Bulk SKU 3350,Steel & Metal,pcs,660,INR,UltraTech,10k catalog row 3350
LRG-03351,Bulk SKU 3351,Tiles & Flooring,pcs,661,INR,Tata,10k catalog row 3351
LRG-03352,Bulk SKU 3352,Electrical Supplies,pcs,662,INR,Kajaria,10k catalog row 3352
LRG-03353,Bulk SKU 3353,Plumbing & HVAC,pcs,663,INR,Havells,10k catalog row 3353
LRG-03354,Bulk SKU 3354,Paint & Finishes,pcs,664,INR,Jaquar,10k catalog row 3354
LRG-03355,Bulk SKU 3355,Building Materials,pcs,665,INR,Asian Paints,10k catalog row 3355
LRG-03356,Bulk SKU 3356,Lighting & Fixtures,pcs,666,INR,Bosch,10k catalog row 3356
LRG-03357,Bulk SKU 3357,Timber & Wood,pcs,667,INR,3M,10k catalog row 3357
LRG-03358,Bulk SKU 3358,Glass & Aluminium,pcs,668,INR,Jindal,10k catalog row 3358
LRG-03359,Bulk SKU 3359,Sanitary Ware,pcs,669,INR,Saint-Gobain,10k catalog row 3359
LRG-03360,Bulk SKU 3360,Steel & Metal,pcs,670,INR,UltraTech,10k catalog row 3360
LRG-03361,Bulk SKU 3361,Tiles & Flooring,pcs,671,INR,Tata,10k catalog row 3361
LRG-03362,Bulk SKU 3362,Electrical Supplies,pcs,672,INR,Kajaria,10k catalog row 3362
LRG-03363,Bulk SKU 3363,Plumbing & HVAC,pcs,673,INR,Havells,10k catalog row 3363
LRG-03364,Bulk SKU 3364,Paint & Finishes,pcs,674,INR,Jaquar,10k catalog row 3364
LRG-03365,Bulk SKU 3365,Building Materials,pcs,675,INR,Asian Paints,10k catalog row 3365
LRG-03366,Bulk SKU 3366,Lighting & Fixtures,pcs,676,INR,Bosch,10k catalog row 3366
LRG-03367,Bulk SKU 3367,Timber & Wood,pcs,677,INR,3M,10k catalog row 3367
LRG-03368,Bulk SKU 3368,Glass & Aluminium,pcs,678,INR,Jindal,10k catalog row 3368
LRG-03369,Bulk SKU 3369,Sanitary Ware,pcs,679,INR,Saint-Gobain,10k catalog row 3369
LRG-03370,Bulk SKU 3370,Steel & Metal,pcs,680,INR,UltraTech,10k catalog row 3370
LRG-03371,Bulk SKU 3371,Tiles & Flooring,pcs,681,INR,Tata,10k catalog row 3371
LRG-03372,Bulk SKU 3372,Electrical Supplies,pcs,682,INR,Kajaria,10k catalog row 3372
LRG-03373,Bulk SKU 3373,Plumbing & HVAC,pcs,683,INR,Havells,10k catalog row 3373
LRG-03374,Bulk SKU 3374,Paint & Finishes,pcs,684,INR,Jaquar,10k catalog row 3374
LRG-03375,Bulk SKU 3375,Building Materials,pcs,685,INR,Asian Paints,10k catalog row 3375
LRG-03376,Bulk SKU 3376,Lighting & Fixtures,pcs,686,INR,Bosch,10k catalog row 3376
LRG-03377,Bulk SKU 3377,Timber & Wood,pcs,687,INR,3M,10k catalog row 3377
LRG-03378,Bulk SKU 3378,Glass & Aluminium,pcs,688,INR,Jindal,10k catalog row 3378
LRG-03379,Bulk SKU 3379,Sanitary Ware,pcs,689,INR,Saint-Gobain,10k catalog row 3379
LRG-03380,Bulk SKU 3380,Steel & Metal,pcs,690,INR,UltraTech,10k catalog row 3380
LRG-03381,Bulk SKU 3381,Tiles & Flooring,pcs,691,INR,Tata,10k catalog row 3381
LRG-03382,Bulk SKU 3382,Electrical Supplies,pcs,692,INR,Kajaria,10k catalog row 3382
LRG-03383,Bulk SKU 3383,Plumbing & HVAC,pcs,693,INR,Havells,10k catalog row 3383
LRG-03384,Bulk SKU 3384,Paint & Finishes,pcs,694,INR,Jaquar,10k catalog row 3384
LRG-03385,Bulk SKU 3385,Building Materials,pcs,695,INR,Asian Paints,10k catalog row 3385
LRG-03386,Bulk SKU 3386,Lighting & Fixtures,pcs,696,INR,Bosch,10k catalog row 3386
LRG-03387,Bulk SKU 3387,Timber & Wood,pcs,697,INR,3M,10k catalog row 3387
LRG-03388,Bulk SKU 3388,Glass & Aluminium,pcs,698,INR,Jindal,10k catalog row 3388
LRG-03389,Bulk SKU 3389,Sanitary Ware,pcs,699,INR,Saint-Gobain,10k catalog row 3389
LRG-03390,Bulk SKU 3390,Steel & Metal,pcs,700,INR,UltraTech,10k catalog row 3390
LRG-03391,Bulk SKU 3391,Tiles & Flooring,pcs,701,INR,Tata,10k catalog row 3391
LRG-03392,Bulk SKU 3392,Electrical Supplies,pcs,702,INR,Kajaria,10k catalog row 3392
LRG-03393,Bulk SKU 3393,Plumbing & HVAC,pcs,703,INR,Havells,10k catalog row 3393
LRG-03394,Bulk SKU 3394,Paint & Finishes,pcs,704,INR,Jaquar,10k catalog row 3394
LRG-03395,Bulk SKU 3395,Building Materials,pcs,705,INR,Asian Paints,10k catalog row 3395
LRG-03396,Bulk SKU 3396,Lighting & Fixtures,pcs,706,INR,Bosch,10k catalog row 3396
LRG-03397,Bulk SKU 3397,Timber & Wood,pcs,707,INR,3M,10k catalog row 3397
LRG-03398,Bulk SKU 3398,Glass & Aluminium,pcs,708,INR,Jindal,10k catalog row 3398
LRG-03399,Bulk SKU 3399,Sanitary Ware,pcs,709,INR,Saint-Gobain,10k catalog row 3399
LRG-03400,Bulk SKU 3400,Steel & Metal,pcs,710,INR,UltraTech,10k catalog row 3400
LRG-03401,Bulk SKU 3401,Tiles & Flooring,pcs,711,INR,Tata,10k catalog row 3401
LRG-03402,Bulk SKU 3402,Electrical Supplies,pcs,712,INR,Kajaria,10k catalog row 3402
LRG-03403,Bulk SKU 3403,Plumbing & HVAC,pcs,713,INR,Havells,10k catalog row 3403
LRG-03404,Bulk SKU 3404,Paint & Finishes,pcs,714,INR,Jaquar,10k catalog row 3404
LRG-03405,Bulk SKU 3405,Building Materials,pcs,715,INR,Asian Paints,10k catalog row 3405
LRG-03406,Bulk SKU 3406,Lighting & Fixtures,pcs,716,INR,Bosch,10k catalog row 3406
LRG-03407,Bulk SKU 3407,Timber & Wood,pcs,717,INR,3M,10k catalog row 3407
LRG-03408,Bulk SKU 3408,Glass & Aluminium,pcs,718,INR,Jindal,10k catalog row 3408
LRG-03409,Bulk SKU 3409,Sanitary Ware,pcs,719,INR,Saint-Gobain,10k catalog row 3409
LRG-03410,Bulk SKU 3410,Steel & Metal,pcs,720,INR,UltraTech,10k catalog row 3410
LRG-03411,Bulk SKU 3411,Tiles & Flooring,pcs,721,INR,Tata,10k catalog row 3411
LRG-03412,Bulk SKU 3412,Electrical Supplies,pcs,722,INR,Kajaria,10k catalog row 3412
LRG-03413,Bulk SKU 3413,Plumbing & HVAC,pcs,723,INR,Havells,10k catalog row 3413
LRG-03414,Bulk SKU 3414,Paint & Finishes,pcs,724,INR,Jaquar,10k catalog row 3414
LRG-03415,Bulk SKU 3415,Building Materials,pcs,725,INR,Asian Paints,10k catalog row 3415
LRG-03416,Bulk SKU 3416,Lighting & Fixtures,pcs,726,INR,Bosch,10k catalog row 3416
LRG-03417,Bulk SKU 3417,Timber & Wood,pcs,727,INR,3M,10k catalog row 3417
LRG-03418,Bulk SKU 3418,Glass & Aluminium,pcs,728,INR,Jindal,10k catalog row 3418
LRG-03419,Bulk SKU 3419,Sanitary Ware,pcs,729,INR,Saint-Gobain,10k catalog row 3419
LRG-03420,Bulk SKU 3420,Steel & Metal,pcs,730,INR,UltraTech,10k catalog row 3420
LRG-03421,Bulk SKU 3421,Tiles & Flooring,pcs,731,INR,Tata,10k catalog row 3421
LRG-03422,Bulk SKU 3422,Electrical Supplies,pcs,732,INR,Kajaria,10k catalog row 3422
LRG-03423,Bulk SKU 3423,Plumbing & HVAC,pcs,733,INR,Havells,10k catalog row 3423
LRG-03424,Bulk SKU 3424,Paint & Finishes,pcs,734,INR,Jaquar,10k catalog row 3424
LRG-03425,Bulk SKU 3425,Building Materials,pcs,735,INR,Asian Paints,10k catalog row 3425
LRG-03426,Bulk SKU 3426,Lighting & Fixtures,pcs,736,INR,Bosch,10k catalog row 3426
LRG-03427,Bulk SKU 3427,Timber & Wood,pcs,737,INR,3M,10k catalog row 3427
LRG-03428,Bulk SKU 3428,Glass & Aluminium,pcs,738,INR,Jindal,10k catalog row 3428
LRG-03429,Bulk SKU 3429,Sanitary Ware,pcs,739,INR,Saint-Gobain,10k catalog row 3429
LRG-03430,Bulk SKU 3430,Steel & Metal,pcs,740,INR,UltraTech,10k catalog row 3430
LRG-03431,Bulk SKU 3431,Tiles & Flooring,pcs,741,INR,Tata,10k catalog row 3431
LRG-03432,Bulk SKU 3432,Electrical Supplies,pcs,742,INR,Kajaria,10k catalog row 3432
LRG-03433,Bulk SKU 3433,Plumbing & HVAC,pcs,743,INR,Havells,10k catalog row 3433
LRG-03434,Bulk SKU 3434,Paint & Finishes,pcs,744,INR,Jaquar,10k catalog row 3434
LRG-03435,Bulk SKU 3435,Building Materials,pcs,745,INR,Asian Paints,10k catalog row 3435
LRG-03436,Bulk SKU 3436,Lighting & Fixtures,pcs,746,INR,Bosch,10k catalog row 3436
LRG-03437,Bulk SKU 3437,Timber & Wood,pcs,747,INR,3M,10k catalog row 3437
LRG-03438,Bulk SKU 3438,Glass & Aluminium,pcs,748,INR,Jindal,10k catalog row 3438
LRG-03439,Bulk SKU 3439,Sanitary Ware,pcs,749,INR,Saint-Gobain,10k catalog row 3439
LRG-03440,Bulk SKU 3440,Steel & Metal,pcs,750,INR,UltraTech,10k catalog row 3440
LRG-03441,Bulk SKU 3441,Tiles & Flooring,pcs,751,INR,Tata,10k catalog row 3441
LRG-03442,Bulk SKU 3442,Electrical Supplies,pcs,752,INR,Kajaria,10k catalog row 3442
LRG-03443,Bulk SKU 3443,Plumbing & HVAC,pcs,753,INR,Havells,10k catalog row 3443
LRG-03444,Bulk SKU 3444,Paint & Finishes,pcs,754,INR,Jaquar,10k catalog row 3444
LRG-03445,Bulk SKU 3445,Building Materials,pcs,755,INR,Asian Paints,10k catalog row 3445
LRG-03446,Bulk SKU 3446,Lighting & Fixtures,pcs,756,INR,Bosch,10k catalog row 3446
LRG-03447,Bulk SKU 3447,Timber & Wood,pcs,757,INR,3M,10k catalog row 3447
LRG-03448,Bulk SKU 3448,Glass & Aluminium,pcs,758,INR,Jindal,10k catalog row 3448
LRG-03449,Bulk SKU 3449,Sanitary Ware,pcs,759,INR,Saint-Gobain,10k catalog row 3449
LRG-03450,Bulk SKU 3450,Steel & Metal,pcs,760,INR,UltraTech,10k catalog row 3450
LRG-03451,Bulk SKU 3451,Tiles & Flooring,pcs,761,INR,Tata,10k catalog row 3451
LRG-03452,Bulk SKU 3452,Electrical Supplies,pcs,762,INR,Kajaria,10k catalog row 3452
LRG-03453,Bulk SKU 3453,Plumbing & HVAC,pcs,763,INR,Havells,10k catalog row 3453
LRG-03454,Bulk SKU 3454,Paint & Finishes,pcs,764,INR,Jaquar,10k catalog row 3454
LRG-03455,Bulk SKU 3455,Building Materials,pcs,765,INR,Asian Paints,10k catalog row 3455
LRG-03456,Bulk SKU 3456,Lighting & Fixtures,pcs,766,INR,Bosch,10k catalog row 3456
LRG-03457,Bulk SKU 3457,Timber & Wood,pcs,767,INR,3M,10k catalog row 3457
LRG-03458,Bulk SKU 3458,Glass & Aluminium,pcs,768,INR,Jindal,10k catalog row 3458
LRG-03459,Bulk SKU 3459,Sanitary Ware,pcs,769,INR,Saint-Gobain,10k catalog row 3459
LRG-03460,Bulk SKU 3460,Steel & Metal,pcs,770,INR,UltraTech,10k catalog row 3460
LRG-03461,Bulk SKU 3461,Tiles & Flooring,pcs,771,INR,Tata,10k catalog row 3461
LRG-03462,Bulk SKU 3462,Electrical Supplies,pcs,772,INR,Kajaria,10k catalog row 3462
LRG-03463,Bulk SKU 3463,Plumbing & HVAC,pcs,773,INR,Havells,10k catalog row 3463
LRG-03464,Bulk SKU 3464,Paint & Finishes,pcs,774,INR,Jaquar,10k catalog row 3464
LRG-03465,Bulk SKU 3465,Building Materials,pcs,775,INR,Asian Paints,10k catalog row 3465
LRG-03466,Bulk SKU 3466,Lighting & Fixtures,pcs,776,INR,Bosch,10k catalog row 3466
LRG-03467,Bulk SKU 3467,Timber & Wood,pcs,777,INR,3M,10k catalog row 3467
LRG-03468,Bulk SKU 3468,Glass & Aluminium,pcs,778,INR,Jindal,10k catalog row 3468
LRG-03469,Bulk SKU 3469,Sanitary Ware,pcs,779,INR,Saint-Gobain,10k catalog row 3469
LRG-03470,Bulk SKU 3470,Steel & Metal,pcs,780,INR,UltraTech,10k catalog row 3470
LRG-03471,Bulk SKU 3471,Tiles & Flooring,pcs,781,INR,Tata,10k catalog row 3471
LRG-03472,Bulk SKU 3472,Electrical Supplies,pcs,782,INR,Kajaria,10k catalog row 3472
LRG-03473,Bulk SKU 3473,Plumbing & HVAC,pcs,783,INR,Havells,10k catalog row 3473
LRG-03474,Bulk SKU 3474,Paint & Finishes,pcs,784,INR,Jaquar,10k catalog row 3474
LRG-03475,Bulk SKU 3475,Building Materials,pcs,785,INR,Asian Paints,10k catalog row 3475
LRG-03476,Bulk SKU 3476,Lighting & Fixtures,pcs,786,INR,Bosch,10k catalog row 3476
LRG-03477,Bulk SKU 3477,Timber & Wood,pcs,787,INR,3M,10k catalog row 3477
LRG-03478,Bulk SKU 3478,Glass & Aluminium,pcs,788,INR,Jindal,10k catalog row 3478
LRG-03479,Bulk SKU 3479,Sanitary Ware,pcs,789,INR,Saint-Gobain,10k catalog row 3479
LRG-03480,Bulk SKU 3480,Steel & Metal,pcs,790,INR,UltraTech,10k catalog row 3480
LRG-03481,Bulk SKU 3481,Tiles & Flooring,pcs,791,INR,Tata,10k catalog row 3481
LRG-03482,Bulk SKU 3482,Electrical Supplies,pcs,792,INR,Kajaria,10k catalog row 3482
LRG-03483,Bulk SKU 3483,Plumbing & HVAC,pcs,793,INR,Havells,10k catalog row 3483
LRG-03484,Bulk SKU 3484,Paint & Finishes,pcs,794,INR,Jaquar,10k catalog row 3484
LRG-03485,Bulk SKU 3485,Building Materials,pcs,795,INR,Asian Paints,10k catalog row 3485
LRG-03486,Bulk SKU 3486,Lighting & Fixtures,pcs,796,INR,Bosch,10k catalog row 3486
LRG-03487,Bulk SKU 3487,Timber & Wood,pcs,797,INR,3M,10k catalog row 3487
LRG-03488,Bulk SKU 3488,Glass & Aluminium,pcs,798,INR,Jindal,10k catalog row 3488
LRG-03489,Bulk SKU 3489,Sanitary Ware,pcs,799,INR,Saint-Gobain,10k catalog row 3489
LRG-03490,Bulk SKU 3490,Steel & Metal,pcs,800,INR,UltraTech,10k catalog row 3490
LRG-03491,Bulk SKU 3491,Tiles & Flooring,pcs,801,INR,Tata,10k catalog row 3491
LRG-03492,Bulk SKU 3492,Electrical Supplies,pcs,802,INR,Kajaria,10k catalog row 3492
LRG-03493,Bulk SKU 3493,Plumbing & HVAC,pcs,803,INR,Havells,10k catalog row 3493
LRG-03494,Bulk SKU 3494,Paint & Finishes,pcs,804,INR,Jaquar,10k catalog row 3494
LRG-03495,Bulk SKU 3495,Building Materials,pcs,805,INR,Asian Paints,10k catalog row 3495
LRG-03496,Bulk SKU 3496,Lighting & Fixtures,pcs,806,INR,Bosch,10k catalog row 3496
LRG-03497,Bulk SKU 3497,Timber & Wood,pcs,807,INR,3M,10k catalog row 3497
LRG-03498,Bulk SKU 3498,Glass & Aluminium,pcs,808,INR,Jindal,10k catalog row 3498
LRG-03499,Bulk SKU 3499,Sanitary Ware,pcs,809,INR,Saint-Gobain,10k catalog row 3499
LRG-03500,Bulk SKU 3500,Steel & Metal,pcs,810,INR,UltraTech,10k catalog row 3500
LRG-03501,Bulk SKU 3501,Tiles & Flooring,pcs,811,INR,Tata,10k catalog row 3501
LRG-03502,Bulk SKU 3502,Electrical Supplies,pcs,812,INR,Kajaria,10k catalog row 3502
LRG-03503,Bulk SKU 3503,Plumbing & HVAC,pcs,813,INR,Havells,10k catalog row 3503
LRG-03504,Bulk SKU 3504,Paint & Finishes,pcs,814,INR,Jaquar,10k catalog row 3504
LRG-03505,Bulk SKU 3505,Building Materials,pcs,815,INR,Asian Paints,10k catalog row 3505
LRG-03506,Bulk SKU 3506,Lighting & Fixtures,pcs,816,INR,Bosch,10k catalog row 3506
LRG-03507,Bulk SKU 3507,Timber & Wood,pcs,817,INR,3M,10k catalog row 3507
LRG-03508,Bulk SKU 3508,Glass & Aluminium,pcs,818,INR,Jindal,10k catalog row 3508
LRG-03509,Bulk SKU 3509,Sanitary Ware,pcs,819,INR,Saint-Gobain,10k catalog row 3509
LRG-03510,Bulk SKU 3510,Steel & Metal,pcs,820,INR,UltraTech,10k catalog row 3510
LRG-03511,Bulk SKU 3511,Tiles & Flooring,pcs,821,INR,Tata,10k catalog row 3511
LRG-03512,Bulk SKU 3512,Electrical Supplies,pcs,822,INR,Kajaria,10k catalog row 3512
LRG-03513,Bulk SKU 3513,Plumbing & HVAC,pcs,823,INR,Havells,10k catalog row 3513
LRG-03514,Bulk SKU 3514,Paint & Finishes,pcs,824,INR,Jaquar,10k catalog row 3514
LRG-03515,Bulk SKU 3515,Building Materials,pcs,825,INR,Asian Paints,10k catalog row 3515
LRG-03516,Bulk SKU 3516,Lighting & Fixtures,pcs,826,INR,Bosch,10k catalog row 3516
LRG-03517,Bulk SKU 3517,Timber & Wood,pcs,827,INR,3M,10k catalog row 3517
LRG-03518,Bulk SKU 3518,Glass & Aluminium,pcs,828,INR,Jindal,10k catalog row 3518
LRG-03519,Bulk SKU 3519,Sanitary Ware,pcs,829,INR,Saint-Gobain,10k catalog row 3519
LRG-03520,Bulk SKU 3520,Steel & Metal,pcs,830,INR,UltraTech,10k catalog row 3520
LRG-03521,Bulk SKU 3521,Tiles & Flooring,pcs,831,INR,Tata,10k catalog row 3521
LRG-03522,Bulk SKU 3522,Electrical Supplies,pcs,832,INR,Kajaria,10k catalog row 3522
LRG-03523,Bulk SKU 3523,Plumbing & HVAC,pcs,833,INR,Havells,10k catalog row 3523
LRG-03524,Bulk SKU 3524,Paint & Finishes,pcs,834,INR,Jaquar,10k catalog row 3524
LRG-03525,Bulk SKU 3525,Building Materials,pcs,835,INR,Asian Paints,10k catalog row 3525
LRG-03526,Bulk SKU 3526,Lighting & Fixtures,pcs,836,INR,Bosch,10k catalog row 3526
LRG-03527,Bulk SKU 3527,Timber & Wood,pcs,837,INR,3M,10k catalog row 3527
LRG-03528,Bulk SKU 3528,Glass & Aluminium,pcs,838,INR,Jindal,10k catalog row 3528
LRG-03529,Bulk SKU 3529,Sanitary Ware,pcs,839,INR,Saint-Gobain,10k catalog row 3529
LRG-03530,Bulk SKU 3530,Steel & Metal,pcs,840,INR,UltraTech,10k catalog row 3530
LRG-03531,Bulk SKU 3531,Tiles & Flooring,pcs,841,INR,Tata,10k catalog row 3531
LRG-03532,Bulk SKU 3532,Electrical Supplies,pcs,842,INR,Kajaria,10k catalog row 3532
LRG-03533,Bulk SKU 3533,Plumbing & HVAC,pcs,843,INR,Havells,10k catalog row 3533
LRG-03534,Bulk SKU 3534,Paint & Finishes,pcs,844,INR,Jaquar,10k catalog row 3534
LRG-03535,Bulk SKU 3535,Building Materials,pcs,845,INR,Asian Paints,10k catalog row 3535
LRG-03536,Bulk SKU 3536,Lighting & Fixtures,pcs,846,INR,Bosch,10k catalog row 3536
LRG-03537,Bulk SKU 3537,Timber & Wood,pcs,847,INR,3M,10k catalog row 3537
LRG-03538,Bulk SKU 3538,Glass & Aluminium,pcs,848,INR,Jindal,10k catalog row 3538
LRG-03539,Bulk SKU 3539,Sanitary Ware,pcs,849,INR,Saint-Gobain,10k catalog row 3539
LRG-03540,Bulk SKU 3540,Steel & Metal,pcs,850,INR,UltraTech,10k catalog row 3540
LRG-03541,Bulk SKU 3541,Tiles & Flooring,pcs,851,INR,Tata,10k catalog row 3541
LRG-03542,Bulk SKU 3542,Electrical Supplies,pcs,852,INR,Kajaria,10k catalog row 3542
LRG-03543,Bulk SKU 3543,Plumbing & HVAC,pcs,853,INR,Havells,10k catalog row 3543
LRG-03544,Bulk SKU 3544,Paint & Finishes,pcs,854,INR,Jaquar,10k catalog row 3544
LRG-03545,Bulk SKU 3545,Building Materials,pcs,855,INR,Asian Paints,10k catalog row 3545
LRG-03546,Bulk SKU 3546,Lighting & Fixtures,pcs,856,INR,Bosch,10k catalog row 3546
LRG-03547,Bulk SKU 3547,Timber & Wood,pcs,857,INR,3M,10k catalog row 3547
LRG-03548,Bulk SKU 3548,Glass & Aluminium,pcs,858,INR,Jindal,10k catalog row 3548
LRG-03549,Bulk SKU 3549,Sanitary Ware,pcs,859,INR,Saint-Gobain,10k catalog row 3549
LRG-03550,Bulk SKU 3550,Steel & Metal,pcs,860,INR,UltraTech,10k catalog row 3550
LRG-03551,Bulk SKU 3551,Tiles & Flooring,pcs,861,INR,Tata,10k catalog row 3551
LRG-03552,Bulk SKU 3552,Electrical Supplies,pcs,862,INR,Kajaria,10k catalog row 3552
LRG-03553,Bulk SKU 3553,Plumbing & HVAC,pcs,863,INR,Havells,10k catalog row 3553
LRG-03554,Bulk SKU 3554,Paint & Finishes,pcs,864,INR,Jaquar,10k catalog row 3554
LRG-03555,Bulk SKU 3555,Building Materials,pcs,865,INR,Asian Paints,10k catalog row 3555
LRG-03556,Bulk SKU 3556,Lighting & Fixtures,pcs,866,INR,Bosch,10k catalog row 3556
LRG-03557,Bulk SKU 3557,Timber & Wood,pcs,867,INR,3M,10k catalog row 3557
LRG-03558,Bulk SKU 3558,Glass & Aluminium,pcs,868,INR,Jindal,10k catalog row 3558
LRG-03559,Bulk SKU 3559,Sanitary Ware,pcs,869,INR,Saint-Gobain,10k catalog row 3559
LRG-03560,Bulk SKU 3560,Steel & Metal,pcs,870,INR,UltraTech,10k catalog row 3560
LRG-03561,Bulk SKU 3561,Tiles & Flooring,pcs,871,INR,Tata,10k catalog row 3561
LRG-03562,Bulk SKU 3562,Electrical Supplies,pcs,872,INR,Kajaria,10k catalog row 3562
LRG-03563,Bulk SKU 3563,Plumbing & HVAC,pcs,873,INR,Havells,10k catalog row 3563
LRG-03564,Bulk SKU 3564,Paint & Finishes,pcs,874,INR,Jaquar,10k catalog row 3564
LRG-03565,Bulk SKU 3565,Building Materials,pcs,875,INR,Asian Paints,10k catalog row 3565
LRG-03566,Bulk SKU 3566,Lighting & Fixtures,pcs,876,INR,Bosch,10k catalog row 3566
LRG-03567,Bulk SKU 3567,Timber & Wood,pcs,877,INR,3M,10k catalog row 3567
LRG-03568,Bulk SKU 3568,Glass & Aluminium,pcs,878,INR,Jindal,10k catalog row 3568
LRG-03569,Bulk SKU 3569,Sanitary Ware,pcs,879,INR,Saint-Gobain,10k catalog row 3569
LRG-03570,Bulk SKU 3570,Steel & Metal,pcs,880,INR,UltraTech,10k catalog row 3570
LRG-03571,Bulk SKU 3571,Tiles & Flooring,pcs,881,INR,Tata,10k catalog row 3571
LRG-03572,Bulk SKU 3572,Electrical Supplies,pcs,882,INR,Kajaria,10k catalog row 3572
LRG-03573,Bulk SKU 3573,Plumbing & HVAC,pcs,883,INR,Havells,10k catalog row 3573
LRG-03574,Bulk SKU 3574,Paint & Finishes,pcs,884,INR,Jaquar,10k catalog row 3574
LRG-03575,Bulk SKU 3575,Building Materials,pcs,885,INR,Asian Paints,10k catalog row 3575
LRG-03576,Bulk SKU 3576,Lighting & Fixtures,pcs,886,INR,Bosch,10k catalog row 3576
LRG-03577,Bulk SKU 3577,Timber & Wood,pcs,887,INR,3M,10k catalog row 3577
LRG-03578,Bulk SKU 3578,Glass & Aluminium,pcs,888,INR,Jindal,10k catalog row 3578
LRG-03579,Bulk SKU 3579,Sanitary Ware,pcs,889,INR,Saint-Gobain,10k catalog row 3579
LRG-03580,Bulk SKU 3580,Steel & Metal,pcs,890,INR,UltraTech,10k catalog row 3580
LRG-03581,Bulk SKU 3581,Tiles & Flooring,pcs,891,INR,Tata,10k catalog row 3581
LRG-03582,Bulk SKU 3582,Electrical Supplies,pcs,892,INR,Kajaria,10k catalog row 3582
LRG-03583,Bulk SKU 3583,Plumbing & HVAC,pcs,893,INR,Havells,10k catalog row 3583
LRG-03584,Bulk SKU 3584,Paint & Finishes,pcs,894,INR,Jaquar,10k catalog row 3584
LRG-03585,Bulk SKU 3585,Building Materials,pcs,895,INR,Asian Paints,10k catalog row 3585
LRG-03586,Bulk SKU 3586,Lighting & Fixtures,pcs,896,INR,Bosch,10k catalog row 3586
LRG-03587,Bulk SKU 3587,Timber & Wood,pcs,897,INR,3M,10k catalog row 3587
LRG-03588,Bulk SKU 3588,Glass & Aluminium,pcs,898,INR,Jindal,10k catalog row 3588
LRG-03589,Bulk SKU 3589,Sanitary Ware,pcs,899,INR,Saint-Gobain,10k catalog row 3589
LRG-03590,Bulk SKU 3590,Steel & Metal,pcs,900,INR,UltraTech,10k catalog row 3590
LRG-03591,Bulk SKU 3591,Tiles & Flooring,pcs,901,INR,Tata,10k catalog row 3591
LRG-03592,Bulk SKU 3592,Electrical Supplies,pcs,902,INR,Kajaria,10k catalog row 3592
LRG-03593,Bulk SKU 3593,Plumbing & HVAC,pcs,903,INR,Havells,10k catalog row 3593
LRG-03594,Bulk SKU 3594,Paint & Finishes,pcs,904,INR,Jaquar,10k catalog row 3594
LRG-03595,Bulk SKU 3595,Building Materials,pcs,905,INR,Asian Paints,10k catalog row 3595
LRG-03596,Bulk SKU 3596,Lighting & Fixtures,pcs,906,INR,Bosch,10k catalog row 3596
LRG-03597,Bulk SKU 3597,Timber & Wood,pcs,907,INR,3M,10k catalog row 3597
LRG-03598,Bulk SKU 3598,Glass & Aluminium,pcs,908,INR,Jindal,10k catalog row 3598
LRG-03599,Bulk SKU 3599,Sanitary Ware,pcs,909,INR,Saint-Gobain,10k catalog row 3599
LRG-03600,Bulk SKU 3600,Steel & Metal,pcs,10,INR,UltraTech,10k catalog row 3600
LRG-03601,Bulk SKU 3601,Tiles & Flooring,pcs,11,INR,Tata,10k catalog row 3601
LRG-03602,Bulk SKU 3602,Electrical Supplies,pcs,12,INR,Kajaria,10k catalog row 3602
LRG-03603,Bulk SKU 3603,Plumbing & HVAC,pcs,13,INR,Havells,10k catalog row 3603
LRG-03604,Bulk SKU 3604,Paint & Finishes,pcs,14,INR,Jaquar,10k catalog row 3604
LRG-03605,Bulk SKU 3605,Building Materials,pcs,15,INR,Asian Paints,10k catalog row 3605
LRG-03606,Bulk SKU 3606,Lighting & Fixtures,pcs,16,INR,Bosch,10k catalog row 3606
LRG-03607,Bulk SKU 3607,Timber & Wood,pcs,17,INR,3M,10k catalog row 3607
LRG-03608,Bulk SKU 3608,Glass & Aluminium,pcs,18,INR,Jindal,10k catalog row 3608
LRG-03609,Bulk SKU 3609,Sanitary Ware,pcs,19,INR,Saint-Gobain,10k catalog row 3609
LRG-03610,Bulk SKU 3610,Steel & Metal,pcs,20,INR,UltraTech,10k catalog row 3610
LRG-03611,Bulk SKU 3611,Tiles & Flooring,pcs,21,INR,Tata,10k catalog row 3611
LRG-03612,Bulk SKU 3612,Electrical Supplies,pcs,22,INR,Kajaria,10k catalog row 3612
LRG-03613,Bulk SKU 3613,Plumbing & HVAC,pcs,23,INR,Havells,10k catalog row 3613
LRG-03614,Bulk SKU 3614,Paint & Finishes,pcs,24,INR,Jaquar,10k catalog row 3614
LRG-03615,Bulk SKU 3615,Building Materials,pcs,25,INR,Asian Paints,10k catalog row 3615
LRG-03616,Bulk SKU 3616,Lighting & Fixtures,pcs,26,INR,Bosch,10k catalog row 3616
LRG-03617,Bulk SKU 3617,Timber & Wood,pcs,27,INR,3M,10k catalog row 3617
LRG-03618,Bulk SKU 3618,Glass & Aluminium,pcs,28,INR,Jindal,10k catalog row 3618
LRG-03619,Bulk SKU 3619,Sanitary Ware,pcs,29,INR,Saint-Gobain,10k catalog row 3619
LRG-03620,Bulk SKU 3620,Steel & Metal,pcs,30,INR,UltraTech,10k catalog row 3620
LRG-03621,Bulk SKU 3621,Tiles & Flooring,pcs,31,INR,Tata,10k catalog row 3621
LRG-03622,Bulk SKU 3622,Electrical Supplies,pcs,32,INR,Kajaria,10k catalog row 3622
LRG-03623,Bulk SKU 3623,Plumbing & HVAC,pcs,33,INR,Havells,10k catalog row 3623
LRG-03624,Bulk SKU 3624,Paint & Finishes,pcs,34,INR,Jaquar,10k catalog row 3624
LRG-03625,Bulk SKU 3625,Building Materials,pcs,35,INR,Asian Paints,10k catalog row 3625
LRG-03626,Bulk SKU 3626,Lighting & Fixtures,pcs,36,INR,Bosch,10k catalog row 3626
LRG-03627,Bulk SKU 3627,Timber & Wood,pcs,37,INR,3M,10k catalog row 3627
LRG-03628,Bulk SKU 3628,Glass & Aluminium,pcs,38,INR,Jindal,10k catalog row 3628
LRG-03629,Bulk SKU 3629,Sanitary Ware,pcs,39,INR,Saint-Gobain,10k catalog row 3629
LRG-03630,Bulk SKU 3630,Steel & Metal,pcs,40,INR,UltraTech,10k catalog row 3630
LRG-03631,Bulk SKU 3631,Tiles & Flooring,pcs,41,INR,Tata,10k catalog row 3631
LRG-03632,Bulk SKU 3632,Electrical Supplies,pcs,42,INR,Kajaria,10k catalog row 3632
LRG-03633,Bulk SKU 3633,Plumbing & HVAC,pcs,43,INR,Havells,10k catalog row 3633
LRG-03634,Bulk SKU 3634,Paint & Finishes,pcs,44,INR,Jaquar,10k catalog row 3634
LRG-03635,Bulk SKU 3635,Building Materials,pcs,45,INR,Asian Paints,10k catalog row 3635
LRG-03636,Bulk SKU 3636,Lighting & Fixtures,pcs,46,INR,Bosch,10k catalog row 3636
LRG-03637,Bulk SKU 3637,Timber & Wood,pcs,47,INR,3M,10k catalog row 3637
LRG-03638,Bulk SKU 3638,Glass & Aluminium,pcs,48,INR,Jindal,10k catalog row 3638
LRG-03639,Bulk SKU 3639,Sanitary Ware,pcs,49,INR,Saint-Gobain,10k catalog row 3639
LRG-03640,Bulk SKU 3640,Steel & Metal,pcs,50,INR,UltraTech,10k catalog row 3640
LRG-03641,Bulk SKU 3641,Tiles & Flooring,pcs,51,INR,Tata,10k catalog row 3641
LRG-03642,Bulk SKU 3642,Electrical Supplies,pcs,52,INR,Kajaria,10k catalog row 3642
LRG-03643,Bulk SKU 3643,Plumbing & HVAC,pcs,53,INR,Havells,10k catalog row 3643
LRG-03644,Bulk SKU 3644,Paint & Finishes,pcs,54,INR,Jaquar,10k catalog row 3644
LRG-03645,Bulk SKU 3645,Building Materials,pcs,55,INR,Asian Paints,10k catalog row 3645
LRG-03646,Bulk SKU 3646,Lighting & Fixtures,pcs,56,INR,Bosch,10k catalog row 3646
LRG-03647,Bulk SKU 3647,Timber & Wood,pcs,57,INR,3M,10k catalog row 3647
LRG-03648,Bulk SKU 3648,Glass & Aluminium,pcs,58,INR,Jindal,10k catalog row 3648
LRG-03649,Bulk SKU 3649,Sanitary Ware,pcs,59,INR,Saint-Gobain,10k catalog row 3649
LRG-03650,Bulk SKU 3650,Steel & Metal,pcs,60,INR,UltraTech,10k catalog row 3650
LRG-03651,Bulk SKU 3651,Tiles & Flooring,pcs,61,INR,Tata,10k catalog row 3651
LRG-03652,Bulk SKU 3652,Electrical Supplies,pcs,62,INR,Kajaria,10k catalog row 3652
LRG-03653,Bulk SKU 3653,Plumbing & HVAC,pcs,63,INR,Havells,10k catalog row 3653
LRG-03654,Bulk SKU 3654,Paint & Finishes,pcs,64,INR,Jaquar,10k catalog row 3654
LRG-03655,Bulk SKU 3655,Building Materials,pcs,65,INR,Asian Paints,10k catalog row 3655
LRG-03656,Bulk SKU 3656,Lighting & Fixtures,pcs,66,INR,Bosch,10k catalog row 3656
LRG-03657,Bulk SKU 3657,Timber & Wood,pcs,67,INR,3M,10k catalog row 3657
LRG-03658,Bulk SKU 3658,Glass & Aluminium,pcs,68,INR,Jindal,10k catalog row 3658
LRG-03659,Bulk SKU 3659,Sanitary Ware,pcs,69,INR,Saint-Gobain,10k catalog row 3659
LRG-03660,Bulk SKU 3660,Steel & Metal,pcs,70,INR,UltraTech,10k catalog row 3660
LRG-03661,Bulk SKU 3661,Tiles & Flooring,pcs,71,INR,Tata,10k catalog row 3661
LRG-03662,Bulk SKU 3662,Electrical Supplies,pcs,72,INR,Kajaria,10k catalog row 3662
LRG-03663,Bulk SKU 3663,Plumbing & HVAC,pcs,73,INR,Havells,10k catalog row 3663
LRG-03664,Bulk SKU 3664,Paint & Finishes,pcs,74,INR,Jaquar,10k catalog row 3664
LRG-03665,Bulk SKU 3665,Building Materials,pcs,75,INR,Asian Paints,10k catalog row 3665
LRG-03666,Bulk SKU 3666,Lighting & Fixtures,pcs,76,INR,Bosch,10k catalog row 3666
LRG-03667,Bulk SKU 3667,Timber & Wood,pcs,77,INR,3M,10k catalog row 3667
LRG-03668,Bulk SKU 3668,Glass & Aluminium,pcs,78,INR,Jindal,10k catalog row 3668
LRG-03669,Bulk SKU 3669,Sanitary Ware,pcs,79,INR,Saint-Gobain,10k catalog row 3669
LRG-03670,Bulk SKU 3670,Steel & Metal,pcs,80,INR,UltraTech,10k catalog row 3670
LRG-03671,Bulk SKU 3671,Tiles & Flooring,pcs,81,INR,Tata,10k catalog row 3671
LRG-03672,Bulk SKU 3672,Electrical Supplies,pcs,82,INR,Kajaria,10k catalog row 3672
LRG-03673,Bulk SKU 3673,Plumbing & HVAC,pcs,83,INR,Havells,10k catalog row 3673
LRG-03674,Bulk SKU 3674,Paint & Finishes,pcs,84,INR,Jaquar,10k catalog row 3674
LRG-03675,Bulk SKU 3675,Building Materials,pcs,85,INR,Asian Paints,10k catalog row 3675
LRG-03676,Bulk SKU 3676,Lighting & Fixtures,pcs,86,INR,Bosch,10k catalog row 3676
LRG-03677,Bulk SKU 3677,Timber & Wood,pcs,87,INR,3M,10k catalog row 3677
LRG-03678,Bulk SKU 3678,Glass & Aluminium,pcs,88,INR,Jindal,10k catalog row 3678
LRG-03679,Bulk SKU 3679,Sanitary Ware,pcs,89,INR,Saint-Gobain,10k catalog row 3679
LRG-03680,Bulk SKU 3680,Steel & Metal,pcs,90,INR,UltraTech,10k catalog row 3680
LRG-03681,Bulk SKU 3681,Tiles & Flooring,pcs,91,INR,Tata,10k catalog row 3681
LRG-03682,Bulk SKU 3682,Electrical Supplies,pcs,92,INR,Kajaria,10k catalog row 3682
LRG-03683,Bulk SKU 3683,Plumbing & HVAC,pcs,93,INR,Havells,10k catalog row 3683
LRG-03684,Bulk SKU 3684,Paint & Finishes,pcs,94,INR,Jaquar,10k catalog row 3684
LRG-03685,Bulk SKU 3685,Building Materials,pcs,95,INR,Asian Paints,10k catalog row 3685
LRG-03686,Bulk SKU 3686,Lighting & Fixtures,pcs,96,INR,Bosch,10k catalog row 3686
LRG-03687,Bulk SKU 3687,Timber & Wood,pcs,97,INR,3M,10k catalog row 3687
LRG-03688,Bulk SKU 3688,Glass & Aluminium,pcs,98,INR,Jindal,10k catalog row 3688
LRG-03689,Bulk SKU 3689,Sanitary Ware,pcs,99,INR,Saint-Gobain,10k catalog row 3689
LRG-03690,Bulk SKU 3690,Steel & Metal,pcs,100,INR,UltraTech,10k catalog row 3690
LRG-03691,Bulk SKU 3691,Tiles & Flooring,pcs,101,INR,Tata,10k catalog row 3691
LRG-03692,Bulk SKU 3692,Electrical Supplies,pcs,102,INR,Kajaria,10k catalog row 3692
LRG-03693,Bulk SKU 3693,Plumbing & HVAC,pcs,103,INR,Havells,10k catalog row 3693
LRG-03694,Bulk SKU 3694,Paint & Finishes,pcs,104,INR,Jaquar,10k catalog row 3694
LRG-03695,Bulk SKU 3695,Building Materials,pcs,105,INR,Asian Paints,10k catalog row 3695
LRG-03696,Bulk SKU 3696,Lighting & Fixtures,pcs,106,INR,Bosch,10k catalog row 3696
LRG-03697,Bulk SKU 3697,Timber & Wood,pcs,107,INR,3M,10k catalog row 3697
LRG-03698,Bulk SKU 3698,Glass & Aluminium,pcs,108,INR,Jindal,10k catalog row 3698
LRG-03699,Bulk SKU 3699,Sanitary Ware,pcs,109,INR,Saint-Gobain,10k catalog row 3699
LRG-03700,Bulk SKU 3700,Steel & Metal,pcs,110,INR,UltraTech,10k catalog row 3700
LRG-03701,Bulk SKU 3701,Tiles & Flooring,pcs,111,INR,Tata,10k catalog row 3701
LRG-03702,Bulk SKU 3702,Electrical Supplies,pcs,112,INR,Kajaria,10k catalog row 3702
LRG-03703,Bulk SKU 3703,Plumbing & HVAC,pcs,113,INR,Havells,10k catalog row 3703
LRG-03704,Bulk SKU 3704,Paint & Finishes,pcs,114,INR,Jaquar,10k catalog row 3704
LRG-03705,Bulk SKU 3705,Building Materials,pcs,115,INR,Asian Paints,10k catalog row 3705
LRG-03706,Bulk SKU 3706,Lighting & Fixtures,pcs,116,INR,Bosch,10k catalog row 3706
LRG-03707,Bulk SKU 3707,Timber & Wood,pcs,117,INR,3M,10k catalog row 3707
LRG-03708,Bulk SKU 3708,Glass & Aluminium,pcs,118,INR,Jindal,10k catalog row 3708
LRG-03709,Bulk SKU 3709,Sanitary Ware,pcs,119,INR,Saint-Gobain,10k catalog row 3709
LRG-03710,Bulk SKU 3710,Steel & Metal,pcs,120,INR,UltraTech,10k catalog row 3710
LRG-03711,Bulk SKU 3711,Tiles & Flooring,pcs,121,INR,Tata,10k catalog row 3711
LRG-03712,Bulk SKU 3712,Electrical Supplies,pcs,122,INR,Kajaria,10k catalog row 3712
LRG-03713,Bulk SKU 3713,Plumbing & HVAC,pcs,123,INR,Havells,10k catalog row 3713
LRG-03714,Bulk SKU 3714,Paint & Finishes,pcs,124,INR,Jaquar,10k catalog row 3714
LRG-03715,Bulk SKU 3715,Building Materials,pcs,125,INR,Asian Paints,10k catalog row 3715
LRG-03716,Bulk SKU 3716,Lighting & Fixtures,pcs,126,INR,Bosch,10k catalog row 3716
LRG-03717,Bulk SKU 3717,Timber & Wood,pcs,127,INR,3M,10k catalog row 3717
LRG-03718,Bulk SKU 3718,Glass & Aluminium,pcs,128,INR,Jindal,10k catalog row 3718
LRG-03719,Bulk SKU 3719,Sanitary Ware,pcs,129,INR,Saint-Gobain,10k catalog row 3719
LRG-03720,Bulk SKU 3720,Steel & Metal,pcs,130,INR,UltraTech,10k catalog row 3720
LRG-03721,Bulk SKU 3721,Tiles & Flooring,pcs,131,INR,Tata,10k catalog row 3721
LRG-03722,Bulk SKU 3722,Electrical Supplies,pcs,132,INR,Kajaria,10k catalog row 3722
LRG-03723,Bulk SKU 3723,Plumbing & HVAC,pcs,133,INR,Havells,10k catalog row 3723
LRG-03724,Bulk SKU 3724,Paint & Finishes,pcs,134,INR,Jaquar,10k catalog row 3724
LRG-03725,Bulk SKU 3725,Building Materials,pcs,135,INR,Asian Paints,10k catalog row 3725
LRG-03726,Bulk SKU 3726,Lighting & Fixtures,pcs,136,INR,Bosch,10k catalog row 3726
LRG-03727,Bulk SKU 3727,Timber & Wood,pcs,137,INR,3M,10k catalog row 3727
LRG-03728,Bulk SKU 3728,Glass & Aluminium,pcs,138,INR,Jindal,10k catalog row 3728
LRG-03729,Bulk SKU 3729,Sanitary Ware,pcs,139,INR,Saint-Gobain,10k catalog row 3729
LRG-03730,Bulk SKU 3730,Steel & Metal,pcs,140,INR,UltraTech,10k catalog row 3730
LRG-03731,Bulk SKU 3731,Tiles & Flooring,pcs,141,INR,Tata,10k catalog row 3731
LRG-03732,Bulk SKU 3732,Electrical Supplies,pcs,142,INR,Kajaria,10k catalog row 3732
LRG-03733,Bulk SKU 3733,Plumbing & HVAC,pcs,143,INR,Havells,10k catalog row 3733
LRG-03734,Bulk SKU 3734,Paint & Finishes,pcs,144,INR,Jaquar,10k catalog row 3734
LRG-03735,Bulk SKU 3735,Building Materials,pcs,145,INR,Asian Paints,10k catalog row 3735
LRG-03736,Bulk SKU 3736,Lighting & Fixtures,pcs,146,INR,Bosch,10k catalog row 3736
LRG-03737,Bulk SKU 3737,Timber & Wood,pcs,147,INR,3M,10k catalog row 3737
LRG-03738,Bulk SKU 3738,Glass & Aluminium,pcs,148,INR,Jindal,10k catalog row 3738
LRG-03739,Bulk SKU 3739,Sanitary Ware,pcs,149,INR,Saint-Gobain,10k catalog row 3739
LRG-03740,Bulk SKU 3740,Steel & Metal,pcs,150,INR,UltraTech,10k catalog row 3740
LRG-03741,Bulk SKU 3741,Tiles & Flooring,pcs,151,INR,Tata,10k catalog row 3741
LRG-03742,Bulk SKU 3742,Electrical Supplies,pcs,152,INR,Kajaria,10k catalog row 3742
LRG-03743,Bulk SKU 3743,Plumbing & HVAC,pcs,153,INR,Havells,10k catalog row 3743
LRG-03744,Bulk SKU 3744,Paint & Finishes,pcs,154,INR,Jaquar,10k catalog row 3744
LRG-03745,Bulk SKU 3745,Building Materials,pcs,155,INR,Asian Paints,10k catalog row 3745
LRG-03746,Bulk SKU 3746,Lighting & Fixtures,pcs,156,INR,Bosch,10k catalog row 3746
LRG-03747,Bulk SKU 3747,Timber & Wood,pcs,157,INR,3M,10k catalog row 3747
LRG-03748,Bulk SKU 3748,Glass & Aluminium,pcs,158,INR,Jindal,10k catalog row 3748
LRG-03749,Bulk SKU 3749,Sanitary Ware,pcs,159,INR,Saint-Gobain,10k catalog row 3749
LRG-03750,Bulk SKU 3750,Steel & Metal,pcs,160,INR,UltraTech,10k catalog row 3750
LRG-03751,Bulk SKU 3751,Tiles & Flooring,pcs,161,INR,Tata,10k catalog row 3751
LRG-03752,Bulk SKU 3752,Electrical Supplies,pcs,162,INR,Kajaria,10k catalog row 3752
LRG-03753,Bulk SKU 3753,Plumbing & HVAC,pcs,163,INR,Havells,10k catalog row 3753
LRG-03754,Bulk SKU 3754,Paint & Finishes,pcs,164,INR,Jaquar,10k catalog row 3754
LRG-03755,Bulk SKU 3755,Building Materials,pcs,165,INR,Asian Paints,10k catalog row 3755
LRG-03756,Bulk SKU 3756,Lighting & Fixtures,pcs,166,INR,Bosch,10k catalog row 3756
LRG-03757,Bulk SKU 3757,Timber & Wood,pcs,167,INR,3M,10k catalog row 3757
LRG-03758,Bulk SKU 3758,Glass & Aluminium,pcs,168,INR,Jindal,10k catalog row 3758
LRG-03759,Bulk SKU 3759,Sanitary Ware,pcs,169,INR,Saint-Gobain,10k catalog row 3759
LRG-03760,Bulk SKU 3760,Steel & Metal,pcs,170,INR,UltraTech,10k catalog row 3760
LRG-03761,Bulk SKU 3761,Tiles & Flooring,pcs,171,INR,Tata,10k catalog row 3761
LRG-03762,Bulk SKU 3762,Electrical Supplies,pcs,172,INR,Kajaria,10k catalog row 3762
LRG-03763,Bulk SKU 3763,Plumbing & HVAC,pcs,173,INR,Havells,10k catalog row 3763
LRG-03764,Bulk SKU 3764,Paint & Finishes,pcs,174,INR,Jaquar,10k catalog row 3764
LRG-03765,Bulk SKU 3765,Building Materials,pcs,175,INR,Asian Paints,10k catalog row 3765
LRG-03766,Bulk SKU 3766,Lighting & Fixtures,pcs,176,INR,Bosch,10k catalog row 3766
LRG-03767,Bulk SKU 3767,Timber & Wood,pcs,177,INR,3M,10k catalog row 3767
LRG-03768,Bulk SKU 3768,Glass & Aluminium,pcs,178,INR,Jindal,10k catalog row 3768
LRG-03769,Bulk SKU 3769,Sanitary Ware,pcs,179,INR,Saint-Gobain,10k catalog row 3769
LRG-03770,Bulk SKU 3770,Steel & Metal,pcs,180,INR,UltraTech,10k catalog row 3770
LRG-03771,Bulk SKU 3771,Tiles & Flooring,pcs,181,INR,Tata,10k catalog row 3771
LRG-03772,Bulk SKU 3772,Electrical Supplies,pcs,182,INR,Kajaria,10k catalog row 3772
LRG-03773,Bulk SKU 3773,Plumbing & HVAC,pcs,183,INR,Havells,10k catalog row 3773
LRG-03774,Bulk SKU 3774,Paint & Finishes,pcs,184,INR,Jaquar,10k catalog row 3774
LRG-03775,Bulk SKU 3775,Building Materials,pcs,185,INR,Asian Paints,10k catalog row 3775
LRG-03776,Bulk SKU 3776,Lighting & Fixtures,pcs,186,INR,Bosch,10k catalog row 3776
LRG-03777,Bulk SKU 3777,Timber & Wood,pcs,187,INR,3M,10k catalog row 3777
LRG-03778,Bulk SKU 3778,Glass & Aluminium,pcs,188,INR,Jindal,10k catalog row 3778
LRG-03779,Bulk SKU 3779,Sanitary Ware,pcs,189,INR,Saint-Gobain,10k catalog row 3779
LRG-03780,Bulk SKU 3780,Steel & Metal,pcs,190,INR,UltraTech,10k catalog row 3780
LRG-03781,Bulk SKU 3781,Tiles & Flooring,pcs,191,INR,Tata,10k catalog row 3781
LRG-03782,Bulk SKU 3782,Electrical Supplies,pcs,192,INR,Kajaria,10k catalog row 3782
LRG-03783,Bulk SKU 3783,Plumbing & HVAC,pcs,193,INR,Havells,10k catalog row 3783
LRG-03784,Bulk SKU 3784,Paint & Finishes,pcs,194,INR,Jaquar,10k catalog row 3784
LRG-03785,Bulk SKU 3785,Building Materials,pcs,195,INR,Asian Paints,10k catalog row 3785
LRG-03786,Bulk SKU 3786,Lighting & Fixtures,pcs,196,INR,Bosch,10k catalog row 3786
LRG-03787,Bulk SKU 3787,Timber & Wood,pcs,197,INR,3M,10k catalog row 3787
LRG-03788,Bulk SKU 3788,Glass & Aluminium,pcs,198,INR,Jindal,10k catalog row 3788
LRG-03789,Bulk SKU 3789,Sanitary Ware,pcs,199,INR,Saint-Gobain,10k catalog row 3789
LRG-03790,Bulk SKU 3790,Steel & Metal,pcs,200,INR,UltraTech,10k catalog row 3790
LRG-03791,Bulk SKU 3791,Tiles & Flooring,pcs,201,INR,Tata,10k catalog row 3791
LRG-03792,Bulk SKU 3792,Electrical Supplies,pcs,202,INR,Kajaria,10k catalog row 3792
LRG-03793,Bulk SKU 3793,Plumbing & HVAC,pcs,203,INR,Havells,10k catalog row 3793
LRG-03794,Bulk SKU 3794,Paint & Finishes,pcs,204,INR,Jaquar,10k catalog row 3794
LRG-03795,Bulk SKU 3795,Building Materials,pcs,205,INR,Asian Paints,10k catalog row 3795
LRG-03796,Bulk SKU 3796,Lighting & Fixtures,pcs,206,INR,Bosch,10k catalog row 3796
LRG-03797,Bulk SKU 3797,Timber & Wood,pcs,207,INR,3M,10k catalog row 3797
LRG-03798,Bulk SKU 3798,Glass & Aluminium,pcs,208,INR,Jindal,10k catalog row 3798
LRG-03799,Bulk SKU 3799,Sanitary Ware,pcs,209,INR,Saint-Gobain,10k catalog row 3799
LRG-03800,Bulk SKU 3800,Steel & Metal,pcs,210,INR,UltraTech,10k catalog row 3800
LRG-03801,Bulk SKU 3801,Tiles & Flooring,pcs,211,INR,Tata,10k catalog row 3801
LRG-03802,Bulk SKU 3802,Electrical Supplies,pcs,212,INR,Kajaria,10k catalog row 3802
LRG-03803,Bulk SKU 3803,Plumbing & HVAC,pcs,213,INR,Havells,10k catalog row 3803
LRG-03804,Bulk SKU 3804,Paint & Finishes,pcs,214,INR,Jaquar,10k catalog row 3804
LRG-03805,Bulk SKU 3805,Building Materials,pcs,215,INR,Asian Paints,10k catalog row 3805
LRG-03806,Bulk SKU 3806,Lighting & Fixtures,pcs,216,INR,Bosch,10k catalog row 3806
LRG-03807,Bulk SKU 3807,Timber & Wood,pcs,217,INR,3M,10k catalog row 3807
LRG-03808,Bulk SKU 3808,Glass & Aluminium,pcs,218,INR,Jindal,10k catalog row 3808
LRG-03809,Bulk SKU 3809,Sanitary Ware,pcs,219,INR,Saint-Gobain,10k catalog row 3809
LRG-03810,Bulk SKU 3810,Steel & Metal,pcs,220,INR,UltraTech,10k catalog row 3810
LRG-03811,Bulk SKU 3811,Tiles & Flooring,pcs,221,INR,Tata,10k catalog row 3811
LRG-03812,Bulk SKU 3812,Electrical Supplies,pcs,222,INR,Kajaria,10k catalog row 3812
LRG-03813,Bulk SKU 3813,Plumbing & HVAC,pcs,223,INR,Havells,10k catalog row 3813
LRG-03814,Bulk SKU 3814,Paint & Finishes,pcs,224,INR,Jaquar,10k catalog row 3814
LRG-03815,Bulk SKU 3815,Building Materials,pcs,225,INR,Asian Paints,10k catalog row 3815
LRG-03816,Bulk SKU 3816,Lighting & Fixtures,pcs,226,INR,Bosch,10k catalog row 3816
LRG-03817,Bulk SKU 3817,Timber & Wood,pcs,227,INR,3M,10k catalog row 3817
LRG-03818,Bulk SKU 3818,Glass & Aluminium,pcs,228,INR,Jindal,10k catalog row 3818
LRG-03819,Bulk SKU 3819,Sanitary Ware,pcs,229,INR,Saint-Gobain,10k catalog row 3819
LRG-03820,Bulk SKU 3820,Steel & Metal,pcs,230,INR,UltraTech,10k catalog row 3820
LRG-03821,Bulk SKU 3821,Tiles & Flooring,pcs,231,INR,Tata,10k catalog row 3821
LRG-03822,Bulk SKU 3822,Electrical Supplies,pcs,232,INR,Kajaria,10k catalog row 3822
LRG-03823,Bulk SKU 3823,Plumbing & HVAC,pcs,233,INR,Havells,10k catalog row 3823
LRG-03824,Bulk SKU 3824,Paint & Finishes,pcs,234,INR,Jaquar,10k catalog row 3824
LRG-03825,Bulk SKU 3825,Building Materials,pcs,235,INR,Asian Paints,10k catalog row 3825
LRG-03826,Bulk SKU 3826,Lighting & Fixtures,pcs,236,INR,Bosch,10k catalog row 3826
LRG-03827,Bulk SKU 3827,Timber & Wood,pcs,237,INR,3M,10k catalog row 3827
LRG-03828,Bulk SKU 3828,Glass & Aluminium,pcs,238,INR,Jindal,10k catalog row 3828
LRG-03829,Bulk SKU 3829,Sanitary Ware,pcs,239,INR,Saint-Gobain,10k catalog row 3829
LRG-03830,Bulk SKU 3830,Steel & Metal,pcs,240,INR,UltraTech,10k catalog row 3830
LRG-03831,Bulk SKU 3831,Tiles & Flooring,pcs,241,INR,Tata,10k catalog row 3831
LRG-03832,Bulk SKU 3832,Electrical Supplies,pcs,242,INR,Kajaria,10k catalog row 3832
LRG-03833,Bulk SKU 3833,Plumbing & HVAC,pcs,243,INR,Havells,10k catalog row 3833
LRG-03834,Bulk SKU 3834,Paint & Finishes,pcs,244,INR,Jaquar,10k catalog row 3834
LRG-03835,Bulk SKU 3835,Building Materials,pcs,245,INR,Asian Paints,10k catalog row 3835
LRG-03836,Bulk SKU 3836,Lighting & Fixtures,pcs,246,INR,Bosch,10k catalog row 3836
LRG-03837,Bulk SKU 3837,Timber & Wood,pcs,247,INR,3M,10k catalog row 3837
LRG-03838,Bulk SKU 3838,Glass & Aluminium,pcs,248,INR,Jindal,10k catalog row 3838
LRG-03839,Bulk SKU 3839,Sanitary Ware,pcs,249,INR,Saint-Gobain,10k catalog row 3839
LRG-03840,Bulk SKU 3840,Steel & Metal,pcs,250,INR,UltraTech,10k catalog row 3840
LRG-03841,Bulk SKU 3841,Tiles & Flooring,pcs,251,INR,Tata,10k catalog row 3841
LRG-03842,Bulk SKU 3842,Electrical Supplies,pcs,252,INR,Kajaria,10k catalog row 3842
LRG-03843,Bulk SKU 3843,Plumbing & HVAC,pcs,253,INR,Havells,10k catalog row 3843
LRG-03844,Bulk SKU 3844,Paint & Finishes,pcs,254,INR,Jaquar,10k catalog row 3844
LRG-03845,Bulk SKU 3845,Building Materials,pcs,255,INR,Asian Paints,10k catalog row 3845
LRG-03846,Bulk SKU 3846,Lighting & Fixtures,pcs,256,INR,Bosch,10k catalog row 3846
LRG-03847,Bulk SKU 3847,Timber & Wood,pcs,257,INR,3M,10k catalog row 3847
LRG-03848,Bulk SKU 3848,Glass & Aluminium,pcs,258,INR,Jindal,10k catalog row 3848
LRG-03849,Bulk SKU 3849,Sanitary Ware,pcs,259,INR,Saint-Gobain,10k catalog row 3849
LRG-03850,Bulk SKU 3850,Steel & Metal,pcs,260,INR,UltraTech,10k catalog row 3850
LRG-03851,Bulk SKU 3851,Tiles & Flooring,pcs,261,INR,Tata,10k catalog row 3851
LRG-03852,Bulk SKU 3852,Electrical Supplies,pcs,262,INR,Kajaria,10k catalog row 3852
LRG-03853,Bulk SKU 3853,Plumbing & HVAC,pcs,263,INR,Havells,10k catalog row 3853
LRG-03854,Bulk SKU 3854,Paint & Finishes,pcs,264,INR,Jaquar,10k catalog row 3854
LRG-03855,Bulk SKU 3855,Building Materials,pcs,265,INR,Asian Paints,10k catalog row 3855
LRG-03856,Bulk SKU 3856,Lighting & Fixtures,pcs,266,INR,Bosch,10k catalog row 3856
LRG-03857,Bulk SKU 3857,Timber & Wood,pcs,267,INR,3M,10k catalog row 3857
LRG-03858,Bulk SKU 3858,Glass & Aluminium,pcs,268,INR,Jindal,10k catalog row 3858
LRG-03859,Bulk SKU 3859,Sanitary Ware,pcs,269,INR,Saint-Gobain,10k catalog row 3859
LRG-03860,Bulk SKU 3860,Steel & Metal,pcs,270,INR,UltraTech,10k catalog row 3860
LRG-03861,Bulk SKU 3861,Tiles & Flooring,pcs,271,INR,Tata,10k catalog row 3861
LRG-03862,Bulk SKU 3862,Electrical Supplies,pcs,272,INR,Kajaria,10k catalog row 3862
LRG-03863,Bulk SKU 3863,Plumbing & HVAC,pcs,273,INR,Havells,10k catalog row 3863
LRG-03864,Bulk SKU 3864,Paint & Finishes,pcs,274,INR,Jaquar,10k catalog row 3864
LRG-03865,Bulk SKU 3865,Building Materials,pcs,275,INR,Asian Paints,10k catalog row 3865
LRG-03866,Bulk SKU 3866,Lighting & Fixtures,pcs,276,INR,Bosch,10k catalog row 3866
LRG-03867,Bulk SKU 3867,Timber & Wood,pcs,277,INR,3M,10k catalog row 3867
LRG-03868,Bulk SKU 3868,Glass & Aluminium,pcs,278,INR,Jindal,10k catalog row 3868
LRG-03869,Bulk SKU 3869,Sanitary Ware,pcs,279,INR,Saint-Gobain,10k catalog row 3869
LRG-03870,Bulk SKU 3870,Steel & Metal,pcs,280,INR,UltraTech,10k catalog row 3870
LRG-03871,Bulk SKU 3871,Tiles & Flooring,pcs,281,INR,Tata,10k catalog row 3871
LRG-03872,Bulk SKU 3872,Electrical Supplies,pcs,282,INR,Kajaria,10k catalog row 3872
LRG-03873,Bulk SKU 3873,Plumbing & HVAC,pcs,283,INR,Havells,10k catalog row 3873
LRG-03874,Bulk SKU 3874,Paint & Finishes,pcs,284,INR,Jaquar,10k catalog row 3874
LRG-03875,Bulk SKU 3875,Building Materials,pcs,285,INR,Asian Paints,10k catalog row 3875
LRG-03876,Bulk SKU 3876,Lighting & Fixtures,pcs,286,INR,Bosch,10k catalog row 3876
LRG-03877,Bulk SKU 3877,Timber & Wood,pcs,287,INR,3M,10k catalog row 3877
LRG-03878,Bulk SKU 3878,Glass & Aluminium,pcs,288,INR,Jindal,10k catalog row 3878
LRG-03879,Bulk SKU 3879,Sanitary Ware,pcs,289,INR,Saint-Gobain,10k catalog row 3879
LRG-03880,Bulk SKU 3880,Steel & Metal,pcs,290,INR,UltraTech,10k catalog row 3880
LRG-03881,Bulk SKU 3881,Tiles & Flooring,pcs,291,INR,Tata,10k catalog row 3881
LRG-03882,Bulk SKU 3882,Electrical Supplies,pcs,292,INR,Kajaria,10k catalog row 3882
LRG-03883,Bulk SKU 3883,Plumbing & HVAC,pcs,293,INR,Havells,10k catalog row 3883
LRG-03884,Bulk SKU 3884,Paint & Finishes,pcs,294,INR,Jaquar,10k catalog row 3884
LRG-03885,Bulk SKU 3885,Building Materials,pcs,295,INR,Asian Paints,10k catalog row 3885
LRG-03886,Bulk SKU 3886,Lighting & Fixtures,pcs,296,INR,Bosch,10k catalog row 3886
LRG-03887,Bulk SKU 3887,Timber & Wood,pcs,297,INR,3M,10k catalog row 3887
LRG-03888,Bulk SKU 3888,Glass & Aluminium,pcs,298,INR,Jindal,10k catalog row 3888
LRG-03889,Bulk SKU 3889,Sanitary Ware,pcs,299,INR,Saint-Gobain,10k catalog row 3889
LRG-03890,Bulk SKU 3890,Steel & Metal,pcs,300,INR,UltraTech,10k catalog row 3890
LRG-03891,Bulk SKU 3891,Tiles & Flooring,pcs,301,INR,Tata,10k catalog row 3891
LRG-03892,Bulk SKU 3892,Electrical Supplies,pcs,302,INR,Kajaria,10k catalog row 3892
LRG-03893,Bulk SKU 3893,Plumbing & HVAC,pcs,303,INR,Havells,10k catalog row 3893
LRG-03894,Bulk SKU 3894,Paint & Finishes,pcs,304,INR,Jaquar,10k catalog row 3894
LRG-03895,Bulk SKU 3895,Building Materials,pcs,305,INR,Asian Paints,10k catalog row 3895
LRG-03896,Bulk SKU 3896,Lighting & Fixtures,pcs,306,INR,Bosch,10k catalog row 3896
LRG-03897,Bulk SKU 3897,Timber & Wood,pcs,307,INR,3M,10k catalog row 3897
LRG-03898,Bulk SKU 3898,Glass & Aluminium,pcs,308,INR,Jindal,10k catalog row 3898
LRG-03899,Bulk SKU 3899,Sanitary Ware,pcs,309,INR,Saint-Gobain,10k catalog row 3899
LRG-03900,Bulk SKU 3900,Steel & Metal,pcs,310,INR,UltraTech,10k catalog row 3900
LRG-03901,Bulk SKU 3901,Tiles & Flooring,pcs,311,INR,Tata,10k catalog row 3901
LRG-03902,Bulk SKU 3902,Electrical Supplies,pcs,312,INR,Kajaria,10k catalog row 3902
LRG-03903,Bulk SKU 3903,Plumbing & HVAC,pcs,313,INR,Havells,10k catalog row 3903
LRG-03904,Bulk SKU 3904,Paint & Finishes,pcs,314,INR,Jaquar,10k catalog row 3904
LRG-03905,Bulk SKU 3905,Building Materials,pcs,315,INR,Asian Paints,10k catalog row 3905
LRG-03906,Bulk SKU 3906,Lighting & Fixtures,pcs,316,INR,Bosch,10k catalog row 3906
LRG-03907,Bulk SKU 3907,Timber & Wood,pcs,317,INR,3M,10k catalog row 3907
LRG-03908,Bulk SKU 3908,Glass & Aluminium,pcs,318,INR,Jindal,10k catalog row 3908
LRG-03909,Bulk SKU 3909,Sanitary Ware,pcs,319,INR,Saint-Gobain,10k catalog row 3909
LRG-03910,Bulk SKU 3910,Steel & Metal,pcs,320,INR,UltraTech,10k catalog row 3910
LRG-03911,Bulk SKU 3911,Tiles & Flooring,pcs,321,INR,Tata,10k catalog row 3911
LRG-03912,Bulk SKU 3912,Electrical Supplies,pcs,322,INR,Kajaria,10k catalog row 3912
LRG-03913,Bulk SKU 3913,Plumbing & HVAC,pcs,323,INR,Havells,10k catalog row 3913
LRG-03914,Bulk SKU 3914,Paint & Finishes,pcs,324,INR,Jaquar,10k catalog row 3914
LRG-03915,Bulk SKU 3915,Building Materials,pcs,325,INR,Asian Paints,10k catalog row 3915
LRG-03916,Bulk SKU 3916,Lighting & Fixtures,pcs,326,INR,Bosch,10k catalog row 3916
LRG-03917,Bulk SKU 3917,Timber & Wood,pcs,327,INR,3M,10k catalog row 3917
LRG-03918,Bulk SKU 3918,Glass & Aluminium,pcs,328,INR,Jindal,10k catalog row 3918
LRG-03919,Bulk SKU 3919,Sanitary Ware,pcs,329,INR,Saint-Gobain,10k catalog row 3919
LRG-03920,Bulk SKU 3920,Steel & Metal,pcs,330,INR,UltraTech,10k catalog row 3920
LRG-03921,Bulk SKU 3921,Tiles & Flooring,pcs,331,INR,Tata,10k catalog row 3921
LRG-03922,Bulk SKU 3922,Electrical Supplies,pcs,332,INR,Kajaria,10k catalog row 3922
LRG-03923,Bulk SKU 3923,Plumbing & HVAC,pcs,333,INR,Havells,10k catalog row 3923
LRG-03924,Bulk SKU 3924,Paint & Finishes,pcs,334,INR,Jaquar,10k catalog row 3924
LRG-03925,Bulk SKU 3925,Building Materials,pcs,335,INR,Asian Paints,10k catalog row 3925
LRG-03926,Bulk SKU 3926,Lighting & Fixtures,pcs,336,INR,Bosch,10k catalog row 3926
LRG-03927,Bulk SKU 3927,Timber & Wood,pcs,337,INR,3M,10k catalog row 3927
LRG-03928,Bulk SKU 3928,Glass & Aluminium,pcs,338,INR,Jindal,10k catalog row 3928
LRG-03929,Bulk SKU 3929,Sanitary Ware,pcs,339,INR,Saint-Gobain,10k catalog row 3929
LRG-03930,Bulk SKU 3930,Steel & Metal,pcs,340,INR,UltraTech,10k catalog row 3930
LRG-03931,Bulk SKU 3931,Tiles & Flooring,pcs,341,INR,Tata,10k catalog row 3931
LRG-03932,Bulk SKU 3932,Electrical Supplies,pcs,342,INR,Kajaria,10k catalog row 3932
LRG-03933,Bulk SKU 3933,Plumbing & HVAC,pcs,343,INR,Havells,10k catalog row 3933
LRG-03934,Bulk SKU 3934,Paint & Finishes,pcs,344,INR,Jaquar,10k catalog row 3934
LRG-03935,Bulk SKU 3935,Building Materials,pcs,345,INR,Asian Paints,10k catalog row 3935
LRG-03936,Bulk SKU 3936,Lighting & Fixtures,pcs,346,INR,Bosch,10k catalog row 3936
LRG-03937,Bulk SKU 3937,Timber & Wood,pcs,347,INR,3M,10k catalog row 3937
LRG-03938,Bulk SKU 3938,Glass & Aluminium,pcs,348,INR,Jindal,10k catalog row 3938
LRG-03939,Bulk SKU 3939,Sanitary Ware,pcs,349,INR,Saint-Gobain,10k catalog row 3939
LRG-03940,Bulk SKU 3940,Steel & Metal,pcs,350,INR,UltraTech,10k catalog row 3940
LRG-03941,Bulk SKU 3941,Tiles & Flooring,pcs,351,INR,Tata,10k catalog row 3941
LRG-03942,Bulk SKU 3942,Electrical Supplies,pcs,352,INR,Kajaria,10k catalog row 3942
LRG-03943,Bulk SKU 3943,Plumbing & HVAC,pcs,353,INR,Havells,10k catalog row 3943
LRG-03944,Bulk SKU 3944,Paint & Finishes,pcs,354,INR,Jaquar,10k catalog row 3944
LRG-03945,Bulk SKU 3945,Building Materials,pcs,355,INR,Asian Paints,10k catalog row 3945
LRG-03946,Bulk SKU 3946,Lighting & Fixtures,pcs,356,INR,Bosch,10k catalog row 3946
LRG-03947,Bulk SKU 3947,Timber & Wood,pcs,357,INR,3M,10k catalog row 3947
LRG-03948,Bulk SKU 3948,Glass & Aluminium,pcs,358,INR,Jindal,10k catalog row 3948
LRG-03949,Bulk SKU 3949,Sanitary Ware,pcs,359,INR,Saint-Gobain,10k catalog row 3949
LRG-03950,Bulk SKU 3950,Steel & Metal,pcs,360,INR,UltraTech,10k catalog row 3950
LRG-03951,Bulk SKU 3951,Tiles & Flooring,pcs,361,INR,Tata,10k catalog row 3951
LRG-03952,Bulk SKU 3952,Electrical Supplies,pcs,362,INR,Kajaria,10k catalog row 3952
LRG-03953,Bulk SKU 3953,Plumbing & HVAC,pcs,363,INR,Havells,10k catalog row 3953
LRG-03954,Bulk SKU 3954,Paint & Finishes,pcs,364,INR,Jaquar,10k catalog row 3954
LRG-03955,Bulk SKU 3955,Building Materials,pcs,365,INR,Asian Paints,10k catalog row 3955
LRG-03956,Bulk SKU 3956,Lighting & Fixtures,pcs,366,INR,Bosch,10k catalog row 3956
LRG-03957,Bulk SKU 3957,Timber & Wood,pcs,367,INR,3M,10k catalog row 3957
LRG-03958,Bulk SKU 3958,Glass & Aluminium,pcs,368,INR,Jindal,10k catalog row 3958
LRG-03959,Bulk SKU 3959,Sanitary Ware,pcs,369,INR,Saint-Gobain,10k catalog row 3959
LRG-03960,Bulk SKU 3960,Steel & Metal,pcs,370,INR,UltraTech,10k catalog row 3960
LRG-03961,Bulk SKU 3961,Tiles & Flooring,pcs,371,INR,Tata,10k catalog row 3961
LRG-03962,Bulk SKU 3962,Electrical Supplies,pcs,372,INR,Kajaria,10k catalog row 3962
LRG-03963,Bulk SKU 3963,Plumbing & HVAC,pcs,373,INR,Havells,10k catalog row 3963
LRG-03964,Bulk SKU 3964,Paint & Finishes,pcs,374,INR,Jaquar,10k catalog row 3964
LRG-03965,Bulk SKU 3965,Building Materials,pcs,375,INR,Asian Paints,10k catalog row 3965
LRG-03966,Bulk SKU 3966,Lighting & Fixtures,pcs,376,INR,Bosch,10k catalog row 3966
LRG-03967,Bulk SKU 3967,Timber & Wood,pcs,377,INR,3M,10k catalog row 3967
LRG-03968,Bulk SKU 3968,Glass & Aluminium,pcs,378,INR,Jindal,10k catalog row 3968
LRG-03969,Bulk SKU 3969,Sanitary Ware,pcs,379,INR,Saint-Gobain,10k catalog row 3969
LRG-03970,Bulk SKU 3970,Steel & Metal,pcs,380,INR,UltraTech,10k catalog row 3970
LRG-03971,Bulk SKU 3971,Tiles & Flooring,pcs,381,INR,Tata,10k catalog row 3971
LRG-03972,Bulk SKU 3972,Electrical Supplies,pcs,382,INR,Kajaria,10k catalog row 3972
LRG-03973,Bulk SKU 3973,Plumbing & HVAC,pcs,383,INR,Havells,10k catalog row 3973
LRG-03974,Bulk SKU 3974,Paint & Finishes,pcs,384,INR,Jaquar,10k catalog row 3974
LRG-03975,Bulk SKU 3975,Building Materials,pcs,385,INR,Asian Paints,10k catalog row 3975
LRG-03976,Bulk SKU 3976,Lighting & Fixtures,pcs,386,INR,Bosch,10k catalog row 3976
LRG-03977,Bulk SKU 3977,Timber & Wood,pcs,387,INR,3M,10k catalog row 3977
LRG-03978,Bulk SKU 3978,Glass & Aluminium,pcs,388,INR,Jindal,10k catalog row 3978
LRG-03979,Bulk SKU 3979,Sanitary Ware,pcs,389,INR,Saint-Gobain,10k catalog row 3979
LRG-03980,Bulk SKU 3980,Steel & Metal,pcs,390,INR,UltraTech,10k catalog row 3980
LRG-03981,Bulk SKU 3981,Tiles & Flooring,pcs,391,INR,Tata,10k catalog row 3981
LRG-03982,Bulk SKU 3982,Electrical Supplies,pcs,392,INR,Kajaria,10k catalog row 3982
LRG-03983,Bulk SKU 3983,Plumbing & HVAC,pcs,393,INR,Havells,10k catalog row 3983
LRG-03984,Bulk SKU 3984,Paint & Finishes,pcs,394,INR,Jaquar,10k catalog row 3984
LRG-03985,Bulk SKU 3985,Building Materials,pcs,395,INR,Asian Paints,10k catalog row 3985
LRG-03986,Bulk SKU 3986,Lighting & Fixtures,pcs,396,INR,Bosch,10k catalog row 3986
LRG-03987,Bulk SKU 3987,Timber & Wood,pcs,397,INR,3M,10k catalog row 3987
LRG-03988,Bulk SKU 3988,Glass & Aluminium,pcs,398,INR,Jindal,10k catalog row 3988
LRG-03989,Bulk SKU 3989,Sanitary Ware,pcs,399,INR,Saint-Gobain,10k catalog row 3989
LRG-03990,Bulk SKU 3990,Steel & Metal,pcs,400,INR,UltraTech,10k catalog row 3990
LRG-03991,Bulk SKU 3991,Tiles & Flooring,pcs,401,INR,Tata,10k catalog row 3991
LRG-03992,Bulk SKU 3992,Electrical Supplies,pcs,402,INR,Kajaria,10k catalog row 3992
LRG-03993,Bulk SKU 3993,Plumbing & HVAC,pcs,403,INR,Havells,10k catalog row 3993
LRG-03994,Bulk SKU 3994,Paint & Finishes,pcs,404,INR,Jaquar,10k catalog row 3994
LRG-03995,Bulk SKU 3995,Building Materials,pcs,405,INR,Asian Paints,10k catalog row 3995
LRG-03996,Bulk SKU 3996,Lighting & Fixtures,pcs,406,INR,Bosch,10k catalog row 3996
LRG-03997,Bulk SKU 3997,Timber & Wood,pcs,407,INR,3M,10k catalog row 3997
LRG-03998,Bulk SKU 3998,Glass & Aluminium,pcs,408,INR,Jindal,10k catalog row 3998
LRG-03999,Bulk SKU 3999,Sanitary Ware,pcs,409,INR,Saint-Gobain,10k catalog row 3999
LRG-04000,Bulk SKU 4000,Steel & Metal,pcs,410,INR,UltraTech,10k catalog row 4000
LRG-04001,Bulk SKU 4001,Tiles & Flooring,pcs,411,INR,Tata,10k catalog row 4001
LRG-04002,Bulk SKU 4002,Electrical Supplies,pcs,412,INR,Kajaria,10k catalog row 4002
LRG-04003,Bulk SKU 4003,Plumbing & HVAC,pcs,413,INR,Havells,10k catalog row 4003
LRG-04004,Bulk SKU 4004,Paint & Finishes,pcs,414,INR,Jaquar,10k catalog row 4004
LRG-04005,Bulk SKU 4005,Building Materials,pcs,415,INR,Asian Paints,10k catalog row 4005
LRG-04006,Bulk SKU 4006,Lighting & Fixtures,pcs,416,INR,Bosch,10k catalog row 4006
LRG-04007,Bulk SKU 4007,Timber & Wood,pcs,417,INR,3M,10k catalog row 4007
LRG-04008,Bulk SKU 4008,Glass & Aluminium,pcs,418,INR,Jindal,10k catalog row 4008
LRG-04009,Bulk SKU 4009,Sanitary Ware,pcs,419,INR,Saint-Gobain,10k catalog row 4009
LRG-04010,Bulk SKU 4010,Steel & Metal,pcs,420,INR,UltraTech,10k catalog row 4010
LRG-04011,Bulk SKU 4011,Tiles & Flooring,pcs,421,INR,Tata,10k catalog row 4011
LRG-04012,Bulk SKU 4012,Electrical Supplies,pcs,422,INR,Kajaria,10k catalog row 4012
LRG-04013,Bulk SKU 4013,Plumbing & HVAC,pcs,423,INR,Havells,10k catalog row 4013
LRG-04014,Bulk SKU 4014,Paint & Finishes,pcs,424,INR,Jaquar,10k catalog row 4014
LRG-04015,Bulk SKU 4015,Building Materials,pcs,425,INR,Asian Paints,10k catalog row 4015
LRG-04016,Bulk SKU 4016,Lighting & Fixtures,pcs,426,INR,Bosch,10k catalog row 4016
LRG-04017,Bulk SKU 4017,Timber & Wood,pcs,427,INR,3M,10k catalog row 4017
LRG-04018,Bulk SKU 4018,Glass & Aluminium,pcs,428,INR,Jindal,10k catalog row 4018
LRG-04019,Bulk SKU 4019,Sanitary Ware,pcs,429,INR,Saint-Gobain,10k catalog row 4019
LRG-04020,Bulk SKU 4020,Steel & Metal,pcs,430,INR,UltraTech,10k catalog row 4020
LRG-04021,Bulk SKU 4021,Tiles & Flooring,pcs,431,INR,Tata,10k catalog row 4021
LRG-04022,Bulk SKU 4022,Electrical Supplies,pcs,432,INR,Kajaria,10k catalog row 4022
LRG-04023,Bulk SKU 4023,Plumbing & HVAC,pcs,433,INR,Havells,10k catalog row 4023
LRG-04024,Bulk SKU 4024,Paint & Finishes,pcs,434,INR,Jaquar,10k catalog row 4024
LRG-04025,Bulk SKU 4025,Building Materials,pcs,435,INR,Asian Paints,10k catalog row 4025
LRG-04026,Bulk SKU 4026,Lighting & Fixtures,pcs,436,INR,Bosch,10k catalog row 4026
LRG-04027,Bulk SKU 4027,Timber & Wood,pcs,437,INR,3M,10k catalog row 4027
LRG-04028,Bulk SKU 4028,Glass & Aluminium,pcs,438,INR,Jindal,10k catalog row 4028
LRG-04029,Bulk SKU 4029,Sanitary Ware,pcs,439,INR,Saint-Gobain,10k catalog row 4029
LRG-04030,Bulk SKU 4030,Steel & Metal,pcs,440,INR,UltraTech,10k catalog row 4030
LRG-04031,Bulk SKU 4031,Tiles & Flooring,pcs,441,INR,Tata,10k catalog row 4031
LRG-04032,Bulk SKU 4032,Electrical Supplies,pcs,442,INR,Kajaria,10k catalog row 4032
LRG-04033,Bulk SKU 4033,Plumbing & HVAC,pcs,443,INR,Havells,10k catalog row 4033
LRG-04034,Bulk SKU 4034,Paint & Finishes,pcs,444,INR,Jaquar,10k catalog row 4034
LRG-04035,Bulk SKU 4035,Building Materials,pcs,445,INR,Asian Paints,10k catalog row 4035
LRG-04036,Bulk SKU 4036,Lighting & Fixtures,pcs,446,INR,Bosch,10k catalog row 4036
LRG-04037,Bulk SKU 4037,Timber & Wood,pcs,447,INR,3M,10k catalog row 4037
LRG-04038,Bulk SKU 4038,Glass & Aluminium,pcs,448,INR,Jindal,10k catalog row 4038
LRG-04039,Bulk SKU 4039,Sanitary Ware,pcs,449,INR,Saint-Gobain,10k catalog row 4039
LRG-04040,Bulk SKU 4040,Steel & Metal,pcs,450,INR,UltraTech,10k catalog row 4040
LRG-04041,Bulk SKU 4041,Tiles & Flooring,pcs,451,INR,Tata,10k catalog row 4041
LRG-04042,Bulk SKU 4042,Electrical Supplies,pcs,452,INR,Kajaria,10k catalog row 4042
LRG-04043,Bulk SKU 4043,Plumbing & HVAC,pcs,453,INR,Havells,10k catalog row 4043
LRG-04044,Bulk SKU 4044,Paint & Finishes,pcs,454,INR,Jaquar,10k catalog row 4044
LRG-04045,Bulk SKU 4045,Building Materials,pcs,455,INR,Asian Paints,10k catalog row 4045
LRG-04046,Bulk SKU 4046,Lighting & Fixtures,pcs,456,INR,Bosch,10k catalog row 4046
LRG-04047,Bulk SKU 4047,Timber & Wood,pcs,457,INR,3M,10k catalog row 4047
LRG-04048,Bulk SKU 4048,Glass & Aluminium,pcs,458,INR,Jindal,10k catalog row 4048
LRG-04049,Bulk SKU 4049,Sanitary Ware,pcs,459,INR,Saint-Gobain,10k catalog row 4049
LRG-04050,Bulk SKU 4050,Steel & Metal,pcs,460,INR,UltraTech,10k catalog row 4050
LRG-04051,Bulk SKU 4051,Tiles & Flooring,pcs,461,INR,Tata,10k catalog row 4051
LRG-04052,Bulk SKU 4052,Electrical Supplies,pcs,462,INR,Kajaria,10k catalog row 4052
LRG-04053,Bulk SKU 4053,Plumbing & HVAC,pcs,463,INR,Havells,10k catalog row 4053
LRG-04054,Bulk SKU 4054,Paint & Finishes,pcs,464,INR,Jaquar,10k catalog row 4054
LRG-04055,Bulk SKU 4055,Building Materials,pcs,465,INR,Asian Paints,10k catalog row 4055
LRG-04056,Bulk SKU 4056,Lighting & Fixtures,pcs,466,INR,Bosch,10k catalog row 4056
LRG-04057,Bulk SKU 4057,Timber & Wood,pcs,467,INR,3M,10k catalog row 4057
LRG-04058,Bulk SKU 4058,Glass & Aluminium,pcs,468,INR,Jindal,10k catalog row 4058
LRG-04059,Bulk SKU 4059,Sanitary Ware,pcs,469,INR,Saint-Gobain,10k catalog row 4059
LRG-04060,Bulk SKU 4060,Steel & Metal,pcs,470,INR,UltraTech,10k catalog row 4060
LRG-04061,Bulk SKU 4061,Tiles & Flooring,pcs,471,INR,Tata,10k catalog row 4061
LRG-04062,Bulk SKU 4062,Electrical Supplies,pcs,472,INR,Kajaria,10k catalog row 4062
LRG-04063,Bulk SKU 4063,Plumbing & HVAC,pcs,473,INR,Havells,10k catalog row 4063
LRG-04064,Bulk SKU 4064,Paint & Finishes,pcs,474,INR,Jaquar,10k catalog row 4064
LRG-04065,Bulk SKU 4065,Building Materials,pcs,475,INR,Asian Paints,10k catalog row 4065
LRG-04066,Bulk SKU 4066,Lighting & Fixtures,pcs,476,INR,Bosch,10k catalog row 4066
LRG-04067,Bulk SKU 4067,Timber & Wood,pcs,477,INR,3M,10k catalog row 4067
LRG-04068,Bulk SKU 4068,Glass & Aluminium,pcs,478,INR,Jindal,10k catalog row 4068
LRG-04069,Bulk SKU 4069,Sanitary Ware,pcs,479,INR,Saint-Gobain,10k catalog row 4069
LRG-04070,Bulk SKU 4070,Steel & Metal,pcs,480,INR,UltraTech,10k catalog row 4070
LRG-04071,Bulk SKU 4071,Tiles & Flooring,pcs,481,INR,Tata,10k catalog row 4071
LRG-04072,Bulk SKU 4072,Electrical Supplies,pcs,482,INR,Kajaria,10k catalog row 4072
LRG-04073,Bulk SKU 4073,Plumbing & HVAC,pcs,483,INR,Havells,10k catalog row 4073
LRG-04074,Bulk SKU 4074,Paint & Finishes,pcs,484,INR,Jaquar,10k catalog row 4074
LRG-04075,Bulk SKU 4075,Building Materials,pcs,485,INR,Asian Paints,10k catalog row 4075
LRG-04076,Bulk SKU 4076,Lighting & Fixtures,pcs,486,INR,Bosch,10k catalog row 4076
LRG-04077,Bulk SKU 4077,Timber & Wood,pcs,487,INR,3M,10k catalog row 4077
LRG-04078,Bulk SKU 4078,Glass & Aluminium,pcs,488,INR,Jindal,10k catalog row 4078
LRG-04079,Bulk SKU 4079,Sanitary Ware,pcs,489,INR,Saint-Gobain,10k catalog row 4079
LRG-04080,Bulk SKU 4080,Steel & Metal,pcs,490,INR,UltraTech,10k catalog row 4080
LRG-04081,Bulk SKU 4081,Tiles & Flooring,pcs,491,INR,Tata,10k catalog row 4081
LRG-04082,Bulk SKU 4082,Electrical Supplies,pcs,492,INR,Kajaria,10k catalog row 4082
LRG-04083,Bulk SKU 4083,Plumbing & HVAC,pcs,493,INR,Havells,10k catalog row 4083
LRG-04084,Bulk SKU 4084,Paint & Finishes,pcs,494,INR,Jaquar,10k catalog row 4084
LRG-04085,Bulk SKU 4085,Building Materials,pcs,495,INR,Asian Paints,10k catalog row 4085
LRG-04086,Bulk SKU 4086,Lighting & Fixtures,pcs,496,INR,Bosch,10k catalog row 4086
LRG-04087,Bulk SKU 4087,Timber & Wood,pcs,497,INR,3M,10k catalog row 4087
LRG-04088,Bulk SKU 4088,Glass & Aluminium,pcs,498,INR,Jindal,10k catalog row 4088
LRG-04089,Bulk SKU 4089,Sanitary Ware,pcs,499,INR,Saint-Gobain,10k catalog row 4089
LRG-04090,Bulk SKU 4090,Steel & Metal,pcs,500,INR,UltraTech,10k catalog row 4090
LRG-04091,Bulk SKU 4091,Tiles & Flooring,pcs,501,INR,Tata,10k catalog row 4091
LRG-04092,Bulk SKU 4092,Electrical Supplies,pcs,502,INR,Kajaria,10k catalog row 4092
LRG-04093,Bulk SKU 4093,Plumbing & HVAC,pcs,503,INR,Havells,10k catalog row 4093
LRG-04094,Bulk SKU 4094,Paint & Finishes,pcs,504,INR,Jaquar,10k catalog row 4094
LRG-04095,Bulk SKU 4095,Building Materials,pcs,505,INR,Asian Paints,10k catalog row 4095
LRG-04096,Bulk SKU 4096,Lighting & Fixtures,pcs,506,INR,Bosch,10k catalog row 4096
LRG-04097,Bulk SKU 4097,Timber & Wood,pcs,507,INR,3M,10k catalog row 4097
LRG-04098,Bulk SKU 4098,Glass & Aluminium,pcs,508,INR,Jindal,10k catalog row 4098
LRG-04099,Bulk SKU 4099,Sanitary Ware,pcs,509,INR,Saint-Gobain,10k catalog row 4099
LRG-04100,Bulk SKU 4100,Steel & Metal,pcs,510,INR,UltraTech,10k catalog row 4100
LRG-04101,Bulk SKU 4101,Tiles & Flooring,pcs,511,INR,Tata,10k catalog row 4101
LRG-04102,Bulk SKU 4102,Electrical Supplies,pcs,512,INR,Kajaria,10k catalog row 4102
LRG-04103,Bulk SKU 4103,Plumbing & HVAC,pcs,513,INR,Havells,10k catalog row 4103
LRG-04104,Bulk SKU 4104,Paint & Finishes,pcs,514,INR,Jaquar,10k catalog row 4104
LRG-04105,Bulk SKU 4105,Building Materials,pcs,515,INR,Asian Paints,10k catalog row 4105
LRG-04106,Bulk SKU 4106,Lighting & Fixtures,pcs,516,INR,Bosch,10k catalog row 4106
LRG-04107,Bulk SKU 4107,Timber & Wood,pcs,517,INR,3M,10k catalog row 4107
LRG-04108,Bulk SKU 4108,Glass & Aluminium,pcs,518,INR,Jindal,10k catalog row 4108
LRG-04109,Bulk SKU 4109,Sanitary Ware,pcs,519,INR,Saint-Gobain,10k catalog row 4109
LRG-04110,Bulk SKU 4110,Steel & Metal,pcs,520,INR,UltraTech,10k catalog row 4110
LRG-04111,Bulk SKU 4111,Tiles & Flooring,pcs,521,INR,Tata,10k catalog row 4111
LRG-04112,Bulk SKU 4112,Electrical Supplies,pcs,522,INR,Kajaria,10k catalog row 4112
LRG-04113,Bulk SKU 4113,Plumbing & HVAC,pcs,523,INR,Havells,10k catalog row 4113
LRG-04114,Bulk SKU 4114,Paint & Finishes,pcs,524,INR,Jaquar,10k catalog row 4114
LRG-04115,Bulk SKU 4115,Building Materials,pcs,525,INR,Asian Paints,10k catalog row 4115
LRG-04116,Bulk SKU 4116,Lighting & Fixtures,pcs,526,INR,Bosch,10k catalog row 4116
LRG-04117,Bulk SKU 4117,Timber & Wood,pcs,527,INR,3M,10k catalog row 4117
LRG-04118,Bulk SKU 4118,Glass & Aluminium,pcs,528,INR,Jindal,10k catalog row 4118
LRG-04119,Bulk SKU 4119,Sanitary Ware,pcs,529,INR,Saint-Gobain,10k catalog row 4119
LRG-04120,Bulk SKU 4120,Steel & Metal,pcs,530,INR,UltraTech,10k catalog row 4120
LRG-04121,Bulk SKU 4121,Tiles & Flooring,pcs,531,INR,Tata,10k catalog row 4121
LRG-04122,Bulk SKU 4122,Electrical Supplies,pcs,532,INR,Kajaria,10k catalog row 4122
LRG-04123,Bulk SKU 4123,Plumbing & HVAC,pcs,533,INR,Havells,10k catalog row 4123
LRG-04124,Bulk SKU 4124,Paint & Finishes,pcs,534,INR,Jaquar,10k catalog row 4124
LRG-04125,Bulk SKU 4125,Building Materials,pcs,535,INR,Asian Paints,10k catalog row 4125
LRG-04126,Bulk SKU 4126,Lighting & Fixtures,pcs,536,INR,Bosch,10k catalog row 4126
LRG-04127,Bulk SKU 4127,Timber & Wood,pcs,537,INR,3M,10k catalog row 4127
LRG-04128,Bulk SKU 4128,Glass & Aluminium,pcs,538,INR,Jindal,10k catalog row 4128
LRG-04129,Bulk SKU 4129,Sanitary Ware,pcs,539,INR,Saint-Gobain,10k catalog row 4129
LRG-04130,Bulk SKU 4130,Steel & Metal,pcs,540,INR,UltraTech,10k catalog row 4130
LRG-04131,Bulk SKU 4131,Tiles & Flooring,pcs,541,INR,Tata,10k catalog row 4131
LRG-04132,Bulk SKU 4132,Electrical Supplies,pcs,542,INR,Kajaria,10k catalog row 4132
LRG-04133,Bulk SKU 4133,Plumbing & HVAC,pcs,543,INR,Havells,10k catalog row 4133
LRG-04134,Bulk SKU 4134,Paint & Finishes,pcs,544,INR,Jaquar,10k catalog row 4134
LRG-04135,Bulk SKU 4135,Building Materials,pcs,545,INR,Asian Paints,10k catalog row 4135
LRG-04136,Bulk SKU 4136,Lighting & Fixtures,pcs,546,INR,Bosch,10k catalog row 4136
LRG-04137,Bulk SKU 4137,Timber & Wood,pcs,547,INR,3M,10k catalog row 4137
LRG-04138,Bulk SKU 4138,Glass & Aluminium,pcs,548,INR,Jindal,10k catalog row 4138
LRG-04139,Bulk SKU 4139,Sanitary Ware,pcs,549,INR,Saint-Gobain,10k catalog row 4139
LRG-04140,Bulk SKU 4140,Steel & Metal,pcs,550,INR,UltraTech,10k catalog row 4140
LRG-04141,Bulk SKU 4141,Tiles & Flooring,pcs,551,INR,Tata,10k catalog row 4141
LRG-04142,Bulk SKU 4142,Electrical Supplies,pcs,552,INR,Kajaria,10k catalog row 4142
LRG-04143,Bulk SKU 4143,Plumbing & HVAC,pcs,553,INR,Havells,10k catalog row 4143
LRG-04144,Bulk SKU 4144,Paint & Finishes,pcs,554,INR,Jaquar,10k catalog row 4144
LRG-04145,Bulk SKU 4145,Building Materials,pcs,555,INR,Asian Paints,10k catalog row 4145
LRG-04146,Bulk SKU 4146,Lighting & Fixtures,pcs,556,INR,Bosch,10k catalog row 4146
LRG-04147,Bulk SKU 4147,Timber & Wood,pcs,557,INR,3M,10k catalog row 4147
LRG-04148,Bulk SKU 4148,Glass & Aluminium,pcs,558,INR,Jindal,10k catalog row 4148
LRG-04149,Bulk SKU 4149,Sanitary Ware,pcs,559,INR,Saint-Gobain,10k catalog row 4149
LRG-04150,Bulk SKU 4150,Steel & Metal,pcs,560,INR,UltraTech,10k catalog row 4150
LRG-04151,Bulk SKU 4151,Tiles & Flooring,pcs,561,INR,Tata,10k catalog row 4151
LRG-04152,Bulk SKU 4152,Electrical Supplies,pcs,562,INR,Kajaria,10k catalog row 4152
LRG-04153,Bulk SKU 4153,Plumbing & HVAC,pcs,563,INR,Havells,10k catalog row 4153
LRG-04154,Bulk SKU 4154,Paint & Finishes,pcs,564,INR,Jaquar,10k catalog row 4154
LRG-04155,Bulk SKU 4155,Building Materials,pcs,565,INR,Asian Paints,10k catalog row 4155
LRG-04156,Bulk SKU 4156,Lighting & Fixtures,pcs,566,INR,Bosch,10k catalog row 4156
LRG-04157,Bulk SKU 4157,Timber & Wood,pcs,567,INR,3M,10k catalog row 4157
LRG-04158,Bulk SKU 4158,Glass & Aluminium,pcs,568,INR,Jindal,10k catalog row 4158
LRG-04159,Bulk SKU 4159,Sanitary Ware,pcs,569,INR,Saint-Gobain,10k catalog row 4159
LRG-04160,Bulk SKU 4160,Steel & Metal,pcs,570,INR,UltraTech,10k catalog row 4160
LRG-04161,Bulk SKU 4161,Tiles & Flooring,pcs,571,INR,Tata,10k catalog row 4161
LRG-04162,Bulk SKU 4162,Electrical Supplies,pcs,572,INR,Kajaria,10k catalog row 4162
LRG-04163,Bulk SKU 4163,Plumbing & HVAC,pcs,573,INR,Havells,10k catalog row 4163
LRG-04164,Bulk SKU 4164,Paint & Finishes,pcs,574,INR,Jaquar,10k catalog row 4164
LRG-04165,Bulk SKU 4165,Building Materials,pcs,575,INR,Asian Paints,10k catalog row 4165
LRG-04166,Bulk SKU 4166,Lighting & Fixtures,pcs,576,INR,Bosch,10k catalog row 4166
LRG-04167,Bulk SKU 4167,Timber & Wood,pcs,577,INR,3M,10k catalog row 4167
LRG-04168,Bulk SKU 4168,Glass & Aluminium,pcs,578,INR,Jindal,10k catalog row 4168
LRG-04169,Bulk SKU 4169,Sanitary Ware,pcs,579,INR,Saint-Gobain,10k catalog row 4169
LRG-04170,Bulk SKU 4170,Steel & Metal,pcs,580,INR,UltraTech,10k catalog row 4170
LRG-04171,Bulk SKU 4171,Tiles & Flooring,pcs,581,INR,Tata,10k catalog row 4171
LRG-04172,Bulk SKU 4172,Electrical Supplies,pcs,582,INR,Kajaria,10k catalog row 4172
LRG-04173,Bulk SKU 4173,Plumbing & HVAC,pcs,583,INR,Havells,10k catalog row 4173
LRG-04174,Bulk SKU 4174,Paint & Finishes,pcs,584,INR,Jaquar,10k catalog row 4174
LRG-04175,Bulk SKU 4175,Building Materials,pcs,585,INR,Asian Paints,10k catalog row 4175
LRG-04176,Bulk SKU 4176,Lighting & Fixtures,pcs,586,INR,Bosch,10k catalog row 4176
LRG-04177,Bulk SKU 4177,Timber & Wood,pcs,587,INR,3M,10k catalog row 4177
LRG-04178,Bulk SKU 4178,Glass & Aluminium,pcs,588,INR,Jindal,10k catalog row 4178
LRG-04179,Bulk SKU 4179,Sanitary Ware,pcs,589,INR,Saint-Gobain,10k catalog row 4179
LRG-04180,Bulk SKU 4180,Steel & Metal,pcs,590,INR,UltraTech,10k catalog row 4180
LRG-04181,Bulk SKU 4181,Tiles & Flooring,pcs,591,INR,Tata,10k catalog row 4181
LRG-04182,Bulk SKU 4182,Electrical Supplies,pcs,592,INR,Kajaria,10k catalog row 4182
LRG-04183,Bulk SKU 4183,Plumbing & HVAC,pcs,593,INR,Havells,10k catalog row 4183
LRG-04184,Bulk SKU 4184,Paint & Finishes,pcs,594,INR,Jaquar,10k catalog row 4184
LRG-04185,Bulk SKU 4185,Building Materials,pcs,595,INR,Asian Paints,10k catalog row 4185
LRG-04186,Bulk SKU 4186,Lighting & Fixtures,pcs,596,INR,Bosch,10k catalog row 4186
LRG-04187,Bulk SKU 4187,Timber & Wood,pcs,597,INR,3M,10k catalog row 4187
LRG-04188,Bulk SKU 4188,Glass & Aluminium,pcs,598,INR,Jindal,10k catalog row 4188
LRG-04189,Bulk SKU 4189,Sanitary Ware,pcs,599,INR,Saint-Gobain,10k catalog row 4189
LRG-04190,Bulk SKU 4190,Steel & Metal,pcs,600,INR,UltraTech,10k catalog row 4190
LRG-04191,Bulk SKU 4191,Tiles & Flooring,pcs,601,INR,Tata,10k catalog row 4191
LRG-04192,Bulk SKU 4192,Electrical Supplies,pcs,602,INR,Kajaria,10k catalog row 4192
LRG-04193,Bulk SKU 4193,Plumbing & HVAC,pcs,603,INR,Havells,10k catalog row 4193
LRG-04194,Bulk SKU 4194,Paint & Finishes,pcs,604,INR,Jaquar,10k catalog row 4194
LRG-04195,Bulk SKU 4195,Building Materials,pcs,605,INR,Asian Paints,10k catalog row 4195
LRG-04196,Bulk SKU 4196,Lighting & Fixtures,pcs,606,INR,Bosch,10k catalog row 4196
LRG-04197,Bulk SKU 4197,Timber & Wood,pcs,607,INR,3M,10k catalog row 4197
LRG-04198,Bulk SKU 4198,Glass & Aluminium,pcs,608,INR,Jindal,10k catalog row 4198
LRG-04199,Bulk SKU 4199,Sanitary Ware,pcs,609,INR,Saint-Gobain,10k catalog row 4199
LRG-04200,Bulk SKU 4200,Steel & Metal,pcs,610,INR,UltraTech,10k catalog row 4200
LRG-04201,Bulk SKU 4201,Tiles & Flooring,pcs,611,INR,Tata,10k catalog row 4201
LRG-04202,Bulk SKU 4202,Electrical Supplies,pcs,612,INR,Kajaria,10k catalog row 4202
LRG-04203,Bulk SKU 4203,Plumbing & HVAC,pcs,613,INR,Havells,10k catalog row 4203
LRG-04204,Bulk SKU 4204,Paint & Finishes,pcs,614,INR,Jaquar,10k catalog row 4204
LRG-04205,Bulk SKU 4205,Building Materials,pcs,615,INR,Asian Paints,10k catalog row 4205
LRG-04206,Bulk SKU 4206,Lighting & Fixtures,pcs,616,INR,Bosch,10k catalog row 4206
LRG-04207,Bulk SKU 4207,Timber & Wood,pcs,617,INR,3M,10k catalog row 4207
LRG-04208,Bulk SKU 4208,Glass & Aluminium,pcs,618,INR,Jindal,10k catalog row 4208
LRG-04209,Bulk SKU 4209,Sanitary Ware,pcs,619,INR,Saint-Gobain,10k catalog row 4209
LRG-04210,Bulk SKU 4210,Steel & Metal,pcs,620,INR,UltraTech,10k catalog row 4210
LRG-04211,Bulk SKU 4211,Tiles & Flooring,pcs,621,INR,Tata,10k catalog row 4211
LRG-04212,Bulk SKU 4212,Electrical Supplies,pcs,622,INR,Kajaria,10k catalog row 4212
LRG-04213,Bulk SKU 4213,Plumbing & HVAC,pcs,623,INR,Havells,10k catalog row 4213
LRG-04214,Bulk SKU 4214,Paint & Finishes,pcs,624,INR,Jaquar,10k catalog row 4214
LRG-04215,Bulk SKU 4215,Building Materials,pcs,625,INR,Asian Paints,10k catalog row 4215
LRG-04216,Bulk SKU 4216,Lighting & Fixtures,pcs,626,INR,Bosch,10k catalog row 4216
LRG-04217,Bulk SKU 4217,Timber & Wood,pcs,627,INR,3M,10k catalog row 4217
LRG-04218,Bulk SKU 4218,Glass & Aluminium,pcs,628,INR,Jindal,10k catalog row 4218
LRG-04219,Bulk SKU 4219,Sanitary Ware,pcs,629,INR,Saint-Gobain,10k catalog row 4219
LRG-04220,Bulk SKU 4220,Steel & Metal,pcs,630,INR,UltraTech,10k catalog row 4220
LRG-04221,Bulk SKU 4221,Tiles & Flooring,pcs,631,INR,Tata,10k catalog row 4221
LRG-04222,Bulk SKU 4222,Electrical Supplies,pcs,632,INR,Kajaria,10k catalog row 4222
LRG-04223,Bulk SKU 4223,Plumbing & HVAC,pcs,633,INR,Havells,10k catalog row 4223
LRG-04224,Bulk SKU 4224,Paint & Finishes,pcs,634,INR,Jaquar,10k catalog row 4224
LRG-04225,Bulk SKU 4225,Building Materials,pcs,635,INR,Asian Paints,10k catalog row 4225
LRG-04226,Bulk SKU 4226,Lighting & Fixtures,pcs,636,INR,Bosch,10k catalog row 4226
LRG-04227,Bulk SKU 4227,Timber & Wood,pcs,637,INR,3M,10k catalog row 4227
LRG-04228,Bulk SKU 4228,Glass & Aluminium,pcs,638,INR,Jindal,10k catalog row 4228
LRG-04229,Bulk SKU 4229,Sanitary Ware,pcs,639,INR,Saint-Gobain,10k catalog row 4229
LRG-04230,Bulk SKU 4230,Steel & Metal,pcs,640,INR,UltraTech,10k catalog row 4230
LRG-04231,Bulk SKU 4231,Tiles & Flooring,pcs,641,INR,Tata,10k catalog row 4231
LRG-04232,Bulk SKU 4232,Electrical Supplies,pcs,642,INR,Kajaria,10k catalog row 4232
LRG-04233,Bulk SKU 4233,Plumbing & HVAC,pcs,643,INR,Havells,10k catalog row 4233
LRG-04234,Bulk SKU 4234,Paint & Finishes,pcs,644,INR,Jaquar,10k catalog row 4234
LRG-04235,Bulk SKU 4235,Building Materials,pcs,645,INR,Asian Paints,10k catalog row 4235
LRG-04236,Bulk SKU 4236,Lighting & Fixtures,pcs,646,INR,Bosch,10k catalog row 4236
LRG-04237,Bulk SKU 4237,Timber & Wood,pcs,647,INR,3M,10k catalog row 4237
LRG-04238,Bulk SKU 4238,Glass & Aluminium,pcs,648,INR,Jindal,10k catalog row 4238
LRG-04239,Bulk SKU 4239,Sanitary Ware,pcs,649,INR,Saint-Gobain,10k catalog row 4239
LRG-04240,Bulk SKU 4240,Steel & Metal,pcs,650,INR,UltraTech,10k catalog row 4240
LRG-04241,Bulk SKU 4241,Tiles & Flooring,pcs,651,INR,Tata,10k catalog row 4241
LRG-04242,Bulk SKU 4242,Electrical Supplies,pcs,652,INR,Kajaria,10k catalog row 4242
LRG-04243,Bulk SKU 4243,Plumbing & HVAC,pcs,653,INR,Havells,10k catalog row 4243
LRG-04244,Bulk SKU 4244,Paint & Finishes,pcs,654,INR,Jaquar,10k catalog row 4244
LRG-04245,Bulk SKU 4245,Building Materials,pcs,655,INR,Asian Paints,10k catalog row 4245
LRG-04246,Bulk SKU 4246,Lighting & Fixtures,pcs,656,INR,Bosch,10k catalog row 4246
LRG-04247,Bulk SKU 4247,Timber & Wood,pcs,657,INR,3M,10k catalog row 4247
LRG-04248,Bulk SKU 4248,Glass & Aluminium,pcs,658,INR,Jindal,10k catalog row 4248
LRG-04249,Bulk SKU 4249,Sanitary Ware,pcs,659,INR,Saint-Gobain,10k catalog row 4249
LRG-04250,Bulk SKU 4250,Steel & Metal,pcs,660,INR,UltraTech,10k catalog row 4250
LRG-04251,Bulk SKU 4251,Tiles & Flooring,pcs,661,INR,Tata,10k catalog row 4251
LRG-04252,Bulk SKU 4252,Electrical Supplies,pcs,662,INR,Kajaria,10k catalog row 4252
LRG-04253,Bulk SKU 4253,Plumbing & HVAC,pcs,663,INR,Havells,10k catalog row 4253
LRG-04254,Bulk SKU 4254,Paint & Finishes,pcs,664,INR,Jaquar,10k catalog row 4254
LRG-04255,Bulk SKU 4255,Building Materials,pcs,665,INR,Asian Paints,10k catalog row 4255
LRG-04256,Bulk SKU 4256,Lighting & Fixtures,pcs,666,INR,Bosch,10k catalog row 4256
LRG-04257,Bulk SKU 4257,Timber & Wood,pcs,667,INR,3M,10k catalog row 4257
LRG-04258,Bulk SKU 4258,Glass & Aluminium,pcs,668,INR,Jindal,10k catalog row 4258
LRG-04259,Bulk SKU 4259,Sanitary Ware,pcs,669,INR,Saint-Gobain,10k catalog row 4259
LRG-04260,Bulk SKU 4260,Steel & Metal,pcs,670,INR,UltraTech,10k catalog row 4260
LRG-04261,Bulk SKU 4261,Tiles & Flooring,pcs,671,INR,Tata,10k catalog row 4261
LRG-04262,Bulk SKU 4262,Electrical Supplies,pcs,672,INR,Kajaria,10k catalog row 4262
LRG-04263,Bulk SKU 4263,Plumbing & HVAC,pcs,673,INR,Havells,10k catalog row 4263
LRG-04264,Bulk SKU 4264,Paint & Finishes,pcs,674,INR,Jaquar,10k catalog row 4264
LRG-04265,Bulk SKU 4265,Building Materials,pcs,675,INR,Asian Paints,10k catalog row 4265
LRG-04266,Bulk SKU 4266,Lighting & Fixtures,pcs,676,INR,Bosch,10k catalog row 4266
LRG-04267,Bulk SKU 4267,Timber & Wood,pcs,677,INR,3M,10k catalog row 4267
LRG-04268,Bulk SKU 4268,Glass & Aluminium,pcs,678,INR,Jindal,10k catalog row 4268
LRG-04269,Bulk SKU 4269,Sanitary Ware,pcs,679,INR,Saint-Gobain,10k catalog row 4269
LRG-04270,Bulk SKU 4270,Steel & Metal,pcs,680,INR,UltraTech,10k catalog row 4270
LRG-04271,Bulk SKU 4271,Tiles & Flooring,pcs,681,INR,Tata,10k catalog row 4271
LRG-04272,Bulk SKU 4272,Electrical Supplies,pcs,682,INR,Kajaria,10k catalog row 4272
LRG-04273,Bulk SKU 4273,Plumbing & HVAC,pcs,683,INR,Havells,10k catalog row 4273
LRG-04274,Bulk SKU 4274,Paint & Finishes,pcs,684,INR,Jaquar,10k catalog row 4274
LRG-04275,Bulk SKU 4275,Building Materials,pcs,685,INR,Asian Paints,10k catalog row 4275
LRG-04276,Bulk SKU 4276,Lighting & Fixtures,pcs,686,INR,Bosch,10k catalog row 4276
LRG-04277,Bulk SKU 4277,Timber & Wood,pcs,687,INR,3M,10k catalog row 4277
LRG-04278,Bulk SKU 4278,Glass & Aluminium,pcs,688,INR,Jindal,10k catalog row 4278
LRG-04279,Bulk SKU 4279,Sanitary Ware,pcs,689,INR,Saint-Gobain,10k catalog row 4279
LRG-04280,Bulk SKU 4280,Steel & Metal,pcs,690,INR,UltraTech,10k catalog row 4280
LRG-04281,Bulk SKU 4281,Tiles & Flooring,pcs,691,INR,Tata,10k catalog row 4281
LRG-04282,Bulk SKU 4282,Electrical Supplies,pcs,692,INR,Kajaria,10k catalog row 4282
LRG-04283,Bulk SKU 4283,Plumbing & HVAC,pcs,693,INR,Havells,10k catalog row 4283
LRG-04284,Bulk SKU 4284,Paint & Finishes,pcs,694,INR,Jaquar,10k catalog row 4284
LRG-04285,Bulk SKU 4285,Building Materials,pcs,695,INR,Asian Paints,10k catalog row 4285
LRG-04286,Bulk SKU 4286,Lighting & Fixtures,pcs,696,INR,Bosch,10k catalog row 4286
LRG-04287,Bulk SKU 4287,Timber & Wood,pcs,697,INR,3M,10k catalog row 4287
LRG-04288,Bulk SKU 4288,Glass & Aluminium,pcs,698,INR,Jindal,10k catalog row 4288
LRG-04289,Bulk SKU 4289,Sanitary Ware,pcs,699,INR,Saint-Gobain,10k catalog row 4289
LRG-04290,Bulk SKU 4290,Steel & Metal,pcs,700,INR,UltraTech,10k catalog row 4290
LRG-04291,Bulk SKU 4291,Tiles & Flooring,pcs,701,INR,Tata,10k catalog row 4291
LRG-04292,Bulk SKU 4292,Electrical Supplies,pcs,702,INR,Kajaria,10k catalog row 4292
LRG-04293,Bulk SKU 4293,Plumbing & HVAC,pcs,703,INR,Havells,10k catalog row 4293
LRG-04294,Bulk SKU 4294,Paint & Finishes,pcs,704,INR,Jaquar,10k catalog row 4294
LRG-04295,Bulk SKU 4295,Building Materials,pcs,705,INR,Asian Paints,10k catalog row 4295
LRG-04296,Bulk SKU 4296,Lighting & Fixtures,pcs,706,INR,Bosch,10k catalog row 4296
LRG-04297,Bulk SKU 4297,Timber & Wood,pcs,707,INR,3M,10k catalog row 4297
LRG-04298,Bulk SKU 4298,Glass & Aluminium,pcs,708,INR,Jindal,10k catalog row 4298
LRG-04299,Bulk SKU 4299,Sanitary Ware,pcs,709,INR,Saint-Gobain,10k catalog row 4299
LRG-04300,Bulk SKU 4300,Steel & Metal,pcs,710,INR,UltraTech,10k catalog row 4300
LRG-04301,Bulk SKU 4301,Tiles & Flooring,pcs,711,INR,Tata,10k catalog row 4301
LRG-04302,Bulk SKU 4302,Electrical Supplies,pcs,712,INR,Kajaria,10k catalog row 4302
LRG-04303,Bulk SKU 4303,Plumbing & HVAC,pcs,713,INR,Havells,10k catalog row 4303
LRG-04304,Bulk SKU 4304,Paint & Finishes,pcs,714,INR,Jaquar,10k catalog row 4304
LRG-04305,Bulk SKU 4305,Building Materials,pcs,715,INR,Asian Paints,10k catalog row 4305
LRG-04306,Bulk SKU 4306,Lighting & Fixtures,pcs,716,INR,Bosch,10k catalog row 4306
LRG-04307,Bulk SKU 4307,Timber & Wood,pcs,717,INR,3M,10k catalog row 4307
LRG-04308,Bulk SKU 4308,Glass & Aluminium,pcs,718,INR,Jindal,10k catalog row 4308
LRG-04309,Bulk SKU 4309,Sanitary Ware,pcs,719,INR,Saint-Gobain,10k catalog row 4309
LRG-04310,Bulk SKU 4310,Steel & Metal,pcs,720,INR,UltraTech,10k catalog row 4310
LRG-04311,Bulk SKU 4311,Tiles & Flooring,pcs,721,INR,Tata,10k catalog row 4311
LRG-04312,Bulk SKU 4312,Electrical Supplies,pcs,722,INR,Kajaria,10k catalog row 4312
LRG-04313,Bulk SKU 4313,Plumbing & HVAC,pcs,723,INR,Havells,10k catalog row 4313
LRG-04314,Bulk SKU 4314,Paint & Finishes,pcs,724,INR,Jaquar,10k catalog row 4314
LRG-04315,Bulk SKU 4315,Building Materials,pcs,725,INR,Asian Paints,10k catalog row 4315
LRG-04316,Bulk SKU 4316,Lighting & Fixtures,pcs,726,INR,Bosch,10k catalog row 4316
LRG-04317,Bulk SKU 4317,Timber & Wood,pcs,727,INR,3M,10k catalog row 4317
LRG-04318,Bulk SKU 4318,Glass & Aluminium,pcs,728,INR,Jindal,10k catalog row 4318
LRG-04319,Bulk SKU 4319,Sanitary Ware,pcs,729,INR,Saint-Gobain,10k catalog row 4319
LRG-04320,Bulk SKU 4320,Steel & Metal,pcs,730,INR,UltraTech,10k catalog row 4320
LRG-04321,Bulk SKU 4321,Tiles & Flooring,pcs,731,INR,Tata,10k catalog row 4321
LRG-04322,Bulk SKU 4322,Electrical Supplies,pcs,732,INR,Kajaria,10k catalog row 4322
LRG-04323,Bulk SKU 4323,Plumbing & HVAC,pcs,733,INR,Havells,10k catalog row 4323
LRG-04324,Bulk SKU 4324,Paint & Finishes,pcs,734,INR,Jaquar,10k catalog row 4324
LRG-04325,Bulk SKU 4325,Building Materials,pcs,735,INR,Asian Paints,10k catalog row 4325
LRG-04326,Bulk SKU 4326,Lighting & Fixtures,pcs,736,INR,Bosch,10k catalog row 4326
LRG-04327,Bulk SKU 4327,Timber & Wood,pcs,737,INR,3M,10k catalog row 4327
LRG-04328,Bulk SKU 4328,Glass & Aluminium,pcs,738,INR,Jindal,10k catalog row 4328
LRG-04329,Bulk SKU 4329,Sanitary Ware,pcs,739,INR,Saint-Gobain,10k catalog row 4329
LRG-04330,Bulk SKU 4330,Steel & Metal,pcs,740,INR,UltraTech,10k catalog row 4330
LRG-04331,Bulk SKU 4331,Tiles & Flooring,pcs,741,INR,Tata,10k catalog row 4331
LRG-04332,Bulk SKU 4332,Electrical Supplies,pcs,742,INR,Kajaria,10k catalog row 4332
LRG-04333,Bulk SKU 4333,Plumbing & HVAC,pcs,743,INR,Havells,10k catalog row 4333
LRG-04334,Bulk SKU 4334,Paint & Finishes,pcs,744,INR,Jaquar,10k catalog row 4334
LRG-04335,Bulk SKU 4335,Building Materials,pcs,745,INR,Asian Paints,10k catalog row 4335
LRG-04336,Bulk SKU 4336,Lighting & Fixtures,pcs,746,INR,Bosch,10k catalog row 4336
LRG-04337,Bulk SKU 4337,Timber & Wood,pcs,747,INR,3M,10k catalog row 4337
LRG-04338,Bulk SKU 4338,Glass & Aluminium,pcs,748,INR,Jindal,10k catalog row 4338
LRG-04339,Bulk SKU 4339,Sanitary Ware,pcs,749,INR,Saint-Gobain,10k catalog row 4339
LRG-04340,Bulk SKU 4340,Steel & Metal,pcs,750,INR,UltraTech,10k catalog row 4340
LRG-04341,Bulk SKU 4341,Tiles & Flooring,pcs,751,INR,Tata,10k catalog row 4341
LRG-04342,Bulk SKU 4342,Electrical Supplies,pcs,752,INR,Kajaria,10k catalog row 4342
LRG-04343,Bulk SKU 4343,Plumbing & HVAC,pcs,753,INR,Havells,10k catalog row 4343
LRG-04344,Bulk SKU 4344,Paint & Finishes,pcs,754,INR,Jaquar,10k catalog row 4344
LRG-04345,Bulk SKU 4345,Building Materials,pcs,755,INR,Asian Paints,10k catalog row 4345
LRG-04346,Bulk SKU 4346,Lighting & Fixtures,pcs,756,INR,Bosch,10k catalog row 4346
LRG-04347,Bulk SKU 4347,Timber & Wood,pcs,757,INR,3M,10k catalog row 4347
LRG-04348,Bulk SKU 4348,Glass & Aluminium,pcs,758,INR,Jindal,10k catalog row 4348
LRG-04349,Bulk SKU 4349,Sanitary Ware,pcs,759,INR,Saint-Gobain,10k catalog row 4349
LRG-04350,Bulk SKU 4350,Steel & Metal,pcs,760,INR,UltraTech,10k catalog row 4350
LRG-04351,Bulk SKU 4351,Tiles & Flooring,pcs,761,INR,Tata,10k catalog row 4351
LRG-04352,Bulk SKU 4352,Electrical Supplies,pcs,762,INR,Kajaria,10k catalog row 4352
LRG-04353,Bulk SKU 4353,Plumbing & HVAC,pcs,763,INR,Havells,10k catalog row 4353
LRG-04354,Bulk SKU 4354,Paint & Finishes,pcs,764,INR,Jaquar,10k catalog row 4354
LRG-04355,Bulk SKU 4355,Building Materials,pcs,765,INR,Asian Paints,10k catalog row 4355
LRG-04356,Bulk SKU 4356,Lighting & Fixtures,pcs,766,INR,Bosch,10k catalog row 4356
LRG-04357,Bulk SKU 4357,Timber & Wood,pcs,767,INR,3M,10k catalog row 4357
LRG-04358,Bulk SKU 4358,Glass & Aluminium,pcs,768,INR,Jindal,10k catalog row 4358
LRG-04359,Bulk SKU 4359,Sanitary Ware,pcs,769,INR,Saint-Gobain,10k catalog row 4359
LRG-04360,Bulk SKU 4360,Steel & Metal,pcs,770,INR,UltraTech,10k catalog row 4360
LRG-04361,Bulk SKU 4361,Tiles & Flooring,pcs,771,INR,Tata,10k catalog row 4361
LRG-04362,Bulk SKU 4362,Electrical Supplies,pcs,772,INR,Kajaria,10k catalog row 4362
LRG-04363,Bulk SKU 4363,Plumbing & HVAC,pcs,773,INR,Havells,10k catalog row 4363
LRG-04364,Bulk SKU 4364,Paint & Finishes,pcs,774,INR,Jaquar,10k catalog row 4364
LRG-04365,Bulk SKU 4365,Building Materials,pcs,775,INR,Asian Paints,10k catalog row 4365
LRG-04366,Bulk SKU 4366,Lighting & Fixtures,pcs,776,INR,Bosch,10k catalog row 4366
LRG-04367,Bulk SKU 4367,Timber & Wood,pcs,777,INR,3M,10k catalog row 4367
LRG-04368,Bulk SKU 4368,Glass & Aluminium,pcs,778,INR,Jindal,10k catalog row 4368
LRG-04369,Bulk SKU 4369,Sanitary Ware,pcs,779,INR,Saint-Gobain,10k catalog row 4369
LRG-04370,Bulk SKU 4370,Steel & Metal,pcs,780,INR,UltraTech,10k catalog row 4370
LRG-04371,Bulk SKU 4371,Tiles & Flooring,pcs,781,INR,Tata,10k catalog row 4371
LRG-04372,Bulk SKU 4372,Electrical Supplies,pcs,782,INR,Kajaria,10k catalog row 4372
LRG-04373,Bulk SKU 4373,Plumbing & HVAC,pcs,783,INR,Havells,10k catalog row 4373
LRG-04374,Bulk SKU 4374,Paint & Finishes,pcs,784,INR,Jaquar,10k catalog row 4374
LRG-04375,Bulk SKU 4375,Building Materials,pcs,785,INR,Asian Paints,10k catalog row 4375
LRG-04376,Bulk SKU 4376,Lighting & Fixtures,pcs,786,INR,Bosch,10k catalog row 4376
LRG-04377,Bulk SKU 4377,Timber & Wood,pcs,787,INR,3M,10k catalog row 4377
LRG-04378,Bulk SKU 4378,Glass & Aluminium,pcs,788,INR,Jindal,10k catalog row 4378
LRG-04379,Bulk SKU 4379,Sanitary Ware,pcs,789,INR,Saint-Gobain,10k catalog row 4379
LRG-04380,Bulk SKU 4380,Steel & Metal,pcs,790,INR,UltraTech,10k catalog row 4380
LRG-04381,Bulk SKU 4381,Tiles & Flooring,pcs,791,INR,Tata,10k catalog row 4381
LRG-04382,Bulk SKU 4382,Electrical Supplies,pcs,792,INR,Kajaria,10k catalog row 4382
LRG-04383,Bulk SKU 4383,Plumbing & HVAC,pcs,793,INR,Havells,10k catalog row 4383
LRG-04384,Bulk SKU 4384,Paint & Finishes,pcs,794,INR,Jaquar,10k catalog row 4384
LRG-04385,Bulk SKU 4385,Building Materials,pcs,795,INR,Asian Paints,10k catalog row 4385
LRG-04386,Bulk SKU 4386,Lighting & Fixtures,pcs,796,INR,Bosch,10k catalog row 4386
LRG-04387,Bulk SKU 4387,Timber & Wood,pcs,797,INR,3M,10k catalog row 4387
LRG-04388,Bulk SKU 4388,Glass & Aluminium,pcs,798,INR,Jindal,10k catalog row 4388
LRG-04389,Bulk SKU 4389,Sanitary Ware,pcs,799,INR,Saint-Gobain,10k catalog row 4389
LRG-04390,Bulk SKU 4390,Steel & Metal,pcs,800,INR,UltraTech,10k catalog row 4390
LRG-04391,Bulk SKU 4391,Tiles & Flooring,pcs,801,INR,Tata,10k catalog row 4391
LRG-04392,Bulk SKU 4392,Electrical Supplies,pcs,802,INR,Kajaria,10k catalog row 4392
LRG-04393,Bulk SKU 4393,Plumbing & HVAC,pcs,803,INR,Havells,10k catalog row 4393
LRG-04394,Bulk SKU 4394,Paint & Finishes,pcs,804,INR,Jaquar,10k catalog row 4394
LRG-04395,Bulk SKU 4395,Building Materials,pcs,805,INR,Asian Paints,10k catalog row 4395
LRG-04396,Bulk SKU 4396,Lighting & Fixtures,pcs,806,INR,Bosch,10k catalog row 4396
LRG-04397,Bulk SKU 4397,Timber & Wood,pcs,807,INR,3M,10k catalog row 4397
LRG-04398,Bulk SKU 4398,Glass & Aluminium,pcs,808,INR,Jindal,10k catalog row 4398
LRG-04399,Bulk SKU 4399,Sanitary Ware,pcs,809,INR,Saint-Gobain,10k catalog row 4399
LRG-04400,Bulk SKU 4400,Steel & Metal,pcs,810,INR,UltraTech,10k catalog row 4400
LRG-04401,Bulk SKU 4401,Tiles & Flooring,pcs,811,INR,Tata,10k catalog row 4401
LRG-04402,Bulk SKU 4402,Electrical Supplies,pcs,812,INR,Kajaria,10k catalog row 4402
LRG-04403,Bulk SKU 4403,Plumbing & HVAC,pcs,813,INR,Havells,10k catalog row 4403
LRG-04404,Bulk SKU 4404,Paint & Finishes,pcs,814,INR,Jaquar,10k catalog row 4404
LRG-04405,Bulk SKU 4405,Building Materials,pcs,815,INR,Asian Paints,10k catalog row 4405
LRG-04406,Bulk SKU 4406,Lighting & Fixtures,pcs,816,INR,Bosch,10k catalog row 4406
LRG-04407,Bulk SKU 4407,Timber & Wood,pcs,817,INR,3M,10k catalog row 4407
LRG-04408,Bulk SKU 4408,Glass & Aluminium,pcs,818,INR,Jindal,10k catalog row 4408
LRG-04409,Bulk SKU 4409,Sanitary Ware,pcs,819,INR,Saint-Gobain,10k catalog row 4409
LRG-04410,Bulk SKU 4410,Steel & Metal,pcs,820,INR,UltraTech,10k catalog row 4410
LRG-04411,Bulk SKU 4411,Tiles & Flooring,pcs,821,INR,Tata,10k catalog row 4411
LRG-04412,Bulk SKU 4412,Electrical Supplies,pcs,822,INR,Kajaria,10k catalog row 4412
LRG-04413,Bulk SKU 4413,Plumbing & HVAC,pcs,823,INR,Havells,10k catalog row 4413
LRG-04414,Bulk SKU 4414,Paint & Finishes,pcs,824,INR,Jaquar,10k catalog row 4414
LRG-04415,Bulk SKU 4415,Building Materials,pcs,825,INR,Asian Paints,10k catalog row 4415
LRG-04416,Bulk SKU 4416,Lighting & Fixtures,pcs,826,INR,Bosch,10k catalog row 4416
LRG-04417,Bulk SKU 4417,Timber & Wood,pcs,827,INR,3M,10k catalog row 4417
LRG-04418,Bulk SKU 4418,Glass & Aluminium,pcs,828,INR,Jindal,10k catalog row 4418
LRG-04419,Bulk SKU 4419,Sanitary Ware,pcs,829,INR,Saint-Gobain,10k catalog row 4419
LRG-04420,Bulk SKU 4420,Steel & Metal,pcs,830,INR,UltraTech,10k catalog row 4420
LRG-04421,Bulk SKU 4421,Tiles & Flooring,pcs,831,INR,Tata,10k catalog row 4421
LRG-04422,Bulk SKU 4422,Electrical Supplies,pcs,832,INR,Kajaria,10k catalog row 4422
LRG-04423,Bulk SKU 4423,Plumbing & HVAC,pcs,833,INR,Havells,10k catalog row 4423
LRG-04424,Bulk SKU 4424,Paint & Finishes,pcs,834,INR,Jaquar,10k catalog row 4424
LRG-04425,Bulk SKU 4425,Building Materials,pcs,835,INR,Asian Paints,10k catalog row 4425
LRG-04426,Bulk SKU 4426,Lighting & Fixtures,pcs,836,INR,Bosch,10k catalog row 4426
LRG-04427,Bulk SKU 4427,Timber & Wood,pcs,837,INR,3M,10k catalog row 4427
LRG-04428,Bulk SKU 4428,Glass & Aluminium,pcs,838,INR,Jindal,10k catalog row 4428
LRG-04429,Bulk SKU 4429,Sanitary Ware,pcs,839,INR,Saint-Gobain,10k catalog row 4429
LRG-04430,Bulk SKU 4430,Steel & Metal,pcs,840,INR,UltraTech,10k catalog row 4430
LRG-04431,Bulk SKU 4431,Tiles & Flooring,pcs,841,INR,Tata,10k catalog row 4431
LRG-04432,Bulk SKU 4432,Electrical Supplies,pcs,842,INR,Kajaria,10k catalog row 4432
LRG-04433,Bulk SKU 4433,Plumbing & HVAC,pcs,843,INR,Havells,10k catalog row 4433
LRG-04434,Bulk SKU 4434,Paint & Finishes,pcs,844,INR,Jaquar,10k catalog row 4434
LRG-04435,Bulk SKU 4435,Building Materials,pcs,845,INR,Asian Paints,10k catalog row 4435
LRG-04436,Bulk SKU 4436,Lighting & Fixtures,pcs,846,INR,Bosch,10k catalog row 4436
LRG-04437,Bulk SKU 4437,Timber & Wood,pcs,847,INR,3M,10k catalog row 4437
LRG-04438,Bulk SKU 4438,Glass & Aluminium,pcs,848,INR,Jindal,10k catalog row 4438
LRG-04439,Bulk SKU 4439,Sanitary Ware,pcs,849,INR,Saint-Gobain,10k catalog row 4439
LRG-04440,Bulk SKU 4440,Steel & Metal,pcs,850,INR,UltraTech,10k catalog row 4440
LRG-04441,Bulk SKU 4441,Tiles & Flooring,pcs,851,INR,Tata,10k catalog row 4441
LRG-04442,Bulk SKU 4442,Electrical Supplies,pcs,852,INR,Kajaria,10k catalog row 4442
LRG-04443,Bulk SKU 4443,Plumbing & HVAC,pcs,853,INR,Havells,10k catalog row 4443
LRG-04444,Bulk SKU 4444,Paint & Finishes,pcs,854,INR,Jaquar,10k catalog row 4444
LRG-04445,Bulk SKU 4445,Building Materials,pcs,855,INR,Asian Paints,10k catalog row 4445
LRG-04446,Bulk SKU 4446,Lighting & Fixtures,pcs,856,INR,Bosch,10k catalog row 4446
LRG-04447,Bulk SKU 4447,Timber & Wood,pcs,857,INR,3M,10k catalog row 4447
LRG-04448,Bulk SKU 4448,Glass & Aluminium,pcs,858,INR,Jindal,10k catalog row 4448
LRG-04449,Bulk SKU 4449,Sanitary Ware,pcs,859,INR,Saint-Gobain,10k catalog row 4449
LRG-04450,Bulk SKU 4450,Steel & Metal,pcs,860,INR,UltraTech,10k catalog row 4450
LRG-04451,Bulk SKU 4451,Tiles & Flooring,pcs,861,INR,Tata,10k catalog row 4451
LRG-04452,Bulk SKU 4452,Electrical Supplies,pcs,862,INR,Kajaria,10k catalog row 4452
LRG-04453,Bulk SKU 4453,Plumbing & HVAC,pcs,863,INR,Havells,10k catalog row 4453
LRG-04454,Bulk SKU 4454,Paint & Finishes,pcs,864,INR,Jaquar,10k catalog row 4454
LRG-04455,Bulk SKU 4455,Building Materials,pcs,865,INR,Asian Paints,10k catalog row 4455
LRG-04456,Bulk SKU 4456,Lighting & Fixtures,pcs,866,INR,Bosch,10k catalog row 4456
LRG-04457,Bulk SKU 4457,Timber & Wood,pcs,867,INR,3M,10k catalog row 4457
LRG-04458,Bulk SKU 4458,Glass & Aluminium,pcs,868,INR,Jindal,10k catalog row 4458
LRG-04459,Bulk SKU 4459,Sanitary Ware,pcs,869,INR,Saint-Gobain,10k catalog row 4459
LRG-04460,Bulk SKU 4460,Steel & Metal,pcs,870,INR,UltraTech,10k catalog row 4460
LRG-04461,Bulk SKU 4461,Tiles & Flooring,pcs,871,INR,Tata,10k catalog row 4461
LRG-04462,Bulk SKU 4462,Electrical Supplies,pcs,872,INR,Kajaria,10k catalog row 4462
LRG-04463,Bulk SKU 4463,Plumbing & HVAC,pcs,873,INR,Havells,10k catalog row 4463
LRG-04464,Bulk SKU 4464,Paint & Finishes,pcs,874,INR,Jaquar,10k catalog row 4464
LRG-04465,Bulk SKU 4465,Building Materials,pcs,875,INR,Asian Paints,10k catalog row 4465
LRG-04466,Bulk SKU 4466,Lighting & Fixtures,pcs,876,INR,Bosch,10k catalog row 4466
LRG-04467,Bulk SKU 4467,Timber & Wood,pcs,877,INR,3M,10k catalog row 4467
LRG-04468,Bulk SKU 4468,Glass & Aluminium,pcs,878,INR,Jindal,10k catalog row 4468
LRG-04469,Bulk SKU 4469,Sanitary Ware,pcs,879,INR,Saint-Gobain,10k catalog row 4469
LRG-04470,Bulk SKU 4470,Steel & Metal,pcs,880,INR,UltraTech,10k catalog row 4470
LRG-04471,Bulk SKU 4471,Tiles & Flooring,pcs,881,INR,Tata,10k catalog row 4471
LRG-04472,Bulk SKU 4472,Electrical Supplies,pcs,882,INR,Kajaria,10k catalog row 4472
LRG-04473,Bulk SKU 4473,Plumbing & HVAC,pcs,883,INR,Havells,10k catalog row 4473
LRG-04474,Bulk SKU 4474,Paint & Finishes,pcs,884,INR,Jaquar,10k catalog row 4474
LRG-04475,Bulk SKU 4475,Building Materials,pcs,885,INR,Asian Paints,10k catalog row 4475
LRG-04476,Bulk SKU 4476,Lighting & Fixtures,pcs,886,INR,Bosch,10k catalog row 4476
LRG-04477,Bulk SKU 4477,Timber & Wood,pcs,887,INR,3M,10k catalog row 4477
LRG-04478,Bulk SKU 4478,Glass & Aluminium,pcs,888,INR,Jindal,10k catalog row 4478
LRG-04479,Bulk SKU 4479,Sanitary Ware,pcs,889,INR,Saint-Gobain,10k catalog row 4479
LRG-04480,Bulk SKU 4480,Steel & Metal,pcs,890,INR,UltraTech,10k catalog row 4480
LRG-04481,Bulk SKU 4481,Tiles & Flooring,pcs,891,INR,Tata,10k catalog row 4481
LRG-04482,Bulk SKU 4482,Electrical Supplies,pcs,892,INR,Kajaria,10k catalog row 4482
LRG-04483,Bulk SKU 4483,Plumbing & HVAC,pcs,893,INR,Havells,10k catalog row 4483
LRG-04484,Bulk SKU 4484,Paint & Finishes,pcs,894,INR,Jaquar,10k catalog row 4484
LRG-04485,Bulk SKU 4485,Building Materials,pcs,895,INR,Asian Paints,10k catalog row 4485
LRG-04486,Bulk SKU 4486,Lighting & Fixtures,pcs,896,INR,Bosch,10k catalog row 4486
LRG-04487,Bulk SKU 4487,Timber & Wood,pcs,897,INR,3M,10k catalog row 4487
LRG-04488,Bulk SKU 4488,Glass & Aluminium,pcs,898,INR,Jindal,10k catalog row 4488
LRG-04489,Bulk SKU 4489,Sanitary Ware,pcs,899,INR,Saint-Gobain,10k catalog row 4489
LRG-04490,Bulk SKU 4490,Steel & Metal,pcs,900,INR,UltraTech,10k catalog row 4490
LRG-04491,Bulk SKU 4491,Tiles & Flooring,pcs,901,INR,Tata,10k catalog row 4491
LRG-04492,Bulk SKU 4492,Electrical Supplies,pcs,902,INR,Kajaria,10k catalog row 4492
LRG-04493,Bulk SKU 4493,Plumbing & HVAC,pcs,903,INR,Havells,10k catalog row 4493
LRG-04494,Bulk SKU 4494,Paint & Finishes,pcs,904,INR,Jaquar,10k catalog row 4494
LRG-04495,Bulk SKU 4495,Building Materials,pcs,905,INR,Asian Paints,10k catalog row 4495
LRG-04496,Bulk SKU 4496,Lighting & Fixtures,pcs,906,INR,Bosch,10k catalog row 4496
LRG-04497,Bulk SKU 4497,Timber & Wood,pcs,907,INR,3M,10k catalog row 4497
LRG-04498,Bulk SKU 4498,Glass & Aluminium,pcs,908,INR,Jindal,10k catalog row 4498
LRG-04499,Bulk SKU 4499,Sanitary Ware,pcs,909,INR,Saint-Gobain,10k catalog row 4499
LRG-04500,Bulk SKU 4500,Steel & Metal,pcs,10,INR,UltraTech,10k catalog row 4500
LRG-04501,Bulk SKU 4501,Tiles & Flooring,pcs,11,INR,Tata,10k catalog row 4501
LRG-04502,Bulk SKU 4502,Electrical Supplies,pcs,12,INR,Kajaria,10k catalog row 4502
LRG-04503,Bulk SKU 4503,Plumbing & HVAC,pcs,13,INR,Havells,10k catalog row 4503
LRG-04504,Bulk SKU 4504,Paint & Finishes,pcs,14,INR,Jaquar,10k catalog row 4504
LRG-04505,Bulk SKU 4505,Building Materials,pcs,15,INR,Asian Paints,10k catalog row 4505
LRG-04506,Bulk SKU 4506,Lighting & Fixtures,pcs,16,INR,Bosch,10k catalog row 4506
LRG-04507,Bulk SKU 4507,Timber & Wood,pcs,17,INR,3M,10k catalog row 4507
LRG-04508,Bulk SKU 4508,Glass & Aluminium,pcs,18,INR,Jindal,10k catalog row 4508
LRG-04509,Bulk SKU 4509,Sanitary Ware,pcs,19,INR,Saint-Gobain,10k catalog row 4509
LRG-04510,Bulk SKU 4510,Steel & Metal,pcs,20,INR,UltraTech,10k catalog row 4510
LRG-04511,Bulk SKU 4511,Tiles & Flooring,pcs,21,INR,Tata,10k catalog row 4511
LRG-04512,Bulk SKU 4512,Electrical Supplies,pcs,22,INR,Kajaria,10k catalog row 4512
LRG-04513,Bulk SKU 4513,Plumbing & HVAC,pcs,23,INR,Havells,10k catalog row 4513
LRG-04514,Bulk SKU 4514,Paint & Finishes,pcs,24,INR,Jaquar,10k catalog row 4514
LRG-04515,Bulk SKU 4515,Building Materials,pcs,25,INR,Asian Paints,10k catalog row 4515
LRG-04516,Bulk SKU 4516,Lighting & Fixtures,pcs,26,INR,Bosch,10k catalog row 4516
LRG-04517,Bulk SKU 4517,Timber & Wood,pcs,27,INR,3M,10k catalog row 4517
LRG-04518,Bulk SKU 4518,Glass & Aluminium,pcs,28,INR,Jindal,10k catalog row 4518
LRG-04519,Bulk SKU 4519,Sanitary Ware,pcs,29,INR,Saint-Gobain,10k catalog row 4519
LRG-04520,Bulk SKU 4520,Steel & Metal,pcs,30,INR,UltraTech,10k catalog row 4520
LRG-04521,Bulk SKU 4521,Tiles & Flooring,pcs,31,INR,Tata,10k catalog row 4521
LRG-04522,Bulk SKU 4522,Electrical Supplies,pcs,32,INR,Kajaria,10k catalog row 4522
LRG-04523,Bulk SKU 4523,Plumbing & HVAC,pcs,33,INR,Havells,10k catalog row 4523
LRG-04524,Bulk SKU 4524,Paint & Finishes,pcs,34,INR,Jaquar,10k catalog row 4524
LRG-04525,Bulk SKU 4525,Building Materials,pcs,35,INR,Asian Paints,10k catalog row 4525
LRG-04526,Bulk SKU 4526,Lighting & Fixtures,pcs,36,INR,Bosch,10k catalog row 4526
LRG-04527,Bulk SKU 4527,Timber & Wood,pcs,37,INR,3M,10k catalog row 4527
LRG-04528,Bulk SKU 4528,Glass & Aluminium,pcs,38,INR,Jindal,10k catalog row 4528
LRG-04529,Bulk SKU 4529,Sanitary Ware,pcs,39,INR,Saint-Gobain,10k catalog row 4529
LRG-04530,Bulk SKU 4530,Steel & Metal,pcs,40,INR,UltraTech,10k catalog row 4530
LRG-04531,Bulk SKU 4531,Tiles & Flooring,pcs,41,INR,Tata,10k catalog row 4531
LRG-04532,Bulk SKU 4532,Electrical Supplies,pcs,42,INR,Kajaria,10k catalog row 4532
LRG-04533,Bulk SKU 4533,Plumbing & HVAC,pcs,43,INR,Havells,10k catalog row 4533
LRG-04534,Bulk SKU 4534,Paint & Finishes,pcs,44,INR,Jaquar,10k catalog row 4534
LRG-04535,Bulk SKU 4535,Building Materials,pcs,45,INR,Asian Paints,10k catalog row 4535
LRG-04536,Bulk SKU 4536,Lighting & Fixtures,pcs,46,INR,Bosch,10k catalog row 4536
LRG-04537,Bulk SKU 4537,Timber & Wood,pcs,47,INR,3M,10k catalog row 4537
LRG-04538,Bulk SKU 4538,Glass & Aluminium,pcs,48,INR,Jindal,10k catalog row 4538
LRG-04539,Bulk SKU 4539,Sanitary Ware,pcs,49,INR,Saint-Gobain,10k catalog row 4539
LRG-04540,Bulk SKU 4540,Steel & Metal,pcs,50,INR,UltraTech,10k catalog row 4540
LRG-04541,Bulk SKU 4541,Tiles & Flooring,pcs,51,INR,Tata,10k catalog row 4541
LRG-04542,Bulk SKU 4542,Electrical Supplies,pcs,52,INR,Kajaria,10k catalog row 4542
LRG-04543,Bulk SKU 4543,Plumbing & HVAC,pcs,53,INR,Havells,10k catalog row 4543
LRG-04544,Bulk SKU 4544,Paint & Finishes,pcs,54,INR,Jaquar,10k catalog row 4544
LRG-04545,Bulk SKU 4545,Building Materials,pcs,55,INR,Asian Paints,10k catalog row 4545
LRG-04546,Bulk SKU 4546,Lighting & Fixtures,pcs,56,INR,Bosch,10k catalog row 4546
LRG-04547,Bulk SKU 4547,Timber & Wood,pcs,57,INR,3M,10k catalog row 4547
LRG-04548,Bulk SKU 4548,Glass & Aluminium,pcs,58,INR,Jindal,10k catalog row 4548
LRG-04549,Bulk SKU 4549,Sanitary Ware,pcs,59,INR,Saint-Gobain,10k catalog row 4549
LRG-04550,Bulk SKU 4550,Steel & Metal,pcs,60,INR,UltraTech,10k catalog row 4550
LRG-04551,Bulk SKU 4551,Tiles & Flooring,pcs,61,INR,Tata,10k catalog row 4551
LRG-04552,Bulk SKU 4552,Electrical Supplies,pcs,62,INR,Kajaria,10k catalog row 4552
LRG-04553,Bulk SKU 4553,Plumbing & HVAC,pcs,63,INR,Havells,10k catalog row 4553
LRG-04554,Bulk SKU 4554,Paint & Finishes,pcs,64,INR,Jaquar,10k catalog row 4554
LRG-04555,Bulk SKU 4555,Building Materials,pcs,65,INR,Asian Paints,10k catalog row 4555
LRG-04556,Bulk SKU 4556,Lighting & Fixtures,pcs,66,INR,Bosch,10k catalog row 4556
LRG-04557,Bulk SKU 4557,Timber & Wood,pcs,67,INR,3M,10k catalog row 4557
LRG-04558,Bulk SKU 4558,Glass & Aluminium,pcs,68,INR,Jindal,10k catalog row 4558
LRG-04559,Bulk SKU 4559,Sanitary Ware,pcs,69,INR,Saint-Gobain,10k catalog row 4559
LRG-04560,Bulk SKU 4560,Steel & Metal,pcs,70,INR,UltraTech,10k catalog row 4560
LRG-04561,Bulk SKU 4561,Tiles & Flooring,pcs,71,INR,Tata,10k catalog row 4561
LRG-04562,Bulk SKU 4562,Electrical Supplies,pcs,72,INR,Kajaria,10k catalog row 4562
LRG-04563,Bulk SKU 4563,Plumbing & HVAC,pcs,73,INR,Havells,10k catalog row 4563
LRG-04564,Bulk SKU 4564,Paint & Finishes,pcs,74,INR,Jaquar,10k catalog row 4564
LRG-04565,Bulk SKU 4565,Building Materials,pcs,75,INR,Asian Paints,10k catalog row 4565
LRG-04566,Bulk SKU 4566,Lighting & Fixtures,pcs,76,INR,Bosch,10k catalog row 4566
LRG-04567,Bulk SKU 4567,Timber & Wood,pcs,77,INR,3M,10k catalog row 4567
LRG-04568,Bulk SKU 4568,Glass & Aluminium,pcs,78,INR,Jindal,10k catalog row 4568
LRG-04569,Bulk SKU 4569,Sanitary Ware,pcs,79,INR,Saint-Gobain,10k catalog row 4569
LRG-04570,Bulk SKU 4570,Steel & Metal,pcs,80,INR,UltraTech,10k catalog row 4570
LRG-04571,Bulk SKU 4571,Tiles & Flooring,pcs,81,INR,Tata,10k catalog row 4571
LRG-04572,Bulk SKU 4572,Electrical Supplies,pcs,82,INR,Kajaria,10k catalog row 4572
LRG-04573,Bulk SKU 4573,Plumbing & HVAC,pcs,83,INR,Havells,10k catalog row 4573
LRG-04574,Bulk SKU 4574,Paint & Finishes,pcs,84,INR,Jaquar,10k catalog row 4574
LRG-04575,Bulk SKU 4575,Building Materials,pcs,85,INR,Asian Paints,10k catalog row 4575
LRG-04576,Bulk SKU 4576,Lighting & Fixtures,pcs,86,INR,Bosch,10k catalog row 4576
LRG-04577,Bulk SKU 4577,Timber & Wood,pcs,87,INR,3M,10k catalog row 4577
LRG-04578,Bulk SKU 4578,Glass & Aluminium,pcs,88,INR,Jindal,10k catalog row 4578
LRG-04579,Bulk SKU 4579,Sanitary Ware,pcs,89,INR,Saint-Gobain,10k catalog row 4579
LRG-04580,Bulk SKU 4580,Steel & Metal,pcs,90,INR,UltraTech,10k catalog row 4580
LRG-04581,Bulk SKU 4581,Tiles & Flooring,pcs,91,INR,Tata,10k catalog row 4581
LRG-04582,Bulk SKU 4582,Electrical Supplies,pcs,92,INR,Kajaria,10k catalog row 4582
LRG-04583,Bulk SKU 4583,Plumbing & HVAC,pcs,93,INR,Havells,10k catalog row 4583
LRG-04584,Bulk SKU 4584,Paint & Finishes,pcs,94,INR,Jaquar,10k catalog row 4584
LRG-04585,Bulk SKU 4585,Building Materials,pcs,95,INR,Asian Paints,10k catalog row 4585
LRG-04586,Bulk SKU 4586,Lighting & Fixtures,pcs,96,INR,Bosch,10k catalog row 4586
LRG-04587,Bulk SKU 4587,Timber & Wood,pcs,97,INR,3M,10k catalog row 4587
LRG-04588,Bulk SKU 4588,Glass & Aluminium,pcs,98,INR,Jindal,10k catalog row 4588
LRG-04589,Bulk SKU 4589,Sanitary Ware,pcs,99,INR,Saint-Gobain,10k catalog row 4589
LRG-04590,Bulk SKU 4590,Steel & Metal,pcs,100,INR,UltraTech,10k catalog row 4590
LRG-04591,Bulk SKU 4591,Tiles & Flooring,pcs,101,INR,Tata,10k catalog row 4591
LRG-04592,Bulk SKU 4592,Electrical Supplies,pcs,102,INR,Kajaria,10k catalog row 4592
LRG-04593,Bulk SKU 4593,Plumbing & HVAC,pcs,103,INR,Havells,10k catalog row 4593
LRG-04594,Bulk SKU 4594,Paint & Finishes,pcs,104,INR,Jaquar,10k catalog row 4594
LRG-04595,Bulk SKU 4595,Building Materials,pcs,105,INR,Asian Paints,10k catalog row 4595
LRG-04596,Bulk SKU 4596,Lighting & Fixtures,pcs,106,INR,Bosch,10k catalog row 4596
LRG-04597,Bulk SKU 4597,Timber & Wood,pcs,107,INR,3M,10k catalog row 4597
LRG-04598,Bulk SKU 4598,Glass & Aluminium,pcs,108,INR,Jindal,10k catalog row 4598
LRG-04599,Bulk SKU 4599,Sanitary Ware,pcs,109,INR,Saint-Gobain,10k catalog row 4599
LRG-04600,Bulk SKU 4600,Steel & Metal,pcs,110,INR,UltraTech,10k catalog row 4600
LRG-04601,Bulk SKU 4601,Tiles & Flooring,pcs,111,INR,Tata,10k catalog row 4601
LRG-04602,Bulk SKU 4602,Electrical Supplies,pcs,112,INR,Kajaria,10k catalog row 4602
LRG-04603,Bulk SKU 4603,Plumbing & HVAC,pcs,113,INR,Havells,10k catalog row 4603
LRG-04604,Bulk SKU 4604,Paint & Finishes,pcs,114,INR,Jaquar,10k catalog row 4604
LRG-04605,Bulk SKU 4605,Building Materials,pcs,115,INR,Asian Paints,10k catalog row 4605
LRG-04606,Bulk SKU 4606,Lighting & Fixtures,pcs,116,INR,Bosch,10k catalog row 4606
LRG-04607,Bulk SKU 4607,Timber & Wood,pcs,117,INR,3M,10k catalog row 4607
LRG-04608,Bulk SKU 4608,Glass & Aluminium,pcs,118,INR,Jindal,10k catalog row 4608
LRG-04609,Bulk SKU 4609,Sanitary Ware,pcs,119,INR,Saint-Gobain,10k catalog row 4609
LRG-04610,Bulk SKU 4610,Steel & Metal,pcs,120,INR,UltraTech,10k catalog row 4610
LRG-04611,Bulk SKU 4611,Tiles & Flooring,pcs,121,INR,Tata,10k catalog row 4611
LRG-04612,Bulk SKU 4612,Electrical Supplies,pcs,122,INR,Kajaria,10k catalog row 4612
LRG-04613,Bulk SKU 4613,Plumbing & HVAC,pcs,123,INR,Havells,10k catalog row 4613
LRG-04614,Bulk SKU 4614,Paint & Finishes,pcs,124,INR,Jaquar,10k catalog row 4614
LRG-04615,Bulk SKU 4615,Building Materials,pcs,125,INR,Asian Paints,10k catalog row 4615
LRG-04616,Bulk SKU 4616,Lighting & Fixtures,pcs,126,INR,Bosch,10k catalog row 4616
LRG-04617,Bulk SKU 4617,Timber & Wood,pcs,127,INR,3M,10k catalog row 4617
LRG-04618,Bulk SKU 4618,Glass & Aluminium,pcs,128,INR,Jindal,10k catalog row 4618
LRG-04619,Bulk SKU 4619,Sanitary Ware,pcs,129,INR,Saint-Gobain,10k catalog row 4619
LRG-04620,Bulk SKU 4620,Steel & Metal,pcs,130,INR,UltraTech,10k catalog row 4620
LRG-04621,Bulk SKU 4621,Tiles & Flooring,pcs,131,INR,Tata,10k catalog row 4621
LRG-04622,Bulk SKU 4622,Electrical Supplies,pcs,132,INR,Kajaria,10k catalog row 4622
LRG-04623,Bulk SKU 4623,Plumbing & HVAC,pcs,133,INR,Havells,10k catalog row 4623
LRG-04624,Bulk SKU 4624,Paint & Finishes,pcs,134,INR,Jaquar,10k catalog row 4624
LRG-04625,Bulk SKU 4625,Building Materials,pcs,135,INR,Asian Paints,10k catalog row 4625
LRG-04626,Bulk SKU 4626,Lighting & Fixtures,pcs,136,INR,Bosch,10k catalog row 4626
LRG-04627,Bulk SKU 4627,Timber & Wood,pcs,137,INR,3M,10k catalog row 4627
LRG-04628,Bulk SKU 4628,Glass & Aluminium,pcs,138,INR,Jindal,10k catalog row 4628
LRG-04629,Bulk SKU 4629,Sanitary Ware,pcs,139,INR,Saint-Gobain,10k catalog row 4629
LRG-04630,Bulk SKU 4630,Steel & Metal,pcs,140,INR,UltraTech,10k catalog row 4630
LRG-04631,Bulk SKU 4631,Tiles & Flooring,pcs,141,INR,Tata,10k catalog row 4631
LRG-04632,Bulk SKU 4632,Electrical Supplies,pcs,142,INR,Kajaria,10k catalog row 4632
LRG-04633,Bulk SKU 4633,Plumbing & HVAC,pcs,143,INR,Havells,10k catalog row 4633
LRG-04634,Bulk SKU 4634,Paint & Finishes,pcs,144,INR,Jaquar,10k catalog row 4634
LRG-04635,Bulk SKU 4635,Building Materials,pcs,145,INR,Asian Paints,10k catalog row 4635
LRG-04636,Bulk SKU 4636,Lighting & Fixtures,pcs,146,INR,Bosch,10k catalog row 4636
LRG-04637,Bulk SKU 4637,Timber & Wood,pcs,147,INR,3M,10k catalog row 4637
LRG-04638,Bulk SKU 4638,Glass & Aluminium,pcs,148,INR,Jindal,10k catalog row 4638
LRG-04639,Bulk SKU 4639,Sanitary Ware,pcs,149,INR,Saint-Gobain,10k catalog row 4639
LRG-04640,Bulk SKU 4640,Steel & Metal,pcs,150,INR,UltraTech,10k catalog row 4640
LRG-04641,Bulk SKU 4641,Tiles & Flooring,pcs,151,INR,Tata,10k catalog row 4641
LRG-04642,Bulk SKU 4642,Electrical Supplies,pcs,152,INR,Kajaria,10k catalog row 4642
LRG-04643,Bulk SKU 4643,Plumbing & HVAC,pcs,153,INR,Havells,10k catalog row 4643
LRG-04644,Bulk SKU 4644,Paint & Finishes,pcs,154,INR,Jaquar,10k catalog row 4644
LRG-04645,Bulk SKU 4645,Building Materials,pcs,155,INR,Asian Paints,10k catalog row 4645
LRG-04646,Bulk SKU 4646,Lighting & Fixtures,pcs,156,INR,Bosch,10k catalog row 4646
LRG-04647,Bulk SKU 4647,Timber & Wood,pcs,157,INR,3M,10k catalog row 4647
LRG-04648,Bulk SKU 4648,Glass & Aluminium,pcs,158,INR,Jindal,10k catalog row 4648
LRG-04649,Bulk SKU 4649,Sanitary Ware,pcs,159,INR,Saint-Gobain,10k catalog row 4649
LRG-04650,Bulk SKU 4650,Steel & Metal,pcs,160,INR,UltraTech,10k catalog row 4650
LRG-04651,Bulk SKU 4651,Tiles & Flooring,pcs,161,INR,Tata,10k catalog row 4651
LRG-04652,Bulk SKU 4652,Electrical Supplies,pcs,162,INR,Kajaria,10k catalog row 4652
LRG-04653,Bulk SKU 4653,Plumbing & HVAC,pcs,163,INR,Havells,10k catalog row 4653
LRG-04654,Bulk SKU 4654,Paint & Finishes,pcs,164,INR,Jaquar,10k catalog row 4654
LRG-04655,Bulk SKU 4655,Building Materials,pcs,165,INR,Asian Paints,10k catalog row 4655
LRG-04656,Bulk SKU 4656,Lighting & Fixtures,pcs,166,INR,Bosch,10k catalog row 4656
LRG-04657,Bulk SKU 4657,Timber & Wood,pcs,167,INR,3M,10k catalog row 4657
LRG-04658,Bulk SKU 4658,Glass & Aluminium,pcs,168,INR,Jindal,10k catalog row 4658
LRG-04659,Bulk SKU 4659,Sanitary Ware,pcs,169,INR,Saint-Gobain,10k catalog row 4659
LRG-04660,Bulk SKU 4660,Steel & Metal,pcs,170,INR,UltraTech,10k catalog row 4660
LRG-04661,Bulk SKU 4661,Tiles & Flooring,pcs,171,INR,Tata,10k catalog row 4661
LRG-04662,Bulk SKU 4662,Electrical Supplies,pcs,172,INR,Kajaria,10k catalog row 4662
LRG-04663,Bulk SKU 4663,Plumbing & HVAC,pcs,173,INR,Havells,10k catalog row 4663
LRG-04664,Bulk SKU 4664,Paint & Finishes,pcs,174,INR,Jaquar,10k catalog row 4664
LRG-04665,Bulk SKU 4665,Building Materials,pcs,175,INR,Asian Paints,10k catalog row 4665
LRG-04666,Bulk SKU 4666,Lighting & Fixtures,pcs,176,INR,Bosch,10k catalog row 4666
LRG-04667,Bulk SKU 4667,Timber & Wood,pcs,177,INR,3M,10k catalog row 4667
LRG-04668,Bulk SKU 4668,Glass & Aluminium,pcs,178,INR,Jindal,10k catalog row 4668
LRG-04669,Bulk SKU 4669,Sanitary Ware,pcs,179,INR,Saint-Gobain,10k catalog row 4669
LRG-04670,Bulk SKU 4670,Steel & Metal,pcs,180,INR,UltraTech,10k catalog row 4670
LRG-04671,Bulk SKU 4671,Tiles & Flooring,pcs,181,INR,Tata,10k catalog row 4671
LRG-04672,Bulk SKU 4672,Electrical Supplies,pcs,182,INR,Kajaria,10k catalog row 4672
LRG-04673,Bulk SKU 4673,Plumbing & HVAC,pcs,183,INR,Havells,10k catalog row 4673
LRG-04674,Bulk SKU 4674,Paint & Finishes,pcs,184,INR,Jaquar,10k catalog row 4674
LRG-04675,Bulk SKU 4675,Building Materials,pcs,185,INR,Asian Paints,10k catalog row 4675
LRG-04676,Bulk SKU 4676,Lighting & Fixtures,pcs,186,INR,Bosch,10k catalog row 4676
LRG-04677,Bulk SKU 4677,Timber & Wood,pcs,187,INR,3M,10k catalog row 4677
LRG-04678,Bulk SKU 4678,Glass & Aluminium,pcs,188,INR,Jindal,10k catalog row 4678
LRG-04679,Bulk SKU 4679,Sanitary Ware,pcs,189,INR,Saint-Gobain,10k catalog row 4679
LRG-04680,Bulk SKU 4680,Steel & Metal,pcs,190,INR,UltraTech,10k catalog row 4680
LRG-04681,Bulk SKU 4681,Tiles & Flooring,pcs,191,INR,Tata,10k catalog row 4681
LRG-04682,Bulk SKU 4682,Electrical Supplies,pcs,192,INR,Kajaria,10k catalog row 4682
LRG-04683,Bulk SKU 4683,Plumbing & HVAC,pcs,193,INR,Havells,10k catalog row 4683
LRG-04684,Bulk SKU 4684,Paint & Finishes,pcs,194,INR,Jaquar,10k catalog row 4684
LRG-04685,Bulk SKU 4685,Building Materials,pcs,195,INR,Asian Paints,10k catalog row 4685
LRG-04686,Bulk SKU 4686,Lighting & Fixtures,pcs,196,INR,Bosch,10k catalog row 4686
LRG-04687,Bulk SKU 4687,Timber & Wood,pcs,197,INR,3M,10k catalog row 4687
LRG-04688,Bulk SKU 4688,Glass & Aluminium,pcs,198,INR,Jindal,10k catalog row 4688
LRG-04689,Bulk SKU 4689,Sanitary Ware,pcs,199,INR,Saint-Gobain,10k catalog row 4689
LRG-04690,Bulk SKU 4690,Steel & Metal,pcs,200,INR,UltraTech,10k catalog row 4690
LRG-04691,Bulk SKU 4691,Tiles & Flooring,pcs,201,INR,Tata,10k catalog row 4691
LRG-04692,Bulk SKU 4692,Electrical Supplies,pcs,202,INR,Kajaria,10k catalog row 4692
LRG-04693,Bulk SKU 4693,Plumbing & HVAC,pcs,203,INR,Havells,10k catalog row 4693
LRG-04694,Bulk SKU 4694,Paint & Finishes,pcs,204,INR,Jaquar,10k catalog row 4694
LRG-04695,Bulk SKU 4695,Building Materials,pcs,205,INR,Asian Paints,10k catalog row 4695
LRG-04696,Bulk SKU 4696,Lighting & Fixtures,pcs,206,INR,Bosch,10k catalog row 4696
LRG-04697,Bulk SKU 4697,Timber & Wood,pcs,207,INR,3M,10k catalog row 4697
LRG-04698,Bulk SKU 4698,Glass & Aluminium,pcs,208,INR,Jindal,10k catalog row 4698
LRG-04699,Bulk SKU 4699,Sanitary Ware,pcs,209,INR,Saint-Gobain,10k catalog row 4699
LRG-04700,Bulk SKU 4700,Steel & Metal,pcs,210,INR,UltraTech,10k catalog row 4700
LRG-04701,Bulk SKU 4701,Tiles & Flooring,pcs,211,INR,Tata,10k catalog row 4701
LRG-04702,Bulk SKU 4702,Electrical Supplies,pcs,212,INR,Kajaria,10k catalog row 4702
LRG-04703,Bulk SKU 4703,Plumbing & HVAC,pcs,213,INR,Havells,10k catalog row 4703
LRG-04704,Bulk SKU 4704,Paint & Finishes,pcs,214,INR,Jaquar,10k catalog row 4704
LRG-04705,Bulk SKU 4705,Building Materials,pcs,215,INR,Asian Paints,10k catalog row 4705
LRG-04706,Bulk SKU 4706,Lighting & Fixtures,pcs,216,INR,Bosch,10k catalog row 4706
LRG-04707,Bulk SKU 4707,Timber & Wood,pcs,217,INR,3M,10k catalog row 4707
LRG-04708,Bulk SKU 4708,Glass & Aluminium,pcs,218,INR,Jindal,10k catalog row 4708
LRG-04709,Bulk SKU 4709,Sanitary Ware,pcs,219,INR,Saint-Gobain,10k catalog row 4709
LRG-04710,Bulk SKU 4710,Steel & Metal,pcs,220,INR,UltraTech,10k catalog row 4710
LRG-04711,Bulk SKU 4711,Tiles & Flooring,pcs,221,INR,Tata,10k catalog row 4711
LRG-04712,Bulk SKU 4712,Electrical Supplies,pcs,222,INR,Kajaria,10k catalog row 4712
LRG-04713,Bulk SKU 4713,Plumbing & HVAC,pcs,223,INR,Havells,10k catalog row 4713
LRG-04714,Bulk SKU 4714,Paint & Finishes,pcs,224,INR,Jaquar,10k catalog row 4714
LRG-04715,Bulk SKU 4715,Building Materials,pcs,225,INR,Asian Paints,10k catalog row 4715
LRG-04716,Bulk SKU 4716,Lighting & Fixtures,pcs,226,INR,Bosch,10k catalog row 4716
LRG-04717,Bulk SKU 4717,Timber & Wood,pcs,227,INR,3M,10k catalog row 4717
LRG-04718,Bulk SKU 4718,Glass & Aluminium,pcs,228,INR,Jindal,10k catalog row 4718
LRG-04719,Bulk SKU 4719,Sanitary Ware,pcs,229,INR,Saint-Gobain,10k catalog row 4719
LRG-04720,Bulk SKU 4720,Steel & Metal,pcs,230,INR,UltraTech,10k catalog row 4720
LRG-04721,Bulk SKU 4721,Tiles & Flooring,pcs,231,INR,Tata,10k catalog row 4721
LRG-04722,Bulk SKU 4722,Electrical Supplies,pcs,232,INR,Kajaria,10k catalog row 4722
LRG-04723,Bulk SKU 4723,Plumbing & HVAC,pcs,233,INR,Havells,10k catalog row 4723
LRG-04724,Bulk SKU 4724,Paint & Finishes,pcs,234,INR,Jaquar,10k catalog row 4724
LRG-04725,Bulk SKU 4725,Building Materials,pcs,235,INR,Asian Paints,10k catalog row 4725
LRG-04726,Bulk SKU 4726,Lighting & Fixtures,pcs,236,INR,Bosch,10k catalog row 4726
LRG-04727,Bulk SKU 4727,Timber & Wood,pcs,237,INR,3M,10k catalog row 4727
LRG-04728,Bulk SKU 4728,Glass & Aluminium,pcs,238,INR,Jindal,10k catalog row 4728
LRG-04729,Bulk SKU 4729,Sanitary Ware,pcs,239,INR,Saint-Gobain,10k catalog row 4729
LRG-04730,Bulk SKU 4730,Steel & Metal,pcs,240,INR,UltraTech,10k catalog row 4730
LRG-04731,Bulk SKU 4731,Tiles & Flooring,pcs,241,INR,Tata,10k catalog row 4731
LRG-04732,Bulk SKU 4732,Electrical Supplies,pcs,242,INR,Kajaria,10k catalog row 4732
LRG-04733,Bulk SKU 4733,Plumbing & HVAC,pcs,243,INR,Havells,10k catalog row 4733
LRG-04734,Bulk SKU 4734,Paint & Finishes,pcs,244,INR,Jaquar,10k catalog row 4734
LRG-04735,Bulk SKU 4735,Building Materials,pcs,245,INR,Asian Paints,10k catalog row 4735
LRG-04736,Bulk SKU 4736,Lighting & Fixtures,pcs,246,INR,Bosch,10k catalog row 4736
LRG-04737,Bulk SKU 4737,Timber & Wood,pcs,247,INR,3M,10k catalog row 4737
LRG-04738,Bulk SKU 4738,Glass & Aluminium,pcs,248,INR,Jindal,10k catalog row 4738
LRG-04739,Bulk SKU 4739,Sanitary Ware,pcs,249,INR,Saint-Gobain,10k catalog row 4739
LRG-04740,Bulk SKU 4740,Steel & Metal,pcs,250,INR,UltraTech,10k catalog row 4740
LRG-04741,Bulk SKU 4741,Tiles & Flooring,pcs,251,INR,Tata,10k catalog row 4741
LRG-04742,Bulk SKU 4742,Electrical Supplies,pcs,252,INR,Kajaria,10k catalog row 4742
LRG-04743,Bulk SKU 4743,Plumbing & HVAC,pcs,253,INR,Havells,10k catalog row 4743
LRG-04744,Bulk SKU 4744,Paint & Finishes,pcs,254,INR,Jaquar,10k catalog row 4744
LRG-04745,Bulk SKU 4745,Building Materials,pcs,255,INR,Asian Paints,10k catalog row 4745
LRG-04746,Bulk SKU 4746,Lighting & Fixtures,pcs,256,INR,Bosch,10k catalog row 4746
LRG-04747,Bulk SKU 4747,Timber & Wood,pcs,257,INR,3M,10k catalog row 4747
LRG-04748,Bulk SKU 4748,Glass & Aluminium,pcs,258,INR,Jindal,10k catalog row 4748
LRG-04749,Bulk SKU 4749,Sanitary Ware,pcs,259,INR,Saint-Gobain,10k catalog row 4749
LRG-04750,Bulk SKU 4750,Steel & Metal,pcs,260,INR,UltraTech,10k catalog row 4750
LRG-04751,Bulk SKU 4751,Tiles & Flooring,pcs,261,INR,Tata,10k catalog row 4751
LRG-04752,Bulk SKU 4752,Electrical Supplies,pcs,262,INR,Kajaria,10k catalog row 4752
LRG-04753,Bulk SKU 4753,Plumbing & HVAC,pcs,263,INR,Havells,10k catalog row 4753
LRG-04754,Bulk SKU 4754,Paint & Finishes,pcs,264,INR,Jaquar,10k catalog row 4754
LRG-04755,Bulk SKU 4755,Building Materials,pcs,265,INR,Asian Paints,10k catalog row 4755
LRG-04756,Bulk SKU 4756,Lighting & Fixtures,pcs,266,INR,Bosch,10k catalog row 4756
LRG-04757,Bulk SKU 4757,Timber & Wood,pcs,267,INR,3M,10k catalog row 4757
LRG-04758,Bulk SKU 4758,Glass & Aluminium,pcs,268,INR,Jindal,10k catalog row 4758
LRG-04759,Bulk SKU 4759,Sanitary Ware,pcs,269,INR,Saint-Gobain,10k catalog row 4759
LRG-04760,Bulk SKU 4760,Steel & Metal,pcs,270,INR,UltraTech,10k catalog row 4760
LRG-04761,Bulk SKU 4761,Tiles & Flooring,pcs,271,INR,Tata,10k catalog row 4761
LRG-04762,Bulk SKU 4762,Electrical Supplies,pcs,272,INR,Kajaria,10k catalog row 4762
LRG-04763,Bulk SKU 4763,Plumbing & HVAC,pcs,273,INR,Havells,10k catalog row 4763
LRG-04764,Bulk SKU 4764,Paint & Finishes,pcs,274,INR,Jaquar,10k catalog row 4764
LRG-04765,Bulk SKU 4765,Building Materials,pcs,275,INR,Asian Paints,10k catalog row 4765
LRG-04766,Bulk SKU 4766,Lighting & Fixtures,pcs,276,INR,Bosch,10k catalog row 4766
LRG-04767,Bulk SKU 4767,Timber & Wood,pcs,277,INR,3M,10k catalog row 4767
LRG-04768,Bulk SKU 4768,Glass & Aluminium,pcs,278,INR,Jindal,10k catalog row 4768
LRG-04769,Bulk SKU 4769,Sanitary Ware,pcs,279,INR,Saint-Gobain,10k catalog row 4769
LRG-04770,Bulk SKU 4770,Steel & Metal,pcs,280,INR,UltraTech,10k catalog row 4770
LRG-04771,Bulk SKU 4771,Tiles & Flooring,pcs,281,INR,Tata,10k catalog row 4771
LRG-04772,Bulk SKU 4772,Electrical Supplies,pcs,282,INR,Kajaria,10k catalog row 4772
LRG-04773,Bulk SKU 4773,Plumbing & HVAC,pcs,283,INR,Havells,10k catalog row 4773
LRG-04774,Bulk SKU 4774,Paint & Finishes,pcs,284,INR,Jaquar,10k catalog row 4774
LRG-04775,Bulk SKU 4775,Building Materials,pcs,285,INR,Asian Paints,10k catalog row 4775
LRG-04776,Bulk SKU 4776,Lighting & Fixtures,pcs,286,INR,Bosch,10k catalog row 4776
LRG-04777,Bulk SKU 4777,Timber & Wood,pcs,287,INR,3M,10k catalog row 4777
LRG-04778,Bulk SKU 4778,Glass & Aluminium,pcs,288,INR,Jindal,10k catalog row 4778
LRG-04779,Bulk SKU 4779,Sanitary Ware,pcs,289,INR,Saint-Gobain,10k catalog row 4779
LRG-04780,Bulk SKU 4780,Steel & Metal,pcs,290,INR,UltraTech,10k catalog row 4780
LRG-04781,Bulk SKU 4781,Tiles & Flooring,pcs,291,INR,Tata,10k catalog row 4781
LRG-04782,Bulk SKU 4782,Electrical Supplies,pcs,292,INR,Kajaria,10k catalog row 4782
LRG-04783,Bulk SKU 4783,Plumbing & HVAC,pcs,293,INR,Havells,10k catalog row 4783
LRG-04784,Bulk SKU 4784,Paint & Finishes,pcs,294,INR,Jaquar,10k catalog row 4784
LRG-04785,Bulk SKU 4785,Building Materials,pcs,295,INR,Asian Paints,10k catalog row 4785
LRG-04786,Bulk SKU 4786,Lighting & Fixtures,pcs,296,INR,Bosch,10k catalog row 4786
LRG-04787,Bulk SKU 4787,Timber & Wood,pcs,297,INR,3M,10k catalog row 4787
LRG-04788,Bulk SKU 4788,Glass & Aluminium,pcs,298,INR,Jindal,10k catalog row 4788
LRG-04789,Bulk SKU 4789,Sanitary Ware,pcs,299,INR,Saint-Gobain,10k catalog row 4789
LRG-04790,Bulk SKU 4790,Steel & Metal,pcs,300,INR,UltraTech,10k catalog row 4790
LRG-04791,Bulk SKU 4791,Tiles & Flooring,pcs,301,INR,Tata,10k catalog row 4791
LRG-04792,Bulk SKU 4792,Electrical Supplies,pcs,302,INR,Kajaria,10k catalog row 4792
LRG-04793,Bulk SKU 4793,Plumbing & HVAC,pcs,303,INR,Havells,10k catalog row 4793
LRG-04794,Bulk SKU 4794,Paint & Finishes,pcs,304,INR,Jaquar,10k catalog row 4794
LRG-04795,Bulk SKU 4795,Building Materials,pcs,305,INR,Asian Paints,10k catalog row 4795
LRG-04796,Bulk SKU 4796,Lighting & Fixtures,pcs,306,INR,Bosch,10k catalog row 4796
LRG-04797,Bulk SKU 4797,Timber & Wood,pcs,307,INR,3M,10k catalog row 4797
LRG-04798,Bulk SKU 4798,Glass & Aluminium,pcs,308,INR,Jindal,10k catalog row 4798
LRG-04799,Bulk SKU 4799,Sanitary Ware,pcs,309,INR,Saint-Gobain,10k catalog row 4799
LRG-04800,Bulk SKU 4800,Steel & Metal,pcs,310,INR,UltraTech,10k catalog row 4800
LRG-04801,Bulk SKU 4801,Tiles & Flooring,pcs,311,INR,Tata,10k catalog row 4801
LRG-04802,Bulk SKU 4802,Electrical Supplies,pcs,312,INR,Kajaria,10k catalog row 4802
LRG-04803,Bulk SKU 4803,Plumbing & HVAC,pcs,313,INR,Havells,10k catalog row 4803
LRG-04804,Bulk SKU 4804,Paint & Finishes,pcs,314,INR,Jaquar,10k catalog row 4804
LRG-04805,Bulk SKU 4805,Building Materials,pcs,315,INR,Asian Paints,10k catalog row 4805
LRG-04806,Bulk SKU 4806,Lighting & Fixtures,pcs,316,INR,Bosch,10k catalog row 4806
LRG-04807,Bulk SKU 4807,Timber & Wood,pcs,317,INR,3M,10k catalog row 4807
LRG-04808,Bulk SKU 4808,Glass & Aluminium,pcs,318,INR,Jindal,10k catalog row 4808
LRG-04809,Bulk SKU 4809,Sanitary Ware,pcs,319,INR,Saint-Gobain,10k catalog row 4809
LRG-04810,Bulk SKU 4810,Steel & Metal,pcs,320,INR,UltraTech,10k catalog row 4810
LRG-04811,Bulk SKU 4811,Tiles & Flooring,pcs,321,INR,Tata,10k catalog row 4811
LRG-04812,Bulk SKU 4812,Electrical Supplies,pcs,322,INR,Kajaria,10k catalog row 4812
LRG-04813,Bulk SKU 4813,Plumbing & HVAC,pcs,323,INR,Havells,10k catalog row 4813
LRG-04814,Bulk SKU 4814,Paint & Finishes,pcs,324,INR,Jaquar,10k catalog row 4814
LRG-04815,Bulk SKU 4815,Building Materials,pcs,325,INR,Asian Paints,10k catalog row 4815
LRG-04816,Bulk SKU 4816,Lighting & Fixtures,pcs,326,INR,Bosch,10k catalog row 4816
LRG-04817,Bulk SKU 4817,Timber & Wood,pcs,327,INR,3M,10k catalog row 4817
LRG-04818,Bulk SKU 4818,Glass & Aluminium,pcs,328,INR,Jindal,10k catalog row 4818
LRG-04819,Bulk SKU 4819,Sanitary Ware,pcs,329,INR,Saint-Gobain,10k catalog row 4819
LRG-04820,Bulk SKU 4820,Steel & Metal,pcs,330,INR,UltraTech,10k catalog row 4820
LRG-04821,Bulk SKU 4821,Tiles & Flooring,pcs,331,INR,Tata,10k catalog row 4821
LRG-04822,Bulk SKU 4822,Electrical Supplies,pcs,332,INR,Kajaria,10k catalog row 4822
LRG-04823,Bulk SKU 4823,Plumbing & HVAC,pcs,333,INR,Havells,10k catalog row 4823
LRG-04824,Bulk SKU 4824,Paint & Finishes,pcs,334,INR,Jaquar,10k catalog row 4824
LRG-04825,Bulk SKU 4825,Building Materials,pcs,335,INR,Asian Paints,10k catalog row 4825
LRG-04826,Bulk SKU 4826,Lighting & Fixtures,pcs,336,INR,Bosch,10k catalog row 4826
LRG-04827,Bulk SKU 4827,Timber & Wood,pcs,337,INR,3M,10k catalog row 4827
LRG-04828,Bulk SKU 4828,Glass & Aluminium,pcs,338,INR,Jindal,10k catalog row 4828
LRG-04829,Bulk SKU 4829,Sanitary Ware,pcs,339,INR,Saint-Gobain,10k catalog row 4829
LRG-04830,Bulk SKU 4830,Steel & Metal,pcs,340,INR,UltraTech,10k catalog row 4830
LRG-04831,Bulk SKU 4831,Tiles & Flooring,pcs,341,INR,Tata,10k catalog row 4831
LRG-04832,Bulk SKU 4832,Electrical Supplies,pcs,342,INR,Kajaria,10k catalog row 4832
LRG-04833,Bulk SKU 4833,Plumbing & HVAC,pcs,343,INR,Havells,10k catalog row 4833
LRG-04834,Bulk SKU 4834,Paint & Finishes,pcs,344,INR,Jaquar,10k catalog row 4834
LRG-04835,Bulk SKU 4835,Building Materials,pcs,345,INR,Asian Paints,10k catalog row 4835
LRG-04836,Bulk SKU 4836,Lighting & Fixtures,pcs,346,INR,Bosch,10k catalog row 4836
LRG-04837,Bulk SKU 4837,Timber & Wood,pcs,347,INR,3M,10k catalog row 4837
LRG-04838,Bulk SKU 4838,Glass & Aluminium,pcs,348,INR,Jindal,10k catalog row 4838
LRG-04839,Bulk SKU 4839,Sanitary Ware,pcs,349,INR,Saint-Gobain,10k catalog row 4839
LRG-04840,Bulk SKU 4840,Steel & Metal,pcs,350,INR,UltraTech,10k catalog row 4840
LRG-04841,Bulk SKU 4841,Tiles & Flooring,pcs,351,INR,Tata,10k catalog row 4841
LRG-04842,Bulk SKU 4842,Electrical Supplies,pcs,352,INR,Kajaria,10k catalog row 4842
LRG-04843,Bulk SKU 4843,Plumbing & HVAC,pcs,353,INR,Havells,10k catalog row 4843
LRG-04844,Bulk SKU 4844,Paint & Finishes,pcs,354,INR,Jaquar,10k catalog row 4844
LRG-04845,Bulk SKU 4845,Building Materials,pcs,355,INR,Asian Paints,10k catalog row 4845
LRG-04846,Bulk SKU 4846,Lighting & Fixtures,pcs,356,INR,Bosch,10k catalog row 4846
LRG-04847,Bulk SKU 4847,Timber & Wood,pcs,357,INR,3M,10k catalog row 4847
LRG-04848,Bulk SKU 4848,Glass & Aluminium,pcs,358,INR,Jindal,10k catalog row 4848
LRG-04849,Bulk SKU 4849,Sanitary Ware,pcs,359,INR,Saint-Gobain,10k catalog row 4849
LRG-04850,Bulk SKU 4850,Steel & Metal,pcs,360,INR,UltraTech,10k catalog row 4850
LRG-04851,Bulk SKU 4851,Tiles & Flooring,pcs,361,INR,Tata,10k catalog row 4851
LRG-04852,Bulk SKU 4852,Electrical Supplies,pcs,362,INR,Kajaria,10k catalog row 4852
LRG-04853,Bulk SKU 4853,Plumbing & HVAC,pcs,363,INR,Havells,10k catalog row 4853
LRG-04854,Bulk SKU 4854,Paint & Finishes,pcs,364,INR,Jaquar,10k catalog row 4854
LRG-04855,Bulk SKU 4855,Building Materials,pcs,365,INR,Asian Paints,10k catalog row 4855
LRG-04856,Bulk SKU 4856,Lighting & Fixtures,pcs,366,INR,Bosch,10k catalog row 4856
LRG-04857,Bulk SKU 4857,Timber & Wood,pcs,367,INR,3M,10k catalog row 4857
LRG-04858,Bulk SKU 4858,Glass & Aluminium,pcs,368,INR,Jindal,10k catalog row 4858
LRG-04859,Bulk SKU 4859,Sanitary Ware,pcs,369,INR,Saint-Gobain,10k catalog row 4859
LRG-04860,Bulk SKU 4860,Steel & Metal,pcs,370,INR,UltraTech,10k catalog row 4860
LRG-04861,Bulk SKU 4861,Tiles & Flooring,pcs,371,INR,Tata,10k catalog row 4861
LRG-04862,Bulk SKU 4862,Electrical Supplies,pcs,372,INR,Kajaria,10k catalog row 4862
LRG-04863,Bulk SKU 4863,Plumbing & HVAC,pcs,373,INR,Havells,10k catalog row 4863
LRG-04864,Bulk SKU 4864,Paint & Finishes,pcs,374,INR,Jaquar,10k catalog row 4864
LRG-04865,Bulk SKU 4865,Building Materials,pcs,375,INR,Asian Paints,10k catalog row 4865
LRG-04866,Bulk SKU 4866,Lighting & Fixtures,pcs,376,INR,Bosch,10k catalog row 4866
LRG-04867,Bulk SKU 4867,Timber & Wood,pcs,377,INR,3M,10k catalog row 4867
LRG-04868,Bulk SKU 4868,Glass & Aluminium,pcs,378,INR,Jindal,10k catalog row 4868
LRG-04869,Bulk SKU 4869,Sanitary Ware,pcs,379,INR,Saint-Gobain,10k catalog row 4869
LRG-04870,Bulk SKU 4870,Steel & Metal,pcs,380,INR,UltraTech,10k catalog row 4870
LRG-04871,Bulk SKU 4871,Tiles & Flooring,pcs,381,INR,Tata,10k catalog row 4871
LRG-04872,Bulk SKU 4872,Electrical Supplies,pcs,382,INR,Kajaria,10k catalog row 4872
LRG-04873,Bulk SKU 4873,Plumbing & HVAC,pcs,383,INR,Havells,10k catalog row 4873
LRG-04874,Bulk SKU 4874,Paint & Finishes,pcs,384,INR,Jaquar,10k catalog row 4874
LRG-04875,Bulk SKU 4875,Building Materials,pcs,385,INR,Asian Paints,10k catalog row 4875
LRG-04876,Bulk SKU 4876,Lighting & Fixtures,pcs,386,INR,Bosch,10k catalog row 4876
LRG-04877,Bulk SKU 4877,Timber & Wood,pcs,387,INR,3M,10k catalog row 4877
LRG-04878,Bulk SKU 4878,Glass & Aluminium,pcs,388,INR,Jindal,10k catalog row 4878
LRG-04879,Bulk SKU 4879,Sanitary Ware,pcs,389,INR,Saint-Gobain,10k catalog row 4879
LRG-04880,Bulk SKU 4880,Steel & Metal,pcs,390,INR,UltraTech,10k catalog row 4880
LRG-04881,Bulk SKU 4881,Tiles & Flooring,pcs,391,INR,Tata,10k catalog row 4881
LRG-04882,Bulk SKU 4882,Electrical Supplies,pcs,392,INR,Kajaria,10k catalog row 4882
LRG-04883,Bulk SKU 4883,Plumbing & HVAC,pcs,393,INR,Havells,10k catalog row 4883
LRG-04884,Bulk SKU 4884,Paint & Finishes,pcs,394,INR,Jaquar,10k catalog row 4884
LRG-04885,Bulk SKU 4885,Building Materials,pcs,395,INR,Asian Paints,10k catalog row 4885
LRG-04886,Bulk SKU 4886,Lighting & Fixtures,pcs,396,INR,Bosch,10k catalog row 4886
LRG-04887,Bulk SKU 4887,Timber & Wood,pcs,397,INR,3M,10k catalog row 4887
LRG-04888,Bulk SKU 4888,Glass & Aluminium,pcs,398,INR,Jindal,10k catalog row 4888
LRG-04889,Bulk SKU 4889,Sanitary Ware,pcs,399,INR,Saint-Gobain,10k catalog row 4889
LRG-04890,Bulk SKU 4890,Steel & Metal,pcs,400,INR,UltraTech,10k catalog row 4890
LRG-04891,Bulk SKU 4891,Tiles & Flooring,pcs,401,INR,Tata,10k catalog row 4891
LRG-04892,Bulk SKU 4892,Electrical Supplies,pcs,402,INR,Kajaria,10k catalog row 4892
LRG-04893,Bulk SKU 4893,Plumbing & HVAC,pcs,403,INR,Havells,10k catalog row 4893
LRG-04894,Bulk SKU 4894,Paint & Finishes,pcs,404,INR,Jaquar,10k catalog row 4894
LRG-04895,Bulk SKU 4895,Building Materials,pcs,405,INR,Asian Paints,10k catalog row 4895
LRG-04896,Bulk SKU 4896,Lighting & Fixtures,pcs,406,INR,Bosch,10k catalog row 4896
LRG-04897,Bulk SKU 4897,Timber & Wood,pcs,407,INR,3M,10k catalog row 4897
LRG-04898,Bulk SKU 4898,Glass & Aluminium,pcs,408,INR,Jindal,10k catalog row 4898
LRG-04899,Bulk SKU 4899,Sanitary Ware,pcs,409,INR,Saint-Gobain,10k catalog row 4899
LRG-04900,Bulk SKU 4900,Steel & Metal,pcs,410,INR,UltraTech,10k catalog row 4900
LRG-04901,Bulk SKU 4901,Tiles & Flooring,pcs,411,INR,Tata,10k catalog row 4901
LRG-04902,Bulk SKU 4902,Electrical Supplies,pcs,412,INR,Kajaria,10k catalog row 4902
LRG-04903,Bulk SKU 4903,Plumbing & HVAC,pcs,413,INR,Havells,10k catalog row 4903
LRG-04904,Bulk SKU 4904,Paint & Finishes,pcs,414,INR,Jaquar,10k catalog row 4904
LRG-04905,Bulk SKU 4905,Building Materials,pcs,415,INR,Asian Paints,10k catalog row 4905
LRG-04906,Bulk SKU 4906,Lighting & Fixtures,pcs,416,INR,Bosch,10k catalog row 4906
LRG-04907,Bulk SKU 4907,Timber & Wood,pcs,417,INR,3M,10k catalog row 4907
LRG-04908,Bulk SKU 4908,Glass & Aluminium,pcs,418,INR,Jindal,10k catalog row 4908
LRG-04909,Bulk SKU 4909,Sanitary Ware,pcs,419,INR,Saint-Gobain,10k catalog row 4909
LRG-04910,Bulk SKU 4910,Steel & Metal,pcs,420,INR,UltraTech,10k catalog row 4910
LRG-04911,Bulk SKU 4911,Tiles & Flooring,pcs,421,INR,Tata,10k catalog row 4911
LRG-04912,Bulk SKU 4912,Electrical Supplies,pcs,422,INR,Kajaria,10k catalog row 4912
LRG-04913,Bulk SKU 4913,Plumbing & HVAC,pcs,423,INR,Havells,10k catalog row 4913
LRG-04914,Bulk SKU 4914,Paint & Finishes,pcs,424,INR,Jaquar,10k catalog row 4914
LRG-04915,Bulk SKU 4915,Building Materials,pcs,425,INR,Asian Paints,10k catalog row 4915
LRG-04916,Bulk SKU 4916,Lighting & Fixtures,pcs,426,INR,Bosch,10k catalog row 4916
LRG-04917,Bulk SKU 4917,Timber & Wood,pcs,427,INR,3M,10k catalog row 4917
LRG-04918,Bulk SKU 4918,Glass & Aluminium,pcs,428,INR,Jindal,10k catalog row 4918
LRG-04919,Bulk SKU 4919,Sanitary Ware,pcs,429,INR,Saint-Gobain,10k catalog row 4919
LRG-04920,Bulk SKU 4920,Steel & Metal,pcs,430,INR,UltraTech,10k catalog row 4920
LRG-04921,Bulk SKU 4921,Tiles & Flooring,pcs,431,INR,Tata,10k catalog row 4921
LRG-04922,Bulk SKU 4922,Electrical Supplies,pcs,432,INR,Kajaria,10k catalog row 4922
LRG-04923,Bulk SKU 4923,Plumbing & HVAC,pcs,433,INR,Havells,10k catalog row 4923
LRG-04924,Bulk SKU 4924,Paint & Finishes,pcs,434,INR,Jaquar,10k catalog row 4924
LRG-04925,Bulk SKU 4925,Building Materials,pcs,435,INR,Asian Paints,10k catalog row 4925
LRG-04926,Bulk SKU 4926,Lighting & Fixtures,pcs,436,INR,Bosch,10k catalog row 4926
LRG-04927,Bulk SKU 4927,Timber & Wood,pcs,437,INR,3M,10k catalog row 4927
LRG-04928,Bulk SKU 4928,Glass & Aluminium,pcs,438,INR,Jindal,10k catalog row 4928
LRG-04929,Bulk SKU 4929,Sanitary Ware,pcs,439,INR,Saint-Gobain,10k catalog row 4929
LRG-04930,Bulk SKU 4930,Steel & Metal,pcs,440,INR,UltraTech,10k catalog row 4930
LRG-04931,Bulk SKU 4931,Tiles & Flooring,pcs,441,INR,Tata,10k catalog row 4931
LRG-04932,Bulk SKU 4932,Electrical Supplies,pcs,442,INR,Kajaria,10k catalog row 4932
LRG-04933,Bulk SKU 4933,Plumbing & HVAC,pcs,443,INR,Havells,10k catalog row 4933
LRG-04934,Bulk SKU 4934,Paint & Finishes,pcs,444,INR,Jaquar,10k catalog row 4934
LRG-04935,Bulk SKU 4935,Building Materials,pcs,445,INR,Asian Paints,10k catalog row 4935
LRG-04936,Bulk SKU 4936,Lighting & Fixtures,pcs,446,INR,Bosch,10k catalog row 4936
LRG-04937,Bulk SKU 4937,Timber & Wood,pcs,447,INR,3M,10k catalog row 4937
LRG-04938,Bulk SKU 4938,Glass & Aluminium,pcs,448,INR,Jindal,10k catalog row 4938
LRG-04939,Bulk SKU 4939,Sanitary Ware,pcs,449,INR,Saint-Gobain,10k catalog row 4939
LRG-04940,Bulk SKU 4940,Steel & Metal,pcs,450,INR,UltraTech,10k catalog row 4940
LRG-04941,Bulk SKU 4941,Tiles & Flooring,pcs,451,INR,Tata,10k catalog row 4941
LRG-04942,Bulk SKU 4942,Electrical Supplies,pcs,452,INR,Kajaria,10k catalog row 4942
LRG-04943,Bulk SKU 4943,Plumbing & HVAC,pcs,453,INR,Havells,10k catalog row 4943
LRG-04944,Bulk SKU 4944,Paint & Finishes,pcs,454,INR,Jaquar,10k catalog row 4944
LRG-04945,Bulk SKU 4945,Building Materials,pcs,455,INR,Asian Paints,10k catalog row 4945
LRG-04946,Bulk SKU 4946,Lighting & Fixtures,pcs,456,INR,Bosch,10k catalog row 4946
LRG-04947,Bulk SKU 4947,Timber & Wood,pcs,457,INR,3M,10k catalog row 4947
LRG-04948,Bulk SKU 4948,Glass & Aluminium,pcs,458,INR,Jindal,10k catalog row 4948
LRG-04949,Bulk SKU 4949,Sanitary Ware,pcs,459,INR,Saint-Gobain,10k catalog row 4949
LRG-04950,Bulk SKU 4950,Steel & Metal,pcs,460,INR,UltraTech,10k catalog row 4950
LRG-04951,Bulk SKU 4951,Tiles & Flooring,pcs,461,INR,Tata,10k catalog row 4951
LRG-04952,Bulk SKU 4952,Electrical Supplies,pcs,462,INR,Kajaria,10k catalog row 4952
LRG-04953,Bulk SKU 4953,Plumbing & HVAC,pcs,463,INR,Havells,10k catalog row 4953
LRG-04954,Bulk SKU 4954,Paint & Finishes,pcs,464,INR,Jaquar,10k catalog row 4954
LRG-04955,Bulk SKU 4955,Building Materials,pcs,465,INR,Asian Paints,10k catalog row 4955
LRG-04956,Bulk SKU 4956,Lighting & Fixtures,pcs,466,INR,Bosch,10k catalog row 4956
LRG-04957,Bulk SKU 4957,Timber & Wood,pcs,467,INR,3M,10k catalog row 4957
LRG-04958,Bulk SKU 4958,Glass & Aluminium,pcs,468,INR,Jindal,10k catalog row 4958
LRG-04959,Bulk SKU 4959,Sanitary Ware,pcs,469,INR,Saint-Gobain,10k catalog row 4959
LRG-04960,Bulk SKU 4960,Steel & Metal,pcs,470,INR,UltraTech,10k catalog row 4960
LRG-04961,Bulk SKU 4961,Tiles & Flooring,pcs,471,INR,Tata,10k catalog row 4961
LRG-04962,Bulk SKU 4962,Electrical Supplies,pcs,472,INR,Kajaria,10k catalog row 4962
LRG-04963,Bulk SKU 4963,Plumbing & HVAC,pcs,473,INR,Havells,10k catalog row 4963
LRG-04964,Bulk SKU 4964,Paint & Finishes,pcs,474,INR,Jaquar,10k catalog row 4964
LRG-04965,Bulk SKU 4965,Building Materials,pcs,475,INR,Asian Paints,10k catalog row 4965
LRG-04966,Bulk SKU 4966,Lighting & Fixtures,pcs,476,INR,Bosch,10k catalog row 4966
LRG-04967,Bulk SKU 4967,Timber & Wood,pcs,477,INR,3M,10k catalog row 4967
LRG-04968,Bulk SKU 4968,Glass & Aluminium,pcs,478,INR,Jindal,10k catalog row 4968
LRG-04969,Bulk SKU 4969,Sanitary Ware,pcs,479,INR,Saint-Gobain,10k catalog row 4969
LRG-04970,Bulk SKU 4970,Steel & Metal,pcs,480,INR,UltraTech,10k catalog row 4970
LRG-04971,Bulk SKU 4971,Tiles & Flooring,pcs,481,INR,Tata,10k catalog row 4971
LRG-04972,Bulk SKU 4972,Electrical Supplies,pcs,482,INR,Kajaria,10k catalog row 4972
LRG-04973,Bulk SKU 4973,Plumbing & HVAC,pcs,483,INR,Havells,10k catalog row 4973
LRG-04974,Bulk SKU 4974,Paint & Finishes,pcs,484,INR,Jaquar,10k catalog row 4974
LRG-04975,Bulk SKU 4975,Building Materials,pcs,485,INR,Asian Paints,10k catalog row 4975
LRG-04976,Bulk SKU 4976,Lighting & Fixtures,pcs,486,INR,Bosch,10k catalog row 4976
LRG-04977,Bulk SKU 4977,Timber & Wood,pcs,487,INR,3M,10k catalog row 4977
LRG-04978,Bulk SKU 4978,Glass & Aluminium,pcs,488,INR,Jindal,10k catalog row 4978
LRG-04979,Bulk SKU 4979,Sanitary Ware,pcs,489,INR,Saint-Gobain,10k catalog row 4979
LRG-04980,Bulk SKU 4980,Steel & Metal,pcs,490,INR,UltraTech,10k catalog row 4980
LRG-04981,Bulk SKU 4981,Tiles & Flooring,pcs,491,INR,Tata,10k catalog row 4981
LRG-04982,Bulk SKU 4982,Electrical Supplies,pcs,492,INR,Kajaria,10k catalog row 4982
LRG-04983,Bulk SKU 4983,Plumbing & HVAC,pcs,493,INR,Havells,10k catalog row 4983
LRG-04984,Bulk SKU 4984,Paint & Finishes,pcs,494,INR,Jaquar,10k catalog row 4984
LRG-04985,Bulk SKU 4985,Building Materials,pcs,495,INR,Asian Paints,10k catalog row 4985
LRG-04986,Bulk SKU 4986,Lighting & Fixtures,pcs,496,INR,Bosch,10k catalog row 4986
LRG-04987,Bulk SKU 4987,Timber & Wood,pcs,497,INR,3M,10k catalog row 4987
LRG-04988,Bulk SKU 4988,Glass & Aluminium,pcs,498,INR,Jindal,10k catalog row 4988
LRG-04989,Bulk SKU 4989,Sanitary Ware,pcs,499,INR,Saint-Gobain,10k catalog row 4989
LRG-04990,Bulk SKU 4990,Steel & Metal,pcs,500,INR,UltraTech,10k catalog row 4990
LRG-04991,Bulk SKU 4991,Tiles & Flooring,pcs,501,INR,Tata,10k catalog row 4991
LRG-04992,Bulk SKU 4992,Electrical Supplies,pcs,502,INR,Kajaria,10k catalog row 4992
LRG-04993,Bulk SKU 4993,Plumbing & HVAC,pcs,503,INR,Havells,10k catalog row 4993
LRG-04994,Bulk SKU 4994,Paint & Finishes,pcs,504,INR,Jaquar,10k catalog row 4994
LRG-04995,Bulk SKU 4995,Building Materials,pcs,505,INR,Asian Paints,10k catalog row 4995
LRG-04996,Bulk SKU 4996,Lighting & Fixtures,pcs,506,INR,Bosch,10k catalog row 4996
LRG-04997,Bulk SKU 4997,Timber & Wood,pcs,507,INR,3M,10k catalog row 4997
LRG-04998,Bulk SKU 4998,Glass & Aluminium,pcs,508,INR,Jindal,10k catalog row 4998
LRG-04999,Bulk SKU 4999,Sanitary Ware,pcs,509,INR,Saint-Gobain,10k catalog row 4999
LRG-05000,Bulk SKU 5000,Steel & Metal,pcs,510,INR,UltraTech,10k catalog row 5000
LRG-05001,Bulk SKU 5001,Tiles & Flooring,pcs,511,INR,Tata,10k catalog row 5001
LRG-05002,Bulk SKU 5002,Electrical Supplies,pcs,512,INR,Kajaria,10k catalog row 5002
LRG-05003,Bulk SKU 5003,Plumbing & HVAC,pcs,513,INR,Havells,10k catalog row 5003
LRG-05004,Bulk SKU 5004,Paint & Finishes,pcs,514,INR,Jaquar,10k catalog row 5004
LRG-05005,Bulk SKU 5005,Building Materials,pcs,515,INR,Asian Paints,10k catalog row 5005
LRG-05006,Bulk SKU 5006,Lighting & Fixtures,pcs,516,INR,Bosch,10k catalog row 5006
LRG-05007,Bulk SKU 5007,Timber & Wood,pcs,517,INR,3M,10k catalog row 5007
LRG-05008,Bulk SKU 5008,Glass & Aluminium,pcs,518,INR,Jindal,10k catalog row 5008
LRG-05009,Bulk SKU 5009,Sanitary Ware,pcs,519,INR,Saint-Gobain,10k catalog row 5009
LRG-05010,Bulk SKU 5010,Steel & Metal,pcs,520,INR,UltraTech,10k catalog row 5010
LRG-05011,Bulk SKU 5011,Tiles & Flooring,pcs,521,INR,Tata,10k catalog row 5011
LRG-05012,Bulk SKU 5012,Electrical Supplies,pcs,522,INR,Kajaria,10k catalog row 5012
LRG-05013,Bulk SKU 5013,Plumbing & HVAC,pcs,523,INR,Havells,10k catalog row 5013
LRG-05014,Bulk SKU 5014,Paint & Finishes,pcs,524,INR,Jaquar,10k catalog row 5014
LRG-05015,Bulk SKU 5015,Building Materials,pcs,525,INR,Asian Paints,10k catalog row 5015
LRG-05016,Bulk SKU 5016,Lighting & Fixtures,pcs,526,INR,Bosch,10k catalog row 5016
LRG-05017,Bulk SKU 5017,Timber & Wood,pcs,527,INR,3M,10k catalog row 5017
LRG-05018,Bulk SKU 5018,Glass & Aluminium,pcs,528,INR,Jindal,10k catalog row 5018
LRG-05019,Bulk SKU 5019,Sanitary Ware,pcs,529,INR,Saint-Gobain,10k catalog row 5019
LRG-05020,Bulk SKU 5020,Steel & Metal,pcs,530,INR,UltraTech,10k catalog row 5020
LRG-05021,Bulk SKU 5021,Tiles & Flooring,pcs,531,INR,Tata,10k catalog row 5021
LRG-05022,Bulk SKU 5022,Electrical Supplies,pcs,532,INR,Kajaria,10k catalog row 5022
LRG-05023,Bulk SKU 5023,Plumbing & HVAC,pcs,533,INR,Havells,10k catalog row 5023
LRG-05024,Bulk SKU 5024,Paint & Finishes,pcs,534,INR,Jaquar,10k catalog row 5024
LRG-05025,Bulk SKU 5025,Building Materials,pcs,535,INR,Asian Paints,10k catalog row 5025
LRG-05026,Bulk SKU 5026,Lighting & Fixtures,pcs,536,INR,Bosch,10k catalog row 5026
LRG-05027,Bulk SKU 5027,Timber & Wood,pcs,537,INR,3M,10k catalog row 5027
LRG-05028,Bulk SKU 5028,Glass & Aluminium,pcs,538,INR,Jindal,10k catalog row 5028
LRG-05029,Bulk SKU 5029,Sanitary Ware,pcs,539,INR,Saint-Gobain,10k catalog row 5029
LRG-05030,Bulk SKU 5030,Steel & Metal,pcs,540,INR,UltraTech,10k catalog row 5030
LRG-05031,Bulk SKU 5031,Tiles & Flooring,pcs,541,INR,Tata,10k catalog row 5031
LRG-05032,Bulk SKU 5032,Electrical Supplies,pcs,542,INR,Kajaria,10k catalog row 5032
LRG-05033,Bulk SKU 5033,Plumbing & HVAC,pcs,543,INR,Havells,10k catalog row 5033
LRG-05034,Bulk SKU 5034,Paint & Finishes,pcs,544,INR,Jaquar,10k catalog row 5034
LRG-05035,Bulk SKU 5035,Building Materials,pcs,545,INR,Asian Paints,10k catalog row 5035
LRG-05036,Bulk SKU 5036,Lighting & Fixtures,pcs,546,INR,Bosch,10k catalog row 5036
LRG-05037,Bulk SKU 5037,Timber & Wood,pcs,547,INR,3M,10k catalog row 5037
LRG-05038,Bulk SKU 5038,Glass & Aluminium,pcs,548,INR,Jindal,10k catalog row 5038
LRG-05039,Bulk SKU 5039,Sanitary Ware,pcs,549,INR,Saint-Gobain,10k catalog row 5039
LRG-05040,Bulk SKU 5040,Steel & Metal,pcs,550,INR,UltraTech,10k catalog row 5040
LRG-05041,Bulk SKU 5041,Tiles & Flooring,pcs,551,INR,Tata,10k catalog row 5041
LRG-05042,Bulk SKU 5042,Electrical Supplies,pcs,552,INR,Kajaria,10k catalog row 5042
LRG-05043,Bulk SKU 5043,Plumbing & HVAC,pcs,553,INR,Havells,10k catalog row 5043
LRG-05044,Bulk SKU 5044,Paint & Finishes,pcs,554,INR,Jaquar,10k catalog row 5044
LRG-05045,Bulk SKU 5045,Building Materials,pcs,555,INR,Asian Paints,10k catalog row 5045
LRG-05046,Bulk SKU 5046,Lighting & Fixtures,pcs,556,INR,Bosch,10k catalog row 5046
LRG-05047,Bulk SKU 5047,Timber & Wood,pcs,557,INR,3M,10k catalog row 5047
LRG-05048,Bulk SKU 5048,Glass & Aluminium,pcs,558,INR,Jindal,10k catalog row 5048
LRG-05049,Bulk SKU 5049,Sanitary Ware,pcs,559,INR,Saint-Gobain,10k catalog row 5049
LRG-05050,Bulk SKU 5050,Steel & Metal,pcs,560,INR,UltraTech,10k catalog row 5050
LRG-05051,Bulk SKU 5051,Tiles & Flooring,pcs,561,INR,Tata,10k catalog row 5051
LRG-05052,Bulk SKU 5052,Electrical Supplies,pcs,562,INR,Kajaria,10k catalog row 5052
LRG-05053,Bulk SKU 5053,Plumbing & HVAC,pcs,563,INR,Havells,10k catalog row 5053
LRG-05054,Bulk SKU 5054,Paint & Finishes,pcs,564,INR,Jaquar,10k catalog row 5054
LRG-05055,Bulk SKU 5055,Building Materials,pcs,565,INR,Asian Paints,10k catalog row 5055
LRG-05056,Bulk SKU 5056,Lighting & Fixtures,pcs,566,INR,Bosch,10k catalog row 5056
LRG-05057,Bulk SKU 5057,Timber & Wood,pcs,567,INR,3M,10k catalog row 5057
LRG-05058,Bulk SKU 5058,Glass & Aluminium,pcs,568,INR,Jindal,10k catalog row 5058
LRG-05059,Bulk SKU 5059,Sanitary Ware,pcs,569,INR,Saint-Gobain,10k catalog row 5059
LRG-05060,Bulk SKU 5060,Steel & Metal,pcs,570,INR,UltraTech,10k catalog row 5060
LRG-05061,Bulk SKU 5061,Tiles & Flooring,pcs,571,INR,Tata,10k catalog row 5061
LRG-05062,Bulk SKU 5062,Electrical Supplies,pcs,572,INR,Kajaria,10k catalog row 5062
LRG-05063,Bulk SKU 5063,Plumbing & HVAC,pcs,573,INR,Havells,10k catalog row 5063
LRG-05064,Bulk SKU 5064,Paint & Finishes,pcs,574,INR,Jaquar,10k catalog row 5064
LRG-05065,Bulk SKU 5065,Building Materials,pcs,575,INR,Asian Paints,10k catalog row 5065
LRG-05066,Bulk SKU 5066,Lighting & Fixtures,pcs,576,INR,Bosch,10k catalog row 5066
LRG-05067,Bulk SKU 5067,Timber & Wood,pcs,577,INR,3M,10k catalog row 5067
LRG-05068,Bulk SKU 5068,Glass & Aluminium,pcs,578,INR,Jindal,10k catalog row 5068
LRG-05069,Bulk SKU 5069,Sanitary Ware,pcs,579,INR,Saint-Gobain,10k catalog row 5069
LRG-05070,Bulk SKU 5070,Steel & Metal,pcs,580,INR,UltraTech,10k catalog row 5070
LRG-05071,Bulk SKU 5071,Tiles & Flooring,pcs,581,INR,Tata,10k catalog row 5071
LRG-05072,Bulk SKU 5072,Electrical Supplies,pcs,582,INR,Kajaria,10k catalog row 5072
LRG-05073,Bulk SKU 5073,Plumbing & HVAC,pcs,583,INR,Havells,10k catalog row 5073
LRG-05074,Bulk SKU 5074,Paint & Finishes,pcs,584,INR,Jaquar,10k catalog row 5074
LRG-05075,Bulk SKU 5075,Building Materials,pcs,585,INR,Asian Paints,10k catalog row 5075
LRG-05076,Bulk SKU 5076,Lighting & Fixtures,pcs,586,INR,Bosch,10k catalog row 5076
LRG-05077,Bulk SKU 5077,Timber & Wood,pcs,587,INR,3M,10k catalog row 5077
LRG-05078,Bulk SKU 5078,Glass & Aluminium,pcs,588,INR,Jindal,10k catalog row 5078
LRG-05079,Bulk SKU 5079,Sanitary Ware,pcs,589,INR,Saint-Gobain,10k catalog row 5079
LRG-05080,Bulk SKU 5080,Steel & Metal,pcs,590,INR,UltraTech,10k catalog row 5080
LRG-05081,Bulk SKU 5081,Tiles & Flooring,pcs,591,INR,Tata,10k catalog row 5081
LRG-05082,Bulk SKU 5082,Electrical Supplies,pcs,592,INR,Kajaria,10k catalog row 5082
LRG-05083,Bulk SKU 5083,Plumbing & HVAC,pcs,593,INR,Havells,10k catalog row 5083
LRG-05084,Bulk SKU 5084,Paint & Finishes,pcs,594,INR,Jaquar,10k catalog row 5084
LRG-05085,Bulk SKU 5085,Building Materials,pcs,595,INR,Asian Paints,10k catalog row 5085
LRG-05086,Bulk SKU 5086,Lighting & Fixtures,pcs,596,INR,Bosch,10k catalog row 5086
LRG-05087,Bulk SKU 5087,Timber & Wood,pcs,597,INR,3M,10k catalog row 5087
LRG-05088,Bulk SKU 5088,Glass & Aluminium,pcs,598,INR,Jindal,10k catalog row 5088
LRG-05089,Bulk SKU 5089,Sanitary Ware,pcs,599,INR,Saint-Gobain,10k catalog row 5089
LRG-05090,Bulk SKU 5090,Steel & Metal,pcs,600,INR,UltraTech,10k catalog row 5090
LRG-05091,Bulk SKU 5091,Tiles & Flooring,pcs,601,INR,Tata,10k catalog row 5091
LRG-05092,Bulk SKU 5092,Electrical Supplies,pcs,602,INR,Kajaria,10k catalog row 5092
LRG-05093,Bulk SKU 5093,Plumbing & HVAC,pcs,603,INR,Havells,10k catalog row 5093
LRG-05094,Bulk SKU 5094,Paint & Finishes,pcs,604,INR,Jaquar,10k catalog row 5094
LRG-05095,Bulk SKU 5095,Building Materials,pcs,605,INR,Asian Paints,10k catalog row 5095
LRG-05096,Bulk SKU 5096,Lighting & Fixtures,pcs,606,INR,Bosch,10k catalog row 5096
LRG-05097,Bulk SKU 5097,Timber & Wood,pcs,607,INR,3M,10k catalog row 5097
LRG-05098,Bulk SKU 5098,Glass & Aluminium,pcs,608,INR,Jindal,10k catalog row 5098
LRG-05099,Bulk SKU 5099,Sanitary Ware,pcs,609,INR,Saint-Gobain,10k catalog row 5099
LRG-05100,Bulk SKU 5100,Steel & Metal,pcs,610,INR,UltraTech,10k catalog row 5100
LRG-05101,Bulk SKU 5101,Tiles & Flooring,pcs,611,INR,Tata,10k catalog row 5101
LRG-05102,Bulk SKU 5102,Electrical Supplies,pcs,612,INR,Kajaria,10k catalog row 5102
LRG-05103,Bulk SKU 5103,Plumbing & HVAC,pcs,613,INR,Havells,10k catalog row 5103
LRG-05104,Bulk SKU 5104,Paint & Finishes,pcs,614,INR,Jaquar,10k catalog row 5104
LRG-05105,Bulk SKU 5105,Building Materials,pcs,615,INR,Asian Paints,10k catalog row 5105
LRG-05106,Bulk SKU 5106,Lighting & Fixtures,pcs,616,INR,Bosch,10k catalog row 5106
LRG-05107,Bulk SKU 5107,Timber & Wood,pcs,617,INR,3M,10k catalog row 5107
LRG-05108,Bulk SKU 5108,Glass & Aluminium,pcs,618,INR,Jindal,10k catalog row 5108
LRG-05109,Bulk SKU 5109,Sanitary Ware,pcs,619,INR,Saint-Gobain,10k catalog row 5109
LRG-05110,Bulk SKU 5110,Steel & Metal,pcs,620,INR,UltraTech,10k catalog row 5110
LRG-05111,Bulk SKU 5111,Tiles & Flooring,pcs,621,INR,Tata,10k catalog row 5111
LRG-05112,Bulk SKU 5112,Electrical Supplies,pcs,622,INR,Kajaria,10k catalog row 5112
LRG-05113,Bulk SKU 5113,Plumbing & HVAC,pcs,623,INR,Havells,10k catalog row 5113
LRG-05114,Bulk SKU 5114,Paint & Finishes,pcs,624,INR,Jaquar,10k catalog row 5114
LRG-05115,Bulk SKU 5115,Building Materials,pcs,625,INR,Asian Paints,10k catalog row 5115
LRG-05116,Bulk SKU 5116,Lighting & Fixtures,pcs,626,INR,Bosch,10k catalog row 5116
LRG-05117,Bulk SKU 5117,Timber & Wood,pcs,627,INR,3M,10k catalog row 5117
LRG-05118,Bulk SKU 5118,Glass & Aluminium,pcs,628,INR,Jindal,10k catalog row 5118
LRG-05119,Bulk SKU 5119,Sanitary Ware,pcs,629,INR,Saint-Gobain,10k catalog row 5119
LRG-05120,Bulk SKU 5120,Steel & Metal,pcs,630,INR,UltraTech,10k catalog row 5120
LRG-05121,Bulk SKU 5121,Tiles & Flooring,pcs,631,INR,Tata,10k catalog row 5121
LRG-05122,Bulk SKU 5122,Electrical Supplies,pcs,632,INR,Kajaria,10k catalog row 5122
LRG-05123,Bulk SKU 5123,Plumbing & HVAC,pcs,633,INR,Havells,10k catalog row 5123
LRG-05124,Bulk SKU 5124,Paint & Finishes,pcs,634,INR,Jaquar,10k catalog row 5124
LRG-05125,Bulk SKU 5125,Building Materials,pcs,635,INR,Asian Paints,10k catalog row 5125
LRG-05126,Bulk SKU 5126,Lighting & Fixtures,pcs,636,INR,Bosch,10k catalog row 5126
LRG-05127,Bulk SKU 5127,Timber & Wood,pcs,637,INR,3M,10k catalog row 5127
LRG-05128,Bulk SKU 5128,Glass & Aluminium,pcs,638,INR,Jindal,10k catalog row 5128
LRG-05129,Bulk SKU 5129,Sanitary Ware,pcs,639,INR,Saint-Gobain,10k catalog row 5129
LRG-05130,Bulk SKU 5130,Steel & Metal,pcs,640,INR,UltraTech,10k catalog row 5130
LRG-05131,Bulk SKU 5131,Tiles & Flooring,pcs,641,INR,Tata,10k catalog row 5131
LRG-05132,Bulk SKU 5132,Electrical Supplies,pcs,642,INR,Kajaria,10k catalog row 5132
LRG-05133,Bulk SKU 5133,Plumbing & HVAC,pcs,643,INR,Havells,10k catalog row 5133
LRG-05134,Bulk SKU 5134,Paint & Finishes,pcs,644,INR,Jaquar,10k catalog row 5134
LRG-05135,Bulk SKU 5135,Building Materials,pcs,645,INR,Asian Paints,10k catalog row 5135
LRG-05136,Bulk SKU 5136,Lighting & Fixtures,pcs,646,INR,Bosch,10k catalog row 5136
LRG-05137,Bulk SKU 5137,Timber & Wood,pcs,647,INR,3M,10k catalog row 5137
LRG-05138,Bulk SKU 5138,Glass & Aluminium,pcs,648,INR,Jindal,10k catalog row 5138
LRG-05139,Bulk SKU 5139,Sanitary Ware,pcs,649,INR,Saint-Gobain,10k catalog row 5139
LRG-05140,Bulk SKU 5140,Steel & Metal,pcs,650,INR,UltraTech,10k catalog row 5140
LRG-05141,Bulk SKU 5141,Tiles & Flooring,pcs,651,INR,Tata,10k catalog row 5141
LRG-05142,Bulk SKU 5142,Electrical Supplies,pcs,652,INR,Kajaria,10k catalog row 5142
LRG-05143,Bulk SKU 5143,Plumbing & HVAC,pcs,653,INR,Havells,10k catalog row 5143
LRG-05144,Bulk SKU 5144,Paint & Finishes,pcs,654,INR,Jaquar,10k catalog row 5144
LRG-05145,Bulk SKU 5145,Building Materials,pcs,655,INR,Asian Paints,10k catalog row 5145
LRG-05146,Bulk SKU 5146,Lighting & Fixtures,pcs,656,INR,Bosch,10k catalog row 5146
LRG-05147,Bulk SKU 5147,Timber & Wood,pcs,657,INR,3M,10k catalog row 5147
LRG-05148,Bulk SKU 5148,Glass & Aluminium,pcs,658,INR,Jindal,10k catalog row 5148
LRG-05149,Bulk SKU 5149,Sanitary Ware,pcs,659,INR,Saint-Gobain,10k catalog row 5149
LRG-05150,Bulk SKU 5150,Steel & Metal,pcs,660,INR,UltraTech,10k catalog row 5150
LRG-05151,Bulk SKU 5151,Tiles & Flooring,pcs,661,INR,Tata,10k catalog row 5151
LRG-05152,Bulk SKU 5152,Electrical Supplies,pcs,662,INR,Kajaria,10k catalog row 5152
LRG-05153,Bulk SKU 5153,Plumbing & HVAC,pcs,663,INR,Havells,10k catalog row 5153
LRG-05154,Bulk SKU 5154,Paint & Finishes,pcs,664,INR,Jaquar,10k catalog row 5154
LRG-05155,Bulk SKU 5155,Building Materials,pcs,665,INR,Asian Paints,10k catalog row 5155
LRG-05156,Bulk SKU 5156,Lighting & Fixtures,pcs,666,INR,Bosch,10k catalog row 5156
LRG-05157,Bulk SKU 5157,Timber & Wood,pcs,667,INR,3M,10k catalog row 5157
LRG-05158,Bulk SKU 5158,Glass & Aluminium,pcs,668,INR,Jindal,10k catalog row 5158
LRG-05159,Bulk SKU 5159,Sanitary Ware,pcs,669,INR,Saint-Gobain,10k catalog row 5159
LRG-05160,Bulk SKU 5160,Steel & Metal,pcs,670,INR,UltraTech,10k catalog row 5160
LRG-05161,Bulk SKU 5161,Tiles & Flooring,pcs,671,INR,Tata,10k catalog row 5161
LRG-05162,Bulk SKU 5162,Electrical Supplies,pcs,672,INR,Kajaria,10k catalog row 5162
LRG-05163,Bulk SKU 5163,Plumbing & HVAC,pcs,673,INR,Havells,10k catalog row 5163
LRG-05164,Bulk SKU 5164,Paint & Finishes,pcs,674,INR,Jaquar,10k catalog row 5164
LRG-05165,Bulk SKU 5165,Building Materials,pcs,675,INR,Asian Paints,10k catalog row 5165
LRG-05166,Bulk SKU 5166,Lighting & Fixtures,pcs,676,INR,Bosch,10k catalog row 5166
LRG-05167,Bulk SKU 5167,Timber & Wood,pcs,677,INR,3M,10k catalog row 5167
LRG-05168,Bulk SKU 5168,Glass & Aluminium,pcs,678,INR,Jindal,10k catalog row 5168
LRG-05169,Bulk SKU 5169,Sanitary Ware,pcs,679,INR,Saint-Gobain,10k catalog row 5169
LRG-05170,Bulk SKU 5170,Steel & Metal,pcs,680,INR,UltraTech,10k catalog row 5170
LRG-05171,Bulk SKU 5171,Tiles & Flooring,pcs,681,INR,Tata,10k catalog row 5171
LRG-05172,Bulk SKU 5172,Electrical Supplies,pcs,682,INR,Kajaria,10k catalog row 5172
LRG-05173,Bulk SKU 5173,Plumbing & HVAC,pcs,683,INR,Havells,10k catalog row 5173
LRG-05174,Bulk SKU 5174,Paint & Finishes,pcs,684,INR,Jaquar,10k catalog row 5174
LRG-05175,Bulk SKU 5175,Building Materials,pcs,685,INR,Asian Paints,10k catalog row 5175
LRG-05176,Bulk SKU 5176,Lighting & Fixtures,pcs,686,INR,Bosch,10k catalog row 5176
LRG-05177,Bulk SKU 5177,Timber & Wood,pcs,687,INR,3M,10k catalog row 5177
LRG-05178,Bulk SKU 5178,Glass & Aluminium,pcs,688,INR,Jindal,10k catalog row 5178
LRG-05179,Bulk SKU 5179,Sanitary Ware,pcs,689,INR,Saint-Gobain,10k catalog row 5179
LRG-05180,Bulk SKU 5180,Steel & Metal,pcs,690,INR,UltraTech,10k catalog row 5180
LRG-05181,Bulk SKU 5181,Tiles & Flooring,pcs,691,INR,Tata,10k catalog row 5181
LRG-05182,Bulk SKU 5182,Electrical Supplies,pcs,692,INR,Kajaria,10k catalog row 5182
LRG-05183,Bulk SKU 5183,Plumbing & HVAC,pcs,693,INR,Havells,10k catalog row 5183
LRG-05184,Bulk SKU 5184,Paint & Finishes,pcs,694,INR,Jaquar,10k catalog row 5184
LRG-05185,Bulk SKU 5185,Building Materials,pcs,695,INR,Asian Paints,10k catalog row 5185
LRG-05186,Bulk SKU 5186,Lighting & Fixtures,pcs,696,INR,Bosch,10k catalog row 5186
LRG-05187,Bulk SKU 5187,Timber & Wood,pcs,697,INR,3M,10k catalog row 5187
LRG-05188,Bulk SKU 5188,Glass & Aluminium,pcs,698,INR,Jindal,10k catalog row 5188
LRG-05189,Bulk SKU 5189,Sanitary Ware,pcs,699,INR,Saint-Gobain,10k catalog row 5189
LRG-05190,Bulk SKU 5190,Steel & Metal,pcs,700,INR,UltraTech,10k catalog row 5190
LRG-05191,Bulk SKU 5191,Tiles & Flooring,pcs,701,INR,Tata,10k catalog row 5191
LRG-05192,Bulk SKU 5192,Electrical Supplies,pcs,702,INR,Kajaria,10k catalog row 5192
LRG-05193,Bulk SKU 5193,Plumbing & HVAC,pcs,703,INR,Havells,10k catalog row 5193
LRG-05194,Bulk SKU 5194,Paint & Finishes,pcs,704,INR,Jaquar,10k catalog row 5194
LRG-05195,Bulk SKU 5195,Building Materials,pcs,705,INR,Asian Paints,10k catalog row 5195
LRG-05196,Bulk SKU 5196,Lighting & Fixtures,pcs,706,INR,Bosch,10k catalog row 5196
LRG-05197,Bulk SKU 5197,Timber & Wood,pcs,707,INR,3M,10k catalog row 5197
LRG-05198,Bulk SKU 5198,Glass & Aluminium,pcs,708,INR,Jindal,10k catalog row 5198
LRG-05199,Bulk SKU 5199,Sanitary Ware,pcs,709,INR,Saint-Gobain,10k catalog row 5199
LRG-05200,Bulk SKU 5200,Steel & Metal,pcs,710,INR,UltraTech,10k catalog row 5200
LRG-05201,Bulk SKU 5201,Tiles & Flooring,pcs,711,INR,Tata,10k catalog row 5201
LRG-05202,Bulk SKU 5202,Electrical Supplies,pcs,712,INR,Kajaria,10k catalog row 5202
LRG-05203,Bulk SKU 5203,Plumbing & HVAC,pcs,713,INR,Havells,10k catalog row 5203
LRG-05204,Bulk SKU 5204,Paint & Finishes,pcs,714,INR,Jaquar,10k catalog row 5204
LRG-05205,Bulk SKU 5205,Building Materials,pcs,715,INR,Asian Paints,10k catalog row 5205
LRG-05206,Bulk SKU 5206,Lighting & Fixtures,pcs,716,INR,Bosch,10k catalog row 5206
LRG-05207,Bulk SKU 5207,Timber & Wood,pcs,717,INR,3M,10k catalog row 5207
LRG-05208,Bulk SKU 5208,Glass & Aluminium,pcs,718,INR,Jindal,10k catalog row 5208
LRG-05209,Bulk SKU 5209,Sanitary Ware,pcs,719,INR,Saint-Gobain,10k catalog row 5209
LRG-05210,Bulk SKU 5210,Steel & Metal,pcs,720,INR,UltraTech,10k catalog row 5210
LRG-05211,Bulk SKU 5211,Tiles & Flooring,pcs,721,INR,Tata,10k catalog row 5211
LRG-05212,Bulk SKU 5212,Electrical Supplies,pcs,722,INR,Kajaria,10k catalog row 5212
LRG-05213,Bulk SKU 5213,Plumbing & HVAC,pcs,723,INR,Havells,10k catalog row 5213
LRG-05214,Bulk SKU 5214,Paint & Finishes,pcs,724,INR,Jaquar,10k catalog row 5214
LRG-05215,Bulk SKU 5215,Building Materials,pcs,725,INR,Asian Paints,10k catalog row 5215
LRG-05216,Bulk SKU 5216,Lighting & Fixtures,pcs,726,INR,Bosch,10k catalog row 5216
LRG-05217,Bulk SKU 5217,Timber & Wood,pcs,727,INR,3M,10k catalog row 5217
LRG-05218,Bulk SKU 5218,Glass & Aluminium,pcs,728,INR,Jindal,10k catalog row 5218
LRG-05219,Bulk SKU 5219,Sanitary Ware,pcs,729,INR,Saint-Gobain,10k catalog row 5219
LRG-05220,Bulk SKU 5220,Steel & Metal,pcs,730,INR,UltraTech,10k catalog row 5220
LRG-05221,Bulk SKU 5221,Tiles & Flooring,pcs,731,INR,Tata,10k catalog row 5221
LRG-05222,Bulk SKU 5222,Electrical Supplies,pcs,732,INR,Kajaria,10k catalog row 5222
LRG-05223,Bulk SKU 5223,Plumbing & HVAC,pcs,733,INR,Havells,10k catalog row 5223
LRG-05224,Bulk SKU 5224,Paint & Finishes,pcs,734,INR,Jaquar,10k catalog row 5224
LRG-05225,Bulk SKU 5225,Building Materials,pcs,735,INR,Asian Paints,10k catalog row 5225
LRG-05226,Bulk SKU 5226,Lighting & Fixtures,pcs,736,INR,Bosch,10k catalog row 5226
LRG-05227,Bulk SKU 5227,Timber & Wood,pcs,737,INR,3M,10k catalog row 5227
LRG-05228,Bulk SKU 5228,Glass & Aluminium,pcs,738,INR,Jindal,10k catalog row 5228
LRG-05229,Bulk SKU 5229,Sanitary Ware,pcs,739,INR,Saint-Gobain,10k catalog row 5229
LRG-05230,Bulk SKU 5230,Steel & Metal,pcs,740,INR,UltraTech,10k catalog row 5230
LRG-05231,Bulk SKU 5231,Tiles & Flooring,pcs,741,INR,Tata,10k catalog row 5231
LRG-05232,Bulk SKU 5232,Electrical Supplies,pcs,742,INR,Kajaria,10k catalog row 5232
LRG-05233,Bulk SKU 5233,Plumbing & HVAC,pcs,743,INR,Havells,10k catalog row 5233
LRG-05234,Bulk SKU 5234,Paint & Finishes,pcs,744,INR,Jaquar,10k catalog row 5234
LRG-05235,Bulk SKU 5235,Building Materials,pcs,745,INR,Asian Paints,10k catalog row 5235
LRG-05236,Bulk SKU 5236,Lighting & Fixtures,pcs,746,INR,Bosch,10k catalog row 5236
LRG-05237,Bulk SKU 5237,Timber & Wood,pcs,747,INR,3M,10k catalog row 5237
LRG-05238,Bulk SKU 5238,Glass & Aluminium,pcs,748,INR,Jindal,10k catalog row 5238
LRG-05239,Bulk SKU 5239,Sanitary Ware,pcs,749,INR,Saint-Gobain,10k catalog row 5239
LRG-05240,Bulk SKU 5240,Steel & Metal,pcs,750,INR,UltraTech,10k catalog row 5240
LRG-05241,Bulk SKU 5241,Tiles & Flooring,pcs,751,INR,Tata,10k catalog row 5241
LRG-05242,Bulk SKU 5242,Electrical Supplies,pcs,752,INR,Kajaria,10k catalog row 5242
LRG-05243,Bulk SKU 5243,Plumbing & HVAC,pcs,753,INR,Havells,10k catalog row 5243
LRG-05244,Bulk SKU 5244,Paint & Finishes,pcs,754,INR,Jaquar,10k catalog row 5244
LRG-05245,Bulk SKU 5245,Building Materials,pcs,755,INR,Asian Paints,10k catalog row 5245
LRG-05246,Bulk SKU 5246,Lighting & Fixtures,pcs,756,INR,Bosch,10k catalog row 5246
LRG-05247,Bulk SKU 5247,Timber & Wood,pcs,757,INR,3M,10k catalog row 5247
LRG-05248,Bulk SKU 5248,Glass & Aluminium,pcs,758,INR,Jindal,10k catalog row 5248
LRG-05249,Bulk SKU 5249,Sanitary Ware,pcs,759,INR,Saint-Gobain,10k catalog row 5249
LRG-05250,Bulk SKU 5250,Steel & Metal,pcs,760,INR,UltraTech,10k catalog row 5250
LRG-05251,Bulk SKU 5251,Tiles & Flooring,pcs,761,INR,Tata,10k catalog row 5251
LRG-05252,Bulk SKU 5252,Electrical Supplies,pcs,762,INR,Kajaria,10k catalog row 5252
LRG-05253,Bulk SKU 5253,Plumbing & HVAC,pcs,763,INR,Havells,10k catalog row 5253
LRG-05254,Bulk SKU 5254,Paint & Finishes,pcs,764,INR,Jaquar,10k catalog row 5254
LRG-05255,Bulk SKU 5255,Building Materials,pcs,765,INR,Asian Paints,10k catalog row 5255
LRG-05256,Bulk SKU 5256,Lighting & Fixtures,pcs,766,INR,Bosch,10k catalog row 5256
LRG-05257,Bulk SKU 5257,Timber & Wood,pcs,767,INR,3M,10k catalog row 5257
LRG-05258,Bulk SKU 5258,Glass & Aluminium,pcs,768,INR,Jindal,10k catalog row 5258
LRG-05259,Bulk SKU 5259,Sanitary Ware,pcs,769,INR,Saint-Gobain,10k catalog row 5259
LRG-05260,Bulk SKU 5260,Steel & Metal,pcs,770,INR,UltraTech,10k catalog row 5260
LRG-05261,Bulk SKU 5261,Tiles & Flooring,pcs,771,INR,Tata,10k catalog row 5261
LRG-05262,Bulk SKU 5262,Electrical Supplies,pcs,772,INR,Kajaria,10k catalog row 5262
LRG-05263,Bulk SKU 5263,Plumbing & HVAC,pcs,773,INR,Havells,10k catalog row 5263
LRG-05264,Bulk SKU 5264,Paint & Finishes,pcs,774,INR,Jaquar,10k catalog row 5264
LRG-05265,Bulk SKU 5265,Building Materials,pcs,775,INR,Asian Paints,10k catalog row 5265
LRG-05266,Bulk SKU 5266,Lighting & Fixtures,pcs,776,INR,Bosch,10k catalog row 5266
LRG-05267,Bulk SKU 5267,Timber & Wood,pcs,777,INR,3M,10k catalog row 5267
LRG-05268,Bulk SKU 5268,Glass & Aluminium,pcs,778,INR,Jindal,10k catalog row 5268
LRG-05269,Bulk SKU 5269,Sanitary Ware,pcs,779,INR,Saint-Gobain,10k catalog row 5269
LRG-05270,Bulk SKU 5270,Steel & Metal,pcs,780,INR,UltraTech,10k catalog row 5270
LRG-05271,Bulk SKU 5271,Tiles & Flooring,pcs,781,INR,Tata,10k catalog row 5271
LRG-05272,Bulk SKU 5272,Electrical Supplies,pcs,782,INR,Kajaria,10k catalog row 5272
LRG-05273,Bulk SKU 5273,Plumbing & HVAC,pcs,783,INR,Havells,10k catalog row 5273
LRG-05274,Bulk SKU 5274,Paint & Finishes,pcs,784,INR,Jaquar,10k catalog row 5274
LRG-05275,Bulk SKU 5275,Building Materials,pcs,785,INR,Asian Paints,10k catalog row 5275
LRG-05276,Bulk SKU 5276,Lighting & Fixtures,pcs,786,INR,Bosch,10k catalog row 5276
LRG-05277,Bulk SKU 5277,Timber & Wood,pcs,787,INR,3M,10k catalog row 5277
LRG-05278,Bulk SKU 5278,Glass & Aluminium,pcs,788,INR,Jindal,10k catalog row 5278
LRG-05279,Bulk SKU 5279,Sanitary Ware,pcs,789,INR,Saint-Gobain,10k catalog row 5279
LRG-05280,Bulk SKU 5280,Steel & Metal,pcs,790,INR,UltraTech,10k catalog row 5280
LRG-05281,Bulk SKU 5281,Tiles & Flooring,pcs,791,INR,Tata,10k catalog row 5281
LRG-05282,Bulk SKU 5282,Electrical Supplies,pcs,792,INR,Kajaria,10k catalog row 5282
LRG-05283,Bulk SKU 5283,Plumbing & HVAC,pcs,793,INR,Havells,10k catalog row 5283
LRG-05284,Bulk SKU 5284,Paint & Finishes,pcs,794,INR,Jaquar,10k catalog row 5284
LRG-05285,Bulk SKU 5285,Building Materials,pcs,795,INR,Asian Paints,10k catalog row 5285
LRG-05286,Bulk SKU 5286,Lighting & Fixtures,pcs,796,INR,Bosch,10k catalog row 5286
LRG-05287,Bulk SKU 5287,Timber & Wood,pcs,797,INR,3M,10k catalog row 5287
LRG-05288,Bulk SKU 5288,Glass & Aluminium,pcs,798,INR,Jindal,10k catalog row 5288
LRG-05289,Bulk SKU 5289,Sanitary Ware,pcs,799,INR,Saint-Gobain,10k catalog row 5289
LRG-05290,Bulk SKU 5290,Steel & Metal,pcs,800,INR,UltraTech,10k catalog row 5290
LRG-05291,Bulk SKU 5291,Tiles & Flooring,pcs,801,INR,Tata,10k catalog row 5291
LRG-05292,Bulk SKU 5292,Electrical Supplies,pcs,802,INR,Kajaria,10k catalog row 5292
LRG-05293,Bulk SKU 5293,Plumbing & HVAC,pcs,803,INR,Havells,10k catalog row 5293
LRG-05294,Bulk SKU 5294,Paint & Finishes,pcs,804,INR,Jaquar,10k catalog row 5294
LRG-05295,Bulk SKU 5295,Building Materials,pcs,805,INR,Asian Paints,10k catalog row 5295
LRG-05296,Bulk SKU 5296,Lighting & Fixtures,pcs,806,INR,Bosch,10k catalog row 5296
LRG-05297,Bulk SKU 5297,Timber & Wood,pcs,807,INR,3M,10k catalog row 5297
LRG-05298,Bulk SKU 5298,Glass & Aluminium,pcs,808,INR,Jindal,10k catalog row 5298
LRG-05299,Bulk SKU 5299,Sanitary Ware,pcs,809,INR,Saint-Gobain,10k catalog row 5299
LRG-05300,Bulk SKU 5300,Steel & Metal,pcs,810,INR,UltraTech,10k catalog row 5300
LRG-05301,Bulk SKU 5301,Tiles & Flooring,pcs,811,INR,Tata,10k catalog row 5301
LRG-05302,Bulk SKU 5302,Electrical Supplies,pcs,812,INR,Kajaria,10k catalog row 5302
LRG-05303,Bulk SKU 5303,Plumbing & HVAC,pcs,813,INR,Havells,10k catalog row 5303
LRG-05304,Bulk SKU 5304,Paint & Finishes,pcs,814,INR,Jaquar,10k catalog row 5304
LRG-05305,Bulk SKU 5305,Building Materials,pcs,815,INR,Asian Paints,10k catalog row 5305
LRG-05306,Bulk SKU 5306,Lighting & Fixtures,pcs,816,INR,Bosch,10k catalog row 5306
LRG-05307,Bulk SKU 5307,Timber & Wood,pcs,817,INR,3M,10k catalog row 5307
LRG-05308,Bulk SKU 5308,Glass & Aluminium,pcs,818,INR,Jindal,10k catalog row 5308
LRG-05309,Bulk SKU 5309,Sanitary Ware,pcs,819,INR,Saint-Gobain,10k catalog row 5309
LRG-05310,Bulk SKU 5310,Steel & Metal,pcs,820,INR,UltraTech,10k catalog row 5310
LRG-05311,Bulk SKU 5311,Tiles & Flooring,pcs,821,INR,Tata,10k catalog row 5311
LRG-05312,Bulk SKU 5312,Electrical Supplies,pcs,822,INR,Kajaria,10k catalog row 5312
LRG-05313,Bulk SKU 5313,Plumbing & HVAC,pcs,823,INR,Havells,10k catalog row 5313
LRG-05314,Bulk SKU 5314,Paint & Finishes,pcs,824,INR,Jaquar,10k catalog row 5314
LRG-05315,Bulk SKU 5315,Building Materials,pcs,825,INR,Asian Paints,10k catalog row 5315
LRG-05316,Bulk SKU 5316,Lighting & Fixtures,pcs,826,INR,Bosch,10k catalog row 5316
LRG-05317,Bulk SKU 5317,Timber & Wood,pcs,827,INR,3M,10k catalog row 5317
LRG-05318,Bulk SKU 5318,Glass & Aluminium,pcs,828,INR,Jindal,10k catalog row 5318
LRG-05319,Bulk SKU 5319,Sanitary Ware,pcs,829,INR,Saint-Gobain,10k catalog row 5319
LRG-05320,Bulk SKU 5320,Steel & Metal,pcs,830,INR,UltraTech,10k catalog row 5320
LRG-05321,Bulk SKU 5321,Tiles & Flooring,pcs,831,INR,Tata,10k catalog row 5321
LRG-05322,Bulk SKU 5322,Electrical Supplies,pcs,832,INR,Kajaria,10k catalog row 5322
LRG-05323,Bulk SKU 5323,Plumbing & HVAC,pcs,833,INR,Havells,10k catalog row 5323
LRG-05324,Bulk SKU 5324,Paint & Finishes,pcs,834,INR,Jaquar,10k catalog row 5324
LRG-05325,Bulk SKU 5325,Building Materials,pcs,835,INR,Asian Paints,10k catalog row 5325
LRG-05326,Bulk SKU 5326,Lighting & Fixtures,pcs,836,INR,Bosch,10k catalog row 5326
LRG-05327,Bulk SKU 5327,Timber & Wood,pcs,837,INR,3M,10k catalog row 5327
LRG-05328,Bulk SKU 5328,Glass & Aluminium,pcs,838,INR,Jindal,10k catalog row 5328
LRG-05329,Bulk SKU 5329,Sanitary Ware,pcs,839,INR,Saint-Gobain,10k catalog row 5329
LRG-05330,Bulk SKU 5330,Steel & Metal,pcs,840,INR,UltraTech,10k catalog row 5330
LRG-05331,Bulk SKU 5331,Tiles & Flooring,pcs,841,INR,Tata,10k catalog row 5331
LRG-05332,Bulk SKU 5332,Electrical Supplies,pcs,842,INR,Kajaria,10k catalog row 5332
LRG-05333,Bulk SKU 5333,Plumbing & HVAC,pcs,843,INR,Havells,10k catalog row 5333
LRG-05334,Bulk SKU 5334,Paint & Finishes,pcs,844,INR,Jaquar,10k catalog row 5334
LRG-05335,Bulk SKU 5335,Building Materials,pcs,845,INR,Asian Paints,10k catalog row 5335
LRG-05336,Bulk SKU 5336,Lighting & Fixtures,pcs,846,INR,Bosch,10k catalog row 5336
LRG-05337,Bulk SKU 5337,Timber & Wood,pcs,847,INR,3M,10k catalog row 5337
LRG-05338,Bulk SKU 5338,Glass & Aluminium,pcs,848,INR,Jindal,10k catalog row 5338
LRG-05339,Bulk SKU 5339,Sanitary Ware,pcs,849,INR,Saint-Gobain,10k catalog row 5339
LRG-05340,Bulk SKU 5340,Steel & Metal,pcs,850,INR,UltraTech,10k catalog row 5340
LRG-05341,Bulk SKU 5341,Tiles & Flooring,pcs,851,INR,Tata,10k catalog row 5341
LRG-05342,Bulk SKU 5342,Electrical Supplies,pcs,852,INR,Kajaria,10k catalog row 5342
LRG-05343,Bulk SKU 5343,Plumbing & HVAC,pcs,853,INR,Havells,10k catalog row 5343
LRG-05344,Bulk SKU 5344,Paint & Finishes,pcs,854,INR,Jaquar,10k catalog row 5344
LRG-05345,Bulk SKU 5345,Building Materials,pcs,855,INR,Asian Paints,10k catalog row 5345
LRG-05346,Bulk SKU 5346,Lighting & Fixtures,pcs,856,INR,Bosch,10k catalog row 5346
LRG-05347,Bulk SKU 5347,Timber & Wood,pcs,857,INR,3M,10k catalog row 5347
LRG-05348,Bulk SKU 5348,Glass & Aluminium,pcs,858,INR,Jindal,10k catalog row 5348
LRG-05349,Bulk SKU 5349,Sanitary Ware,pcs,859,INR,Saint-Gobain,10k catalog row 5349
LRG-05350,Bulk SKU 5350,Steel & Metal,pcs,860,INR,UltraTech,10k catalog row 5350
LRG-05351,Bulk SKU 5351,Tiles & Flooring,pcs,861,INR,Tata,10k catalog row 5351
LRG-05352,Bulk SKU 5352,Electrical Supplies,pcs,862,INR,Kajaria,10k catalog row 5352
LRG-05353,Bulk SKU 5353,Plumbing & HVAC,pcs,863,INR,Havells,10k catalog row 5353
LRG-05354,Bulk SKU 5354,Paint & Finishes,pcs,864,INR,Jaquar,10k catalog row 5354
LRG-05355,Bulk SKU 5355,Building Materials,pcs,865,INR,Asian Paints,10k catalog row 5355
LRG-05356,Bulk SKU 5356,Lighting & Fixtures,pcs,866,INR,Bosch,10k catalog row 5356
LRG-05357,Bulk SKU 5357,Timber & Wood,pcs,867,INR,3M,10k catalog row 5357
LRG-05358,Bulk SKU 5358,Glass & Aluminium,pcs,868,INR,Jindal,10k catalog row 5358
LRG-05359,Bulk SKU 5359,Sanitary Ware,pcs,869,INR,Saint-Gobain,10k catalog row 5359
LRG-05360,Bulk SKU 5360,Steel & Metal,pcs,870,INR,UltraTech,10k catalog row 5360
LRG-05361,Bulk SKU 5361,Tiles & Flooring,pcs,871,INR,Tata,10k catalog row 5361
LRG-05362,Bulk SKU 5362,Electrical Supplies,pcs,872,INR,Kajaria,10k catalog row 5362
LRG-05363,Bulk SKU 5363,Plumbing & HVAC,pcs,873,INR,Havells,10k catalog row 5363
LRG-05364,Bulk SKU 5364,Paint & Finishes,pcs,874,INR,Jaquar,10k catalog row 5364
LRG-05365,Bulk SKU 5365,Building Materials,pcs,875,INR,Asian Paints,10k catalog row 5365
LRG-05366,Bulk SKU 5366,Lighting & Fixtures,pcs,876,INR,Bosch,10k catalog row 5366
LRG-05367,Bulk SKU 5367,Timber & Wood,pcs,877,INR,3M,10k catalog row 5367
LRG-05368,Bulk SKU 5368,Glass & Aluminium,pcs,878,INR,Jindal,10k catalog row 5368
LRG-05369,Bulk SKU 5369,Sanitary Ware,pcs,879,INR,Saint-Gobain,10k catalog row 5369
LRG-05370,Bulk SKU 5370,Steel & Metal,pcs,880,INR,UltraTech,10k catalog row 5370
LRG-05371,Bulk SKU 5371,Tiles & Flooring,pcs,881,INR,Tata,10k catalog row 5371
LRG-05372,Bulk SKU 5372,Electrical Supplies,pcs,882,INR,Kajaria,10k catalog row 5372
LRG-05373,Bulk SKU 5373,Plumbing & HVAC,pcs,883,INR,Havells,10k catalog row 5373
LRG-05374,Bulk SKU 5374,Paint & Finishes,pcs,884,INR,Jaquar,10k catalog row 5374
LRG-05375,Bulk SKU 5375,Building Materials,pcs,885,INR,Asian Paints,10k catalog row 5375
LRG-05376,Bulk SKU 5376,Lighting & Fixtures,pcs,886,INR,Bosch,10k catalog row 5376
LRG-05377,Bulk SKU 5377,Timber & Wood,pcs,887,INR,3M,10k catalog row 5377
LRG-05378,Bulk SKU 5378,Glass & Aluminium,pcs,888,INR,Jindal,10k catalog row 5378
LRG-05379,Bulk SKU 5379,Sanitary Ware,pcs,889,INR,Saint-Gobain,10k catalog row 5379
LRG-05380,Bulk SKU 5380,Steel & Metal,pcs,890,INR,UltraTech,10k catalog row 5380
LRG-05381,Bulk SKU 5381,Tiles & Flooring,pcs,891,INR,Tata,10k catalog row 5381
LRG-05382,Bulk SKU 5382,Electrical Supplies,pcs,892,INR,Kajaria,10k catalog row 5382
LRG-05383,Bulk SKU 5383,Plumbing & HVAC,pcs,893,INR,Havells,10k catalog row 5383
LRG-05384,Bulk SKU 5384,Paint & Finishes,pcs,894,INR,Jaquar,10k catalog row 5384
LRG-05385,Bulk SKU 5385,Building Materials,pcs,895,INR,Asian Paints,10k catalog row 5385
LRG-05386,Bulk SKU 5386,Lighting & Fixtures,pcs,896,INR,Bosch,10k catalog row 5386
LRG-05387,Bulk SKU 5387,Timber & Wood,pcs,897,INR,3M,10k catalog row 5387
LRG-05388,Bulk SKU 5388,Glass & Aluminium,pcs,898,INR,Jindal,10k catalog row 5388
LRG-05389,Bulk SKU 5389,Sanitary Ware,pcs,899,INR,Saint-Gobain,10k catalog row 5389
LRG-05390,Bulk SKU 5390,Steel & Metal,pcs,900,INR,UltraTech,10k catalog row 5390
LRG-05391,Bulk SKU 5391,Tiles & Flooring,pcs,901,INR,Tata,10k catalog row 5391
LRG-05392,Bulk SKU 5392,Electrical Supplies,pcs,902,INR,Kajaria,10k catalog row 5392
LRG-05393,Bulk SKU 5393,Plumbing & HVAC,pcs,903,INR,Havells,10k catalog row 5393
LRG-05394,Bulk SKU 5394,Paint & Finishes,pcs,904,INR,Jaquar,10k catalog row 5394
LRG-05395,Bulk SKU 5395,Building Materials,pcs,905,INR,Asian Paints,10k catalog row 5395
LRG-05396,Bulk SKU 5396,Lighting & Fixtures,pcs,906,INR,Bosch,10k catalog row 5396
LRG-05397,Bulk SKU 5397,Timber & Wood,pcs,907,INR,3M,10k catalog row 5397
LRG-05398,Bulk SKU 5398,Glass & Aluminium,pcs,908,INR,Jindal,10k catalog row 5398
LRG-05399,Bulk SKU 5399,Sanitary Ware,pcs,909,INR,Saint-Gobain,10k catalog row 5399
LRG-05400,Bulk SKU 5400,Steel & Metal,pcs,10,INR,UltraTech,10k catalog row 5400
LRG-05401,Bulk SKU 5401,Tiles & Flooring,pcs,11,INR,Tata,10k catalog row 5401
LRG-05402,Bulk SKU 5402,Electrical Supplies,pcs,12,INR,Kajaria,10k catalog row 5402
LRG-05403,Bulk SKU 5403,Plumbing & HVAC,pcs,13,INR,Havells,10k catalog row 5403
LRG-05404,Bulk SKU 5404,Paint & Finishes,pcs,14,INR,Jaquar,10k catalog row 5404
LRG-05405,Bulk SKU 5405,Building Materials,pcs,15,INR,Asian Paints,10k catalog row 5405
LRG-05406,Bulk SKU 5406,Lighting & Fixtures,pcs,16,INR,Bosch,10k catalog row 5406
LRG-05407,Bulk SKU 5407,Timber & Wood,pcs,17,INR,3M,10k catalog row 5407
LRG-05408,Bulk SKU 5408,Glass & Aluminium,pcs,18,INR,Jindal,10k catalog row 5408
LRG-05409,Bulk SKU 5409,Sanitary Ware,pcs,19,INR,Saint-Gobain,10k catalog row 5409
LRG-05410,Bulk SKU 5410,Steel & Metal,pcs,20,INR,UltraTech,10k catalog row 5410
LRG-05411,Bulk SKU 5411,Tiles & Flooring,pcs,21,INR,Tata,10k catalog row 5411
LRG-05412,Bulk SKU 5412,Electrical Supplies,pcs,22,INR,Kajaria,10k catalog row 5412
LRG-05413,Bulk SKU 5413,Plumbing & HVAC,pcs,23,INR,Havells,10k catalog row 5413
LRG-05414,Bulk SKU 5414,Paint & Finishes,pcs,24,INR,Jaquar,10k catalog row 5414
LRG-05415,Bulk SKU 5415,Building Materials,pcs,25,INR,Asian Paints,10k catalog row 5415
LRG-05416,Bulk SKU 5416,Lighting & Fixtures,pcs,26,INR,Bosch,10k catalog row 5416
LRG-05417,Bulk SKU 5417,Timber & Wood,pcs,27,INR,3M,10k catalog row 5417
LRG-05418,Bulk SKU 5418,Glass & Aluminium,pcs,28,INR,Jindal,10k catalog row 5418
LRG-05419,Bulk SKU 5419,Sanitary Ware,pcs,29,INR,Saint-Gobain,10k catalog row 5419
LRG-05420,Bulk SKU 5420,Steel & Metal,pcs,30,INR,UltraTech,10k catalog row 5420
LRG-05421,Bulk SKU 5421,Tiles & Flooring,pcs,31,INR,Tata,10k catalog row 5421
LRG-05422,Bulk SKU 5422,Electrical Supplies,pcs,32,INR,Kajaria,10k catalog row 5422
LRG-05423,Bulk SKU 5423,Plumbing & HVAC,pcs,33,INR,Havells,10k catalog row 5423
LRG-05424,Bulk SKU 5424,Paint & Finishes,pcs,34,INR,Jaquar,10k catalog row 5424
LRG-05425,Bulk SKU 5425,Building Materials,pcs,35,INR,Asian Paints,10k catalog row 5425
LRG-05426,Bulk SKU 5426,Lighting & Fixtures,pcs,36,INR,Bosch,10k catalog row 5426
LRG-05427,Bulk SKU 5427,Timber & Wood,pcs,37,INR,3M,10k catalog row 5427
LRG-05428,Bulk SKU 5428,Glass & Aluminium,pcs,38,INR,Jindal,10k catalog row 5428
LRG-05429,Bulk SKU 5429,Sanitary Ware,pcs,39,INR,Saint-Gobain,10k catalog row 5429
LRG-05430,Bulk SKU 5430,Steel & Metal,pcs,40,INR,UltraTech,10k catalog row 5430
LRG-05431,Bulk SKU 5431,Tiles & Flooring,pcs,41,INR,Tata,10k catalog row 5431
LRG-05432,Bulk SKU 5432,Electrical Supplies,pcs,42,INR,Kajaria,10k catalog row 5432
LRG-05433,Bulk SKU 5433,Plumbing & HVAC,pcs,43,INR,Havells,10k catalog row 5433
LRG-05434,Bulk SKU 5434,Paint & Finishes,pcs,44,INR,Jaquar,10k catalog row 5434
LRG-05435,Bulk SKU 5435,Building Materials,pcs,45,INR,Asian Paints,10k catalog row 5435
LRG-05436,Bulk SKU 5436,Lighting & Fixtures,pcs,46,INR,Bosch,10k catalog row 5436
LRG-05437,Bulk SKU 5437,Timber & Wood,pcs,47,INR,3M,10k catalog row 5437
LRG-05438,Bulk SKU 5438,Glass & Aluminium,pcs,48,INR,Jindal,10k catalog row 5438
LRG-05439,Bulk SKU 5439,Sanitary Ware,pcs,49,INR,Saint-Gobain,10k catalog row 5439
LRG-05440,Bulk SKU 5440,Steel & Metal,pcs,50,INR,UltraTech,10k catalog row 5440
LRG-05441,Bulk SKU 5441,Tiles & Flooring,pcs,51,INR,Tata,10k catalog row 5441
LRG-05442,Bulk SKU 5442,Electrical Supplies,pcs,52,INR,Kajaria,10k catalog row 5442
LRG-05443,Bulk SKU 5443,Plumbing & HVAC,pcs,53,INR,Havells,10k catalog row 5443
LRG-05444,Bulk SKU 5444,Paint & Finishes,pcs,54,INR,Jaquar,10k catalog row 5444
LRG-05445,Bulk SKU 5445,Building Materials,pcs,55,INR,Asian Paints,10k catalog row 5445
LRG-05446,Bulk SKU 5446,Lighting & Fixtures,pcs,56,INR,Bosch,10k catalog row 5446
LRG-05447,Bulk SKU 5447,Timber & Wood,pcs,57,INR,3M,10k catalog row 5447
LRG-05448,Bulk SKU 5448,Glass & Aluminium,pcs,58,INR,Jindal,10k catalog row 5448
LRG-05449,Bulk SKU 5449,Sanitary Ware,pcs,59,INR,Saint-Gobain,10k catalog row 5449
LRG-05450,Bulk SKU 5450,Steel & Metal,pcs,60,INR,UltraTech,10k catalog row 5450
LRG-05451,Bulk SKU 5451,Tiles & Flooring,pcs,61,INR,Tata,10k catalog row 5451
LRG-05452,Bulk SKU 5452,Electrical Supplies,pcs,62,INR,Kajaria,10k catalog row 5452
LRG-05453,Bulk SKU 5453,Plumbing & HVAC,pcs,63,INR,Havells,10k catalog row 5453
LRG-05454,Bulk SKU 5454,Paint & Finishes,pcs,64,INR,Jaquar,10k catalog row 5454
LRG-05455,Bulk SKU 5455,Building Materials,pcs,65,INR,Asian Paints,10k catalog row 5455
LRG-05456,Bulk SKU 5456,Lighting & Fixtures,pcs,66,INR,Bosch,10k catalog row 5456
LRG-05457,Bulk SKU 5457,Timber & Wood,pcs,67,INR,3M,10k catalog row 5457
LRG-05458,Bulk SKU 5458,Glass & Aluminium,pcs,68,INR,Jindal,10k catalog row 5458
LRG-05459,Bulk SKU 5459,Sanitary Ware,pcs,69,INR,Saint-Gobain,10k catalog row 5459
LRG-05460,Bulk SKU 5460,Steel & Metal,pcs,70,INR,UltraTech,10k catalog row 5460
LRG-05461,Bulk SKU 5461,Tiles & Flooring,pcs,71,INR,Tata,10k catalog row 5461
LRG-05462,Bulk SKU 5462,Electrical Supplies,pcs,72,INR,Kajaria,10k catalog row 5462
LRG-05463,Bulk SKU 5463,Plumbing & HVAC,pcs,73,INR,Havells,10k catalog row 5463
LRG-05464,Bulk SKU 5464,Paint & Finishes,pcs,74,INR,Jaquar,10k catalog row 5464
LRG-05465,Bulk SKU 5465,Building Materials,pcs,75,INR,Asian Paints,10k catalog row 5465
LRG-05466,Bulk SKU 5466,Lighting & Fixtures,pcs,76,INR,Bosch,10k catalog row 5466
LRG-05467,Bulk SKU 5467,Timber & Wood,pcs,77,INR,3M,10k catalog row 5467
LRG-05468,Bulk SKU 5468,Glass & Aluminium,pcs,78,INR,Jindal,10k catalog row 5468
LRG-05469,Bulk SKU 5469,Sanitary Ware,pcs,79,INR,Saint-Gobain,10k catalog row 5469
LRG-05470,Bulk SKU 5470,Steel & Metal,pcs,80,INR,UltraTech,10k catalog row 5470
LRG-05471,Bulk SKU 5471,Tiles & Flooring,pcs,81,INR,Tata,10k catalog row 5471
LRG-05472,Bulk SKU 5472,Electrical Supplies,pcs,82,INR,Kajaria,10k catalog row 5472
LRG-05473,Bulk SKU 5473,Plumbing & HVAC,pcs,83,INR,Havells,10k catalog row 5473
LRG-05474,Bulk SKU 5474,Paint & Finishes,pcs,84,INR,Jaquar,10k catalog row 5474
LRG-05475,Bulk SKU 5475,Building Materials,pcs,85,INR,Asian Paints,10k catalog row 5475
LRG-05476,Bulk SKU 5476,Lighting & Fixtures,pcs,86,INR,Bosch,10k catalog row 5476
LRG-05477,Bulk SKU 5477,Timber & Wood,pcs,87,INR,3M,10k catalog row 5477
LRG-05478,Bulk SKU 5478,Glass & Aluminium,pcs,88,INR,Jindal,10k catalog row 5478
LRG-05479,Bulk SKU 5479,Sanitary Ware,pcs,89,INR,Saint-Gobain,10k catalog row 5479
LRG-05480,Bulk SKU 5480,Steel & Metal,pcs,90,INR,UltraTech,10k catalog row 5480
LRG-05481,Bulk SKU 5481,Tiles & Flooring,pcs,91,INR,Tata,10k catalog row 5481
LRG-05482,Bulk SKU 5482,Electrical Supplies,pcs,92,INR,Kajaria,10k catalog row 5482
LRG-05483,Bulk SKU 5483,Plumbing & HVAC,pcs,93,INR,Havells,10k catalog row 5483
LRG-05484,Bulk SKU 5484,Paint & Finishes,pcs,94,INR,Jaquar,10k catalog row 5484
LRG-05485,Bulk SKU 5485,Building Materials,pcs,95,INR,Asian Paints,10k catalog row 5485
LRG-05486,Bulk SKU 5486,Lighting & Fixtures,pcs,96,INR,Bosch,10k catalog row 5486
LRG-05487,Bulk SKU 5487,Timber & Wood,pcs,97,INR,3M,10k catalog row 5487
LRG-05488,Bulk SKU 5488,Glass & Aluminium,pcs,98,INR,Jindal,10k catalog row 5488
LRG-05489,Bulk SKU 5489,Sanitary Ware,pcs,99,INR,Saint-Gobain,10k catalog row 5489
LRG-05490,Bulk SKU 5490,Steel & Metal,pcs,100,INR,UltraTech,10k catalog row 5490
LRG-05491,Bulk SKU 5491,Tiles & Flooring,pcs,101,INR,Tata,10k catalog row 5491
LRG-05492,Bulk SKU 5492,Electrical Supplies,pcs,102,INR,Kajaria,10k catalog row 5492
LRG-05493,Bulk SKU 5493,Plumbing & HVAC,pcs,103,INR,Havells,10k catalog row 5493
LRG-05494,Bulk SKU 5494,Paint & Finishes,pcs,104,INR,Jaquar,10k catalog row 5494
LRG-05495,Bulk SKU 5495,Building Materials,pcs,105,INR,Asian Paints,10k catalog row 5495
LRG-05496,Bulk SKU 5496,Lighting & Fixtures,pcs,106,INR,Bosch,10k catalog row 5496
LRG-05497,Bulk SKU 5497,Timber & Wood,pcs,107,INR,3M,10k catalog row 5497
LRG-05498,Bulk SKU 5498,Glass & Aluminium,pcs,108,INR,Jindal,10k catalog row 5498
LRG-05499,Bulk SKU 5499,Sanitary Ware,pcs,109,INR,Saint-Gobain,10k catalog row 5499
LRG-05500,Bulk SKU 5500,Steel & Metal,pcs,110,INR,UltraTech,10k catalog row 5500
LRG-05501,Bulk SKU 5501,Tiles & Flooring,pcs,111,INR,Tata,10k catalog row 5501
LRG-05502,Bulk SKU 5502,Electrical Supplies,pcs,112,INR,Kajaria,10k catalog row 5502
LRG-05503,Bulk SKU 5503,Plumbing & HVAC,pcs,113,INR,Havells,10k catalog row 5503
LRG-05504,Bulk SKU 5504,Paint & Finishes,pcs,114,INR,Jaquar,10k catalog row 5504
LRG-05505,Bulk SKU 5505,Building Materials,pcs,115,INR,Asian Paints,10k catalog row 5505
LRG-05506,Bulk SKU 5506,Lighting & Fixtures,pcs,116,INR,Bosch,10k catalog row 5506
LRG-05507,Bulk SKU 5507,Timber & Wood,pcs,117,INR,3M,10k catalog row 5507
LRG-05508,Bulk SKU 5508,Glass & Aluminium,pcs,118,INR,Jindal,10k catalog row 5508
LRG-05509,Bulk SKU 5509,Sanitary Ware,pcs,119,INR,Saint-Gobain,10k catalog row 5509
LRG-05510,Bulk SKU 5510,Steel & Metal,pcs,120,INR,UltraTech,10k catalog row 5510
LRG-05511,Bulk SKU 5511,Tiles & Flooring,pcs,121,INR,Tata,10k catalog row 5511
LRG-05512,Bulk SKU 5512,Electrical Supplies,pcs,122,INR,Kajaria,10k catalog row 5512
LRG-05513,Bulk SKU 5513,Plumbing & HVAC,pcs,123,INR,Havells,10k catalog row 5513
LRG-05514,Bulk SKU 5514,Paint & Finishes,pcs,124,INR,Jaquar,10k catalog row 5514
LRG-05515,Bulk SKU 5515,Building Materials,pcs,125,INR,Asian Paints,10k catalog row 5515
LRG-05516,Bulk SKU 5516,Lighting & Fixtures,pcs,126,INR,Bosch,10k catalog row 5516
LRG-05517,Bulk SKU 5517,Timber & Wood,pcs,127,INR,3M,10k catalog row 5517
LRG-05518,Bulk SKU 5518,Glass & Aluminium,pcs,128,INR,Jindal,10k catalog row 5518
LRG-05519,Bulk SKU 5519,Sanitary Ware,pcs,129,INR,Saint-Gobain,10k catalog row 5519
LRG-05520,Bulk SKU 5520,Steel & Metal,pcs,130,INR,UltraTech,10k catalog row 5520
LRG-05521,Bulk SKU 5521,Tiles & Flooring,pcs,131,INR,Tata,10k catalog row 5521
LRG-05522,Bulk SKU 5522,Electrical Supplies,pcs,132,INR,Kajaria,10k catalog row 5522
LRG-05523,Bulk SKU 5523,Plumbing & HVAC,pcs,133,INR,Havells,10k catalog row 5523
LRG-05524,Bulk SKU 5524,Paint & Finishes,pcs,134,INR,Jaquar,10k catalog row 5524
LRG-05525,Bulk SKU 5525,Building Materials,pcs,135,INR,Asian Paints,10k catalog row 5525
LRG-05526,Bulk SKU 5526,Lighting & Fixtures,pcs,136,INR,Bosch,10k catalog row 5526
LRG-05527,Bulk SKU 5527,Timber & Wood,pcs,137,INR,3M,10k catalog row 5527
LRG-05528,Bulk SKU 5528,Glass & Aluminium,pcs,138,INR,Jindal,10k catalog row 5528
LRG-05529,Bulk SKU 5529,Sanitary Ware,pcs,139,INR,Saint-Gobain,10k catalog row 5529
LRG-05530,Bulk SKU 5530,Steel & Metal,pcs,140,INR,UltraTech,10k catalog row 5530
LRG-05531,Bulk SKU 5531,Tiles & Flooring,pcs,141,INR,Tata,10k catalog row 5531
LRG-05532,Bulk SKU 5532,Electrical Supplies,pcs,142,INR,Kajaria,10k catalog row 5532
LRG-05533,Bulk SKU 5533,Plumbing & HVAC,pcs,143,INR,Havells,10k catalog row 5533
LRG-05534,Bulk SKU 5534,Paint & Finishes,pcs,144,INR,Jaquar,10k catalog row 5534
LRG-05535,Bulk SKU 5535,Building Materials,pcs,145,INR,Asian Paints,10k catalog row 5535
LRG-05536,Bulk SKU 5536,Lighting & Fixtures,pcs,146,INR,Bosch,10k catalog row 5536
LRG-05537,Bulk SKU 5537,Timber & Wood,pcs,147,INR,3M,10k catalog row 5537
LRG-05538,Bulk SKU 5538,Glass & Aluminium,pcs,148,INR,Jindal,10k catalog row 5538
LRG-05539,Bulk SKU 5539,Sanitary Ware,pcs,149,INR,Saint-Gobain,10k catalog row 5539
LRG-05540,Bulk SKU 5540,Steel & Metal,pcs,150,INR,UltraTech,10k catalog row 5540
LRG-05541,Bulk SKU 5541,Tiles & Flooring,pcs,151,INR,Tata,10k catalog row 5541
LRG-05542,Bulk SKU 5542,Electrical Supplies,pcs,152,INR,Kajaria,10k catalog row 5542
LRG-05543,Bulk SKU 5543,Plumbing & HVAC,pcs,153,INR,Havells,10k catalog row 5543
LRG-05544,Bulk SKU 5544,Paint & Finishes,pcs,154,INR,Jaquar,10k catalog row 5544
LRG-05545,Bulk SKU 5545,Building Materials,pcs,155,INR,Asian Paints,10k catalog row 5545
LRG-05546,Bulk SKU 5546,Lighting & Fixtures,pcs,156,INR,Bosch,10k catalog row 5546
LRG-05547,Bulk SKU 5547,Timber & Wood,pcs,157,INR,3M,10k catalog row 5547
LRG-05548,Bulk SKU 5548,Glass & Aluminium,pcs,158,INR,Jindal,10k catalog row 5548
LRG-05549,Bulk SKU 5549,Sanitary Ware,pcs,159,INR,Saint-Gobain,10k catalog row 5549
LRG-05550,Bulk SKU 5550,Steel & Metal,pcs,160,INR,UltraTech,10k catalog row 5550
LRG-05551,Bulk SKU 5551,Tiles & Flooring,pcs,161,INR,Tata,10k catalog row 5551
LRG-05552,Bulk SKU 5552,Electrical Supplies,pcs,162,INR,Kajaria,10k catalog row 5552
LRG-05553,Bulk SKU 5553,Plumbing & HVAC,pcs,163,INR,Havells,10k catalog row 5553
LRG-05554,Bulk SKU 5554,Paint & Finishes,pcs,164,INR,Jaquar,10k catalog row 5554
LRG-05555,Bulk SKU 5555,Building Materials,pcs,165,INR,Asian Paints,10k catalog row 5555
LRG-05556,Bulk SKU 5556,Lighting & Fixtures,pcs,166,INR,Bosch,10k catalog row 5556
LRG-05557,Bulk SKU 5557,Timber & Wood,pcs,167,INR,3M,10k catalog row 5557
LRG-05558,Bulk SKU 5558,Glass & Aluminium,pcs,168,INR,Jindal,10k catalog row 5558
LRG-05559,Bulk SKU 5559,Sanitary Ware,pcs,169,INR,Saint-Gobain,10k catalog row 5559
LRG-05560,Bulk SKU 5560,Steel & Metal,pcs,170,INR,UltraTech,10k catalog row 5560
LRG-05561,Bulk SKU 5561,Tiles & Flooring,pcs,171,INR,Tata,10k catalog row 5561
LRG-05562,Bulk SKU 5562,Electrical Supplies,pcs,172,INR,Kajaria,10k catalog row 5562
LRG-05563,Bulk SKU 5563,Plumbing & HVAC,pcs,173,INR,Havells,10k catalog row 5563
LRG-05564,Bulk SKU 5564,Paint & Finishes,pcs,174,INR,Jaquar,10k catalog row 5564
LRG-05565,Bulk SKU 5565,Building Materials,pcs,175,INR,Asian Paints,10k catalog row 5565
LRG-05566,Bulk SKU 5566,Lighting & Fixtures,pcs,176,INR,Bosch,10k catalog row 5566
LRG-05567,Bulk SKU 5567,Timber & Wood,pcs,177,INR,3M,10k catalog row 5567
LRG-05568,Bulk SKU 5568,Glass & Aluminium,pcs,178,INR,Jindal,10k catalog row 5568
LRG-05569,Bulk SKU 5569,Sanitary Ware,pcs,179,INR,Saint-Gobain,10k catalog row 5569
LRG-05570,Bulk SKU 5570,Steel & Metal,pcs,180,INR,UltraTech,10k catalog row 5570
LRG-05571,Bulk SKU 5571,Tiles & Flooring,pcs,181,INR,Tata,10k catalog row 5571
LRG-05572,Bulk SKU 5572,Electrical Supplies,pcs,182,INR,Kajaria,10k catalog row 5572
LRG-05573,Bulk SKU 5573,Plumbing & HVAC,pcs,183,INR,Havells,10k catalog row 5573
LRG-05574,Bulk SKU 5574,Paint & Finishes,pcs,184,INR,Jaquar,10k catalog row 5574
LRG-05575,Bulk SKU 5575,Building Materials,pcs,185,INR,Asian Paints,10k catalog row 5575
LRG-05576,Bulk SKU 5576,Lighting & Fixtures,pcs,186,INR,Bosch,10k catalog row 5576
LRG-05577,Bulk SKU 5577,Timber & Wood,pcs,187,INR,3M,10k catalog row 5577
LRG-05578,Bulk SKU 5578,Glass & Aluminium,pcs,188,INR,Jindal,10k catalog row 5578
LRG-05579,Bulk SKU 5579,Sanitary Ware,pcs,189,INR,Saint-Gobain,10k catalog row 5579
LRG-05580,Bulk SKU 5580,Steel & Metal,pcs,190,INR,UltraTech,10k catalog row 5580
LRG-05581,Bulk SKU 5581,Tiles & Flooring,pcs,191,INR,Tata,10k catalog row 5581
LRG-05582,Bulk SKU 5582,Electrical Supplies,pcs,192,INR,Kajaria,10k catalog row 5582
LRG-05583,Bulk SKU 5583,Plumbing & HVAC,pcs,193,INR,Havells,10k catalog row 5583
LRG-05584,Bulk SKU 5584,Paint & Finishes,pcs,194,INR,Jaquar,10k catalog row 5584
LRG-05585,Bulk SKU 5585,Building Materials,pcs,195,INR,Asian Paints,10k catalog row 5585
LRG-05586,Bulk SKU 5586,Lighting & Fixtures,pcs,196,INR,Bosch,10k catalog row 5586
LRG-05587,Bulk SKU 5587,Timber & Wood,pcs,197,INR,3M,10k catalog row 5587
LRG-05588,Bulk SKU 5588,Glass & Aluminium,pcs,198,INR,Jindal,10k catalog row 5588
LRG-05589,Bulk SKU 5589,Sanitary Ware,pcs,199,INR,Saint-Gobain,10k catalog row 5589
LRG-05590,Bulk SKU 5590,Steel & Metal,pcs,200,INR,UltraTech,10k catalog row 5590
LRG-05591,Bulk SKU 5591,Tiles & Flooring,pcs,201,INR,Tata,10k catalog row 5591
LRG-05592,Bulk SKU 5592,Electrical Supplies,pcs,202,INR,Kajaria,10k catalog row 5592
LRG-05593,Bulk SKU 5593,Plumbing & HVAC,pcs,203,INR,Havells,10k catalog row 5593
LRG-05594,Bulk SKU 5594,Paint & Finishes,pcs,204,INR,Jaquar,10k catalog row 5594
LRG-05595,Bulk SKU 5595,Building Materials,pcs,205,INR,Asian Paints,10k catalog row 5595
LRG-05596,Bulk SKU 5596,Lighting & Fixtures,pcs,206,INR,Bosch,10k catalog row 5596
LRG-05597,Bulk SKU 5597,Timber & Wood,pcs,207,INR,3M,10k catalog row 5597
LRG-05598,Bulk SKU 5598,Glass & Aluminium,pcs,208,INR,Jindal,10k catalog row 5598
LRG-05599,Bulk SKU 5599,Sanitary Ware,pcs,209,INR,Saint-Gobain,10k catalog row 5599
LRG-05600,Bulk SKU 5600,Steel & Metal,pcs,210,INR,UltraTech,10k catalog row 5600
LRG-05601,Bulk SKU 5601,Tiles & Flooring,pcs,211,INR,Tata,10k catalog row 5601
LRG-05602,Bulk SKU 5602,Electrical Supplies,pcs,212,INR,Kajaria,10k catalog row 5602
LRG-05603,Bulk SKU 5603,Plumbing & HVAC,pcs,213,INR,Havells,10k catalog row 5603
LRG-05604,Bulk SKU 5604,Paint & Finishes,pcs,214,INR,Jaquar,10k catalog row 5604
LRG-05605,Bulk SKU 5605,Building Materials,pcs,215,INR,Asian Paints,10k catalog row 5605
LRG-05606,Bulk SKU 5606,Lighting & Fixtures,pcs,216,INR,Bosch,10k catalog row 5606
LRG-05607,Bulk SKU 5607,Timber & Wood,pcs,217,INR,3M,10k catalog row 5607
LRG-05608,Bulk SKU 5608,Glass & Aluminium,pcs,218,INR,Jindal,10k catalog row 5608
LRG-05609,Bulk SKU 5609,Sanitary Ware,pcs,219,INR,Saint-Gobain,10k catalog row 5609
LRG-05610,Bulk SKU 5610,Steel & Metal,pcs,220,INR,UltraTech,10k catalog row 5610
LRG-05611,Bulk SKU 5611,Tiles & Flooring,pcs,221,INR,Tata,10k catalog row 5611
LRG-05612,Bulk SKU 5612,Electrical Supplies,pcs,222,INR,Kajaria,10k catalog row 5612
LRG-05613,Bulk SKU 5613,Plumbing & HVAC,pcs,223,INR,Havells,10k catalog row 5613
LRG-05614,Bulk SKU 5614,Paint & Finishes,pcs,224,INR,Jaquar,10k catalog row 5614
LRG-05615,Bulk SKU 5615,Building Materials,pcs,225,INR,Asian Paints,10k catalog row 5615
LRG-05616,Bulk SKU 5616,Lighting & Fixtures,pcs,226,INR,Bosch,10k catalog row 5616
LRG-05617,Bulk SKU 5617,Timber & Wood,pcs,227,INR,3M,10k catalog row 5617
LRG-05618,Bulk SKU 5618,Glass & Aluminium,pcs,228,INR,Jindal,10k catalog row 5618
LRG-05619,Bulk SKU 5619,Sanitary Ware,pcs,229,INR,Saint-Gobain,10k catalog row 5619
LRG-05620,Bulk SKU 5620,Steel & Metal,pcs,230,INR,UltraTech,10k catalog row 5620
LRG-05621,Bulk SKU 5621,Tiles & Flooring,pcs,231,INR,Tata,10k catalog row 5621
LRG-05622,Bulk SKU 5622,Electrical Supplies,pcs,232,INR,Kajaria,10k catalog row 5622
LRG-05623,Bulk SKU 5623,Plumbing & HVAC,pcs,233,INR,Havells,10k catalog row 5623
LRG-05624,Bulk SKU 5624,Paint & Finishes,pcs,234,INR,Jaquar,10k catalog row 5624
LRG-05625,Bulk SKU 5625,Building Materials,pcs,235,INR,Asian Paints,10k catalog row 5625
LRG-05626,Bulk SKU 5626,Lighting & Fixtures,pcs,236,INR,Bosch,10k catalog row 5626
LRG-05627,Bulk SKU 5627,Timber & Wood,pcs,237,INR,3M,10k catalog row 5627
LRG-05628,Bulk SKU 5628,Glass & Aluminium,pcs,238,INR,Jindal,10k catalog row 5628
LRG-05629,Bulk SKU 5629,Sanitary Ware,pcs,239,INR,Saint-Gobain,10k catalog row 5629
LRG-05630,Bulk SKU 5630,Steel & Metal,pcs,240,INR,UltraTech,10k catalog row 5630
LRG-05631,Bulk SKU 5631,Tiles & Flooring,pcs,241,INR,Tata,10k catalog row 5631
LRG-05632,Bulk SKU 5632,Electrical Supplies,pcs,242,INR,Kajaria,10k catalog row 5632
LRG-05633,Bulk SKU 5633,Plumbing & HVAC,pcs,243,INR,Havells,10k catalog row 5633
LRG-05634,Bulk SKU 5634,Paint & Finishes,pcs,244,INR,Jaquar,10k catalog row 5634
LRG-05635,Bulk SKU 5635,Building Materials,pcs,245,INR,Asian Paints,10k catalog row 5635
LRG-05636,Bulk SKU 5636,Lighting & Fixtures,pcs,246,INR,Bosch,10k catalog row 5636
LRG-05637,Bulk SKU 5637,Timber & Wood,pcs,247,INR,3M,10k catalog row 5637
LRG-05638,Bulk SKU 5638,Glass & Aluminium,pcs,248,INR,Jindal,10k catalog row 5638
LRG-05639,Bulk SKU 5639,Sanitary Ware,pcs,249,INR,Saint-Gobain,10k catalog row 5639
LRG-05640,Bulk SKU 5640,Steel & Metal,pcs,250,INR,UltraTech,10k catalog row 5640
LRG-05641,Bulk SKU 5641,Tiles & Flooring,pcs,251,INR,Tata,10k catalog row 5641
LRG-05642,Bulk SKU 5642,Electrical Supplies,pcs,252,INR,Kajaria,10k catalog row 5642
LRG-05643,Bulk SKU 5643,Plumbing & HVAC,pcs,253,INR,Havells,10k catalog row 5643
LRG-05644,Bulk SKU 5644,Paint & Finishes,pcs,254,INR,Jaquar,10k catalog row 5644
LRG-05645,Bulk SKU 5645,Building Materials,pcs,255,INR,Asian Paints,10k catalog row 5645
LRG-05646,Bulk SKU 5646,Lighting & Fixtures,pcs,256,INR,Bosch,10k catalog row 5646
LRG-05647,Bulk SKU 5647,Timber & Wood,pcs,257,INR,3M,10k catalog row 5647
LRG-05648,Bulk SKU 5648,Glass & Aluminium,pcs,258,INR,Jindal,10k catalog row 5648
LRG-05649,Bulk SKU 5649,Sanitary Ware,pcs,259,INR,Saint-Gobain,10k catalog row 5649
LRG-05650,Bulk SKU 5650,Steel & Metal,pcs,260,INR,UltraTech,10k catalog row 5650
LRG-05651,Bulk SKU 5651,Tiles & Flooring,pcs,261,INR,Tata,10k catalog row 5651
LRG-05652,Bulk SKU 5652,Electrical Supplies,pcs,262,INR,Kajaria,10k catalog row 5652
LRG-05653,Bulk SKU 5653,Plumbing & HVAC,pcs,263,INR,Havells,10k catalog row 5653
LRG-05654,Bulk SKU 5654,Paint & Finishes,pcs,264,INR,Jaquar,10k catalog row 5654
LRG-05655,Bulk SKU 5655,Building Materials,pcs,265,INR,Asian Paints,10k catalog row 5655
LRG-05656,Bulk SKU 5656,Lighting & Fixtures,pcs,266,INR,Bosch,10k catalog row 5656
LRG-05657,Bulk SKU 5657,Timber & Wood,pcs,267,INR,3M,10k catalog row 5657
LRG-05658,Bulk SKU 5658,Glass & Aluminium,pcs,268,INR,Jindal,10k catalog row 5658
LRG-05659,Bulk SKU 5659,Sanitary Ware,pcs,269,INR,Saint-Gobain,10k catalog row 5659
LRG-05660,Bulk SKU 5660,Steel & Metal,pcs,270,INR,UltraTech,10k catalog row 5660
LRG-05661,Bulk SKU 5661,Tiles & Flooring,pcs,271,INR,Tata,10k catalog row 5661
LRG-05662,Bulk SKU 5662,Electrical Supplies,pcs,272,INR,Kajaria,10k catalog row 5662
LRG-05663,Bulk SKU 5663,Plumbing & HVAC,pcs,273,INR,Havells,10k catalog row 5663
LRG-05664,Bulk SKU 5664,Paint & Finishes,pcs,274,INR,Jaquar,10k catalog row 5664
LRG-05665,Bulk SKU 5665,Building Materials,pcs,275,INR,Asian Paints,10k catalog row 5665
LRG-05666,Bulk SKU 5666,Lighting & Fixtures,pcs,276,INR,Bosch,10k catalog row 5666
LRG-05667,Bulk SKU 5667,Timber & Wood,pcs,277,INR,3M,10k catalog row 5667
LRG-05668,Bulk SKU 5668,Glass & Aluminium,pcs,278,INR,Jindal,10k catalog row 5668
LRG-05669,Bulk SKU 5669,Sanitary Ware,pcs,279,INR,Saint-Gobain,10k catalog row 5669
LRG-05670,Bulk SKU 5670,Steel & Metal,pcs,280,INR,UltraTech,10k catalog row 5670
LRG-05671,Bulk SKU 5671,Tiles & Flooring,pcs,281,INR,Tata,10k catalog row 5671
LRG-05672,Bulk SKU 5672,Electrical Supplies,pcs,282,INR,Kajaria,10k catalog row 5672
LRG-05673,Bulk SKU 5673,Plumbing & HVAC,pcs,283,INR,Havells,10k catalog row 5673
LRG-05674,Bulk SKU 5674,Paint & Finishes,pcs,284,INR,Jaquar,10k catalog row 5674
LRG-05675,Bulk SKU 5675,Building Materials,pcs,285,INR,Asian Paints,10k catalog row 5675
LRG-05676,Bulk SKU 5676,Lighting & Fixtures,pcs,286,INR,Bosch,10k catalog row 5676
LRG-05677,Bulk SKU 5677,Timber & Wood,pcs,287,INR,3M,10k catalog row 5677
LRG-05678,Bulk SKU 5678,Glass & Aluminium,pcs,288,INR,Jindal,10k catalog row 5678
LRG-05679,Bulk SKU 5679,Sanitary Ware,pcs,289,INR,Saint-Gobain,10k catalog row 5679
LRG-05680,Bulk SKU 5680,Steel & Metal,pcs,290,INR,UltraTech,10k catalog row 5680
LRG-05681,Bulk SKU 5681,Tiles & Flooring,pcs,291,INR,Tata,10k catalog row 5681
LRG-05682,Bulk SKU 5682,Electrical Supplies,pcs,292,INR,Kajaria,10k catalog row 5682
LRG-05683,Bulk SKU 5683,Plumbing & HVAC,pcs,293,INR,Havells,10k catalog row 5683
LRG-05684,Bulk SKU 5684,Paint & Finishes,pcs,294,INR,Jaquar,10k catalog row 5684
LRG-05685,Bulk SKU 5685,Building Materials,pcs,295,INR,Asian Paints,10k catalog row 5685
LRG-05686,Bulk SKU 5686,Lighting & Fixtures,pcs,296,INR,Bosch,10k catalog row 5686
LRG-05687,Bulk SKU 5687,Timber & Wood,pcs,297,INR,3M,10k catalog row 5687
LRG-05688,Bulk SKU 5688,Glass & Aluminium,pcs,298,INR,Jindal,10k catalog row 5688
LRG-05689,Bulk SKU 5689,Sanitary Ware,pcs,299,INR,Saint-Gobain,10k catalog row 5689
LRG-05690,Bulk SKU 5690,Steel & Metal,pcs,300,INR,UltraTech,10k catalog row 5690
LRG-05691,Bulk SKU 5691,Tiles & Flooring,pcs,301,INR,Tata,10k catalog row 5691
LRG-05692,Bulk SKU 5692,Electrical Supplies,pcs,302,INR,Kajaria,10k catalog row 5692
LRG-05693,Bulk SKU 5693,Plumbing & HVAC,pcs,303,INR,Havells,10k catalog row 5693
LRG-05694,Bulk SKU 5694,Paint & Finishes,pcs,304,INR,Jaquar,10k catalog row 5694
LRG-05695,Bulk SKU 5695,Building Materials,pcs,305,INR,Asian Paints,10k catalog row 5695
LRG-05696,Bulk SKU 5696,Lighting & Fixtures,pcs,306,INR,Bosch,10k catalog row 5696
LRG-05697,Bulk SKU 5697,Timber & Wood,pcs,307,INR,3M,10k catalog row 5697
LRG-05698,Bulk SKU 5698,Glass & Aluminium,pcs,308,INR,Jindal,10k catalog row 5698
LRG-05699,Bulk SKU 5699,Sanitary Ware,pcs,309,INR,Saint-Gobain,10k catalog row 5699
LRG-05700,Bulk SKU 5700,Steel & Metal,pcs,310,INR,UltraTech,10k catalog row 5700
LRG-05701,Bulk SKU 5701,Tiles & Flooring,pcs,311,INR,Tata,10k catalog row 5701
LRG-05702,Bulk SKU 5702,Electrical Supplies,pcs,312,INR,Kajaria,10k catalog row 5702
LRG-05703,Bulk SKU 5703,Plumbing & HVAC,pcs,313,INR,Havells,10k catalog row 5703
LRG-05704,Bulk SKU 5704,Paint & Finishes,pcs,314,INR,Jaquar,10k catalog row 5704
LRG-05705,Bulk SKU 5705,Building Materials,pcs,315,INR,Asian Paints,10k catalog row 5705
LRG-05706,Bulk SKU 5706,Lighting & Fixtures,pcs,316,INR,Bosch,10k catalog row 5706
LRG-05707,Bulk SKU 5707,Timber & Wood,pcs,317,INR,3M,10k catalog row 5707
LRG-05708,Bulk SKU 5708,Glass & Aluminium,pcs,318,INR,Jindal,10k catalog row 5708
LRG-05709,Bulk SKU 5709,Sanitary Ware,pcs,319,INR,Saint-Gobain,10k catalog row 5709
LRG-05710,Bulk SKU 5710,Steel & Metal,pcs,320,INR,UltraTech,10k catalog row 5710
LRG-05711,Bulk SKU 5711,Tiles & Flooring,pcs,321,INR,Tata,10k catalog row 5711
LRG-05712,Bulk SKU 5712,Electrical Supplies,pcs,322,INR,Kajaria,10k catalog row 5712
LRG-05713,Bulk SKU 5713,Plumbing & HVAC,pcs,323,INR,Havells,10k catalog row 5713
LRG-05714,Bulk SKU 5714,Paint & Finishes,pcs,324,INR,Jaquar,10k catalog row 5714
LRG-05715,Bulk SKU 5715,Building Materials,pcs,325,INR,Asian Paints,10k catalog row 5715
LRG-05716,Bulk SKU 5716,Lighting & Fixtures,pcs,326,INR,Bosch,10k catalog row 5716
LRG-05717,Bulk SKU 5717,Timber & Wood,pcs,327,INR,3M,10k catalog row 5717
LRG-05718,Bulk SKU 5718,Glass & Aluminium,pcs,328,INR,Jindal,10k catalog row 5718
LRG-05719,Bulk SKU 5719,Sanitary Ware,pcs,329,INR,Saint-Gobain,10k catalog row 5719
LRG-05720,Bulk SKU 5720,Steel & Metal,pcs,330,INR,UltraTech,10k catalog row 5720
LRG-05721,Bulk SKU 5721,Tiles & Flooring,pcs,331,INR,Tata,10k catalog row 5721
LRG-05722,Bulk SKU 5722,Electrical Supplies,pcs,332,INR,Kajaria,10k catalog row 5722
LRG-05723,Bulk SKU 5723,Plumbing & HVAC,pcs,333,INR,Havells,10k catalog row 5723
LRG-05724,Bulk SKU 5724,Paint & Finishes,pcs,334,INR,Jaquar,10k catalog row 5724
LRG-05725,Bulk SKU 5725,Building Materials,pcs,335,INR,Asian Paints,10k catalog row 5725
LRG-05726,Bulk SKU 5726,Lighting & Fixtures,pcs,336,INR,Bosch,10k catalog row 5726
LRG-05727,Bulk SKU 5727,Timber & Wood,pcs,337,INR,3M,10k catalog row 5727
LRG-05728,Bulk SKU 5728,Glass & Aluminium,pcs,338,INR,Jindal,10k catalog row 5728
LRG-05729,Bulk SKU 5729,Sanitary Ware,pcs,339,INR,Saint-Gobain,10k catalog row 5729
LRG-05730,Bulk SKU 5730,Steel & Metal,pcs,340,INR,UltraTech,10k catalog row 5730
LRG-05731,Bulk SKU 5731,Tiles & Flooring,pcs,341,INR,Tata,10k catalog row 5731
LRG-05732,Bulk SKU 5732,Electrical Supplies,pcs,342,INR,Kajaria,10k catalog row 5732
LRG-05733,Bulk SKU 5733,Plumbing & HVAC,pcs,343,INR,Havells,10k catalog row 5733
LRG-05734,Bulk SKU 5734,Paint & Finishes,pcs,344,INR,Jaquar,10k catalog row 5734
LRG-05735,Bulk SKU 5735,Building Materials,pcs,345,INR,Asian Paints,10k catalog row 5735
LRG-05736,Bulk SKU 5736,Lighting & Fixtures,pcs,346,INR,Bosch,10k catalog row 5736
LRG-05737,Bulk SKU 5737,Timber & Wood,pcs,347,INR,3M,10k catalog row 5737
LRG-05738,Bulk SKU 5738,Glass & Aluminium,pcs,348,INR,Jindal,10k catalog row 5738
LRG-05739,Bulk SKU 5739,Sanitary Ware,pcs,349,INR,Saint-Gobain,10k catalog row 5739
LRG-05740,Bulk SKU 5740,Steel & Metal,pcs,350,INR,UltraTech,10k catalog row 5740
LRG-05741,Bulk SKU 5741,Tiles & Flooring,pcs,351,INR,Tata,10k catalog row 5741
LRG-05742,Bulk SKU 5742,Electrical Supplies,pcs,352,INR,Kajaria,10k catalog row 5742
LRG-05743,Bulk SKU 5743,Plumbing & HVAC,pcs,353,INR,Havells,10k catalog row 5743
LRG-05744,Bulk SKU 5744,Paint & Finishes,pcs,354,INR,Jaquar,10k catalog row 5744
LRG-05745,Bulk SKU 5745,Building Materials,pcs,355,INR,Asian Paints,10k catalog row 5745
LRG-05746,Bulk SKU 5746,Lighting & Fixtures,pcs,356,INR,Bosch,10k catalog row 5746
LRG-05747,Bulk SKU 5747,Timber & Wood,pcs,357,INR,3M,10k catalog row 5747
LRG-05748,Bulk SKU 5748,Glass & Aluminium,pcs,358,INR,Jindal,10k catalog row 5748
LRG-05749,Bulk SKU 5749,Sanitary Ware,pcs,359,INR,Saint-Gobain,10k catalog row 5749
LRG-05750,Bulk SKU 5750,Steel & Metal,pcs,360,INR,UltraTech,10k catalog row 5750
LRG-05751,Bulk SKU 5751,Tiles & Flooring,pcs,361,INR,Tata,10k catalog row 5751
LRG-05752,Bulk SKU 5752,Electrical Supplies,pcs,362,INR,Kajaria,10k catalog row 5752
LRG-05753,Bulk SKU 5753,Plumbing & HVAC,pcs,363,INR,Havells,10k catalog row 5753
LRG-05754,Bulk SKU 5754,Paint & Finishes,pcs,364,INR,Jaquar,10k catalog row 5754
LRG-05755,Bulk SKU 5755,Building Materials,pcs,365,INR,Asian Paints,10k catalog row 5755
LRG-05756,Bulk SKU 5756,Lighting & Fixtures,pcs,366,INR,Bosch,10k catalog row 5756
LRG-05757,Bulk SKU 5757,Timber & Wood,pcs,367,INR,3M,10k catalog row 5757
LRG-05758,Bulk SKU 5758,Glass & Aluminium,pcs,368,INR,Jindal,10k catalog row 5758
LRG-05759,Bulk SKU 5759,Sanitary Ware,pcs,369,INR,Saint-Gobain,10k catalog row 5759
LRG-05760,Bulk SKU 5760,Steel & Metal,pcs,370,INR,UltraTech,10k catalog row 5760
LRG-05761,Bulk SKU 5761,Tiles & Flooring,pcs,371,INR,Tata,10k catalog row 5761
LRG-05762,Bulk SKU 5762,Electrical Supplies,pcs,372,INR,Kajaria,10k catalog row 5762
LRG-05763,Bulk SKU 5763,Plumbing & HVAC,pcs,373,INR,Havells,10k catalog row 5763
LRG-05764,Bulk SKU 5764,Paint & Finishes,pcs,374,INR,Jaquar,10k catalog row 5764
LRG-05765,Bulk SKU 5765,Building Materials,pcs,375,INR,Asian Paints,10k catalog row 5765
LRG-05766,Bulk SKU 5766,Lighting & Fixtures,pcs,376,INR,Bosch,10k catalog row 5766
LRG-05767,Bulk SKU 5767,Timber & Wood,pcs,377,INR,3M,10k catalog row 5767
LRG-05768,Bulk SKU 5768,Glass & Aluminium,pcs,378,INR,Jindal,10k catalog row 5768
LRG-05769,Bulk SKU 5769,Sanitary Ware,pcs,379,INR,Saint-Gobain,10k catalog row 5769
LRG-05770,Bulk SKU 5770,Steel & Metal,pcs,380,INR,UltraTech,10k catalog row 5770
LRG-05771,Bulk SKU 5771,Tiles & Flooring,pcs,381,INR,Tata,10k catalog row 5771
LRG-05772,Bulk SKU 5772,Electrical Supplies,pcs,382,INR,Kajaria,10k catalog row 5772
LRG-05773,Bulk SKU 5773,Plumbing & HVAC,pcs,383,INR,Havells,10k catalog row 5773
LRG-05774,Bulk SKU 5774,Paint & Finishes,pcs,384,INR,Jaquar,10k catalog row 5774
LRG-05775,Bulk SKU 5775,Building Materials,pcs,385,INR,Asian Paints,10k catalog row 5775
LRG-05776,Bulk SKU 5776,Lighting & Fixtures,pcs,386,INR,Bosch,10k catalog row 5776
LRG-05777,Bulk SKU 5777,Timber & Wood,pcs,387,INR,3M,10k catalog row 5777
LRG-05778,Bulk SKU 5778,Glass & Aluminium,pcs,388,INR,Jindal,10k catalog row 5778
LRG-05779,Bulk SKU 5779,Sanitary Ware,pcs,389,INR,Saint-Gobain,10k catalog row 5779
LRG-05780,Bulk SKU 5780,Steel & Metal,pcs,390,INR,UltraTech,10k catalog row 5780
LRG-05781,Bulk SKU 5781,Tiles & Flooring,pcs,391,INR,Tata,10k catalog row 5781
LRG-05782,Bulk SKU 5782,Electrical Supplies,pcs,392,INR,Kajaria,10k catalog row 5782
LRG-05783,Bulk SKU 5783,Plumbing & HVAC,pcs,393,INR,Havells,10k catalog row 5783
LRG-05784,Bulk SKU 5784,Paint & Finishes,pcs,394,INR,Jaquar,10k catalog row 5784
LRG-05785,Bulk SKU 5785,Building Materials,pcs,395,INR,Asian Paints,10k catalog row 5785
LRG-05786,Bulk SKU 5786,Lighting & Fixtures,pcs,396,INR,Bosch,10k catalog row 5786
LRG-05787,Bulk SKU 5787,Timber & Wood,pcs,397,INR,3M,10k catalog row 5787
LRG-05788,Bulk SKU 5788,Glass & Aluminium,pcs,398,INR,Jindal,10k catalog row 5788
LRG-05789,Bulk SKU 5789,Sanitary Ware,pcs,399,INR,Saint-Gobain,10k catalog row 5789
LRG-05790,Bulk SKU 5790,Steel & Metal,pcs,400,INR,UltraTech,10k catalog row 5790
LRG-05791,Bulk SKU 5791,Tiles & Flooring,pcs,401,INR,Tata,10k catalog row 5791
LRG-05792,Bulk SKU 5792,Electrical Supplies,pcs,402,INR,Kajaria,10k catalog row 5792
LRG-05793,Bulk SKU 5793,Plumbing & HVAC,pcs,403,INR,Havells,10k catalog row 5793
LRG-05794,Bulk SKU 5794,Paint & Finishes,pcs,404,INR,Jaquar,10k catalog row 5794
LRG-05795,Bulk SKU 5795,Building Materials,pcs,405,INR,Asian Paints,10k catalog row 5795
LRG-05796,Bulk SKU 5796,Lighting & Fixtures,pcs,406,INR,Bosch,10k catalog row 5796
LRG-05797,Bulk SKU 5797,Timber & Wood,pcs,407,INR,3M,10k catalog row 5797
LRG-05798,Bulk SKU 5798,Glass & Aluminium,pcs,408,INR,Jindal,10k catalog row 5798
LRG-05799,Bulk SKU 5799,Sanitary Ware,pcs,409,INR,Saint-Gobain,10k catalog row 5799
LRG-05800,Bulk SKU 5800,Steel & Metal,pcs,410,INR,UltraTech,10k catalog row 5800
LRG-05801,Bulk SKU 5801,Tiles & Flooring,pcs,411,INR,Tata,10k catalog row 5801
LRG-05802,Bulk SKU 5802,Electrical Supplies,pcs,412,INR,Kajaria,10k catalog row 5802
LRG-05803,Bulk SKU 5803,Plumbing & HVAC,pcs,413,INR,Havells,10k catalog row 5803
LRG-05804,Bulk SKU 5804,Paint & Finishes,pcs,414,INR,Jaquar,10k catalog row 5804
LRG-05805,Bulk SKU 5805,Building Materials,pcs,415,INR,Asian Paints,10k catalog row 5805
LRG-05806,Bulk SKU 5806,Lighting & Fixtures,pcs,416,INR,Bosch,10k catalog row 5806
LRG-05807,Bulk SKU 5807,Timber & Wood,pcs,417,INR,3M,10k catalog row 5807
LRG-05808,Bulk SKU 5808,Glass & Aluminium,pcs,418,INR,Jindal,10k catalog row 5808
LRG-05809,Bulk SKU 5809,Sanitary Ware,pcs,419,INR,Saint-Gobain,10k catalog row 5809
LRG-05810,Bulk SKU 5810,Steel & Metal,pcs,420,INR,UltraTech,10k catalog row 5810
LRG-05811,Bulk SKU 5811,Tiles & Flooring,pcs,421,INR,Tata,10k catalog row 5811
LRG-05812,Bulk SKU 5812,Electrical Supplies,pcs,422,INR,Kajaria,10k catalog row 5812
LRG-05813,Bulk SKU 5813,Plumbing & HVAC,pcs,423,INR,Havells,10k catalog row 5813
LRG-05814,Bulk SKU 5814,Paint & Finishes,pcs,424,INR,Jaquar,10k catalog row 5814
LRG-05815,Bulk SKU 5815,Building Materials,pcs,425,INR,Asian Paints,10k catalog row 5815
LRG-05816,Bulk SKU 5816,Lighting & Fixtures,pcs,426,INR,Bosch,10k catalog row 5816
LRG-05817,Bulk SKU 5817,Timber & Wood,pcs,427,INR,3M,10k catalog row 5817
LRG-05818,Bulk SKU 5818,Glass & Aluminium,pcs,428,INR,Jindal,10k catalog row 5818
LRG-05819,Bulk SKU 5819,Sanitary Ware,pcs,429,INR,Saint-Gobain,10k catalog row 5819
LRG-05820,Bulk SKU 5820,Steel & Metal,pcs,430,INR,UltraTech,10k catalog row 5820
LRG-05821,Bulk SKU 5821,Tiles & Flooring,pcs,431,INR,Tata,10k catalog row 5821
LRG-05822,Bulk SKU 5822,Electrical Supplies,pcs,432,INR,Kajaria,10k catalog row 5822
LRG-05823,Bulk SKU 5823,Plumbing & HVAC,pcs,433,INR,Havells,10k catalog row 5823
LRG-05824,Bulk SKU 5824,Paint & Finishes,pcs,434,INR,Jaquar,10k catalog row 5824
LRG-05825,Bulk SKU 5825,Building Materials,pcs,435,INR,Asian Paints,10k catalog row 5825
LRG-05826,Bulk SKU 5826,Lighting & Fixtures,pcs,436,INR,Bosch,10k catalog row 5826
LRG-05827,Bulk SKU 5827,Timber & Wood,pcs,437,INR,3M,10k catalog row 5827
LRG-05828,Bulk SKU 5828,Glass & Aluminium,pcs,438,INR,Jindal,10k catalog row 5828
LRG-05829,Bulk SKU 5829,Sanitary Ware,pcs,439,INR,Saint-Gobain,10k catalog row 5829
LRG-05830,Bulk SKU 5830,Steel & Metal,pcs,440,INR,UltraTech,10k catalog row 5830
LRG-05831,Bulk SKU 5831,Tiles & Flooring,pcs,441,INR,Tata,10k catalog row 5831
LRG-05832,Bulk SKU 5832,Electrical Supplies,pcs,442,INR,Kajaria,10k catalog row 5832
LRG-05833,Bulk SKU 5833,Plumbing & HVAC,pcs,443,INR,Havells,10k catalog row 5833
LRG-05834,Bulk SKU 5834,Paint & Finishes,pcs,444,INR,Jaquar,10k catalog row 5834
LRG-05835,Bulk SKU 5835,Building Materials,pcs,445,INR,Asian Paints,10k catalog row 5835
LRG-05836,Bulk SKU 5836,Lighting & Fixtures,pcs,446,INR,Bosch,10k catalog row 5836
LRG-05837,Bulk SKU 5837,Timber & Wood,pcs,447,INR,3M,10k catalog row 5837
LRG-05838,Bulk SKU 5838,Glass & Aluminium,pcs,448,INR,Jindal,10k catalog row 5838
LRG-05839,Bulk SKU 5839,Sanitary Ware,pcs,449,INR,Saint-Gobain,10k catalog row 5839
LRG-05840,Bulk SKU 5840,Steel & Metal,pcs,450,INR,UltraTech,10k catalog row 5840
LRG-05841,Bulk SKU 5841,Tiles & Flooring,pcs,451,INR,Tata,10k catalog row 5841
LRG-05842,Bulk SKU 5842,Electrical Supplies,pcs,452,INR,Kajaria,10k catalog row 5842
LRG-05843,Bulk SKU 5843,Plumbing & HVAC,pcs,453,INR,Havells,10k catalog row 5843
LRG-05844,Bulk SKU 5844,Paint & Finishes,pcs,454,INR,Jaquar,10k catalog row 5844
LRG-05845,Bulk SKU 5845,Building Materials,pcs,455,INR,Asian Paints,10k catalog row 5845
LRG-05846,Bulk SKU 5846,Lighting & Fixtures,pcs,456,INR,Bosch,10k catalog row 5846
LRG-05847,Bulk SKU 5847,Timber & Wood,pcs,457,INR,3M,10k catalog row 5847
LRG-05848,Bulk SKU 5848,Glass & Aluminium,pcs,458,INR,Jindal,10k catalog row 5848
LRG-05849,Bulk SKU 5849,Sanitary Ware,pcs,459,INR,Saint-Gobain,10k catalog row 5849
LRG-05850,Bulk SKU 5850,Steel & Metal,pcs,460,INR,UltraTech,10k catalog row 5850
LRG-05851,Bulk SKU 5851,Tiles & Flooring,pcs,461,INR,Tata,10k catalog row 5851
LRG-05852,Bulk SKU 5852,Electrical Supplies,pcs,462,INR,Kajaria,10k catalog row 5852
LRG-05853,Bulk SKU 5853,Plumbing & HVAC,pcs,463,INR,Havells,10k catalog row 5853
LRG-05854,Bulk SKU 5854,Paint & Finishes,pcs,464,INR,Jaquar,10k catalog row 5854
LRG-05855,Bulk SKU 5855,Building Materials,pcs,465,INR,Asian Paints,10k catalog row 5855
LRG-05856,Bulk SKU 5856,Lighting & Fixtures,pcs,466,INR,Bosch,10k catalog row 5856
LRG-05857,Bulk SKU 5857,Timber & Wood,pcs,467,INR,3M,10k catalog row 5857
LRG-05858,Bulk SKU 5858,Glass & Aluminium,pcs,468,INR,Jindal,10k catalog row 5858
LRG-05859,Bulk SKU 5859,Sanitary Ware,pcs,469,INR,Saint-Gobain,10k catalog row 5859
LRG-05860,Bulk SKU 5860,Steel & Metal,pcs,470,INR,UltraTech,10k catalog row 5860
LRG-05861,Bulk SKU 5861,Tiles & Flooring,pcs,471,INR,Tata,10k catalog row 5861
LRG-05862,Bulk SKU 5862,Electrical Supplies,pcs,472,INR,Kajaria,10k catalog row 5862
LRG-05863,Bulk SKU 5863,Plumbing & HVAC,pcs,473,INR,Havells,10k catalog row 5863
LRG-05864,Bulk SKU 5864,Paint & Finishes,pcs,474,INR,Jaquar,10k catalog row 5864
LRG-05865,Bulk SKU 5865,Building Materials,pcs,475,INR,Asian Paints,10k catalog row 5865
LRG-05866,Bulk SKU 5866,Lighting & Fixtures,pcs,476,INR,Bosch,10k catalog row 5866
LRG-05867,Bulk SKU 5867,Timber & Wood,pcs,477,INR,3M,10k catalog row 5867
LRG-05868,Bulk SKU 5868,Glass & Aluminium,pcs,478,INR,Jindal,10k catalog row 5868
LRG-05869,Bulk SKU 5869,Sanitary Ware,pcs,479,INR,Saint-Gobain,10k catalog row 5869
LRG-05870,Bulk SKU 5870,Steel & Metal,pcs,480,INR,UltraTech,10k catalog row 5870
LRG-05871,Bulk SKU 5871,Tiles & Flooring,pcs,481,INR,Tata,10k catalog row 5871
LRG-05872,Bulk SKU 5872,Electrical Supplies,pcs,482,INR,Kajaria,10k catalog row 5872
LRG-05873,Bulk SKU 5873,Plumbing & HVAC,pcs,483,INR,Havells,10k catalog row 5873
LRG-05874,Bulk SKU 5874,Paint & Finishes,pcs,484,INR,Jaquar,10k catalog row 5874
LRG-05875,Bulk SKU 5875,Building Materials,pcs,485,INR,Asian Paints,10k catalog row 5875
LRG-05876,Bulk SKU 5876,Lighting & Fixtures,pcs,486,INR,Bosch,10k catalog row 5876
LRG-05877,Bulk SKU 5877,Timber & Wood,pcs,487,INR,3M,10k catalog row 5877
LRG-05878,Bulk SKU 5878,Glass & Aluminium,pcs,488,INR,Jindal,10k catalog row 5878
LRG-05879,Bulk SKU 5879,Sanitary Ware,pcs,489,INR,Saint-Gobain,10k catalog row 5879
LRG-05880,Bulk SKU 5880,Steel & Metal,pcs,490,INR,UltraTech,10k catalog row 5880
LRG-05881,Bulk SKU 5881,Tiles & Flooring,pcs,491,INR,Tata,10k catalog row 5881
LRG-05882,Bulk SKU 5882,Electrical Supplies,pcs,492,INR,Kajaria,10k catalog row 5882
LRG-05883,Bulk SKU 5883,Plumbing & HVAC,pcs,493,INR,Havells,10k catalog row 5883
LRG-05884,Bulk SKU 5884,Paint & Finishes,pcs,494,INR,Jaquar,10k catalog row 5884
LRG-05885,Bulk SKU 5885,Building Materials,pcs,495,INR,Asian Paints,10k catalog row 5885
LRG-05886,Bulk SKU 5886,Lighting & Fixtures,pcs,496,INR,Bosch,10k catalog row 5886
LRG-05887,Bulk SKU 5887,Timber & Wood,pcs,497,INR,3M,10k catalog row 5887
LRG-05888,Bulk SKU 5888,Glass & Aluminium,pcs,498,INR,Jindal,10k catalog row 5888
LRG-05889,Bulk SKU 5889,Sanitary Ware,pcs,499,INR,Saint-Gobain,10k catalog row 5889
LRG-05890,Bulk SKU 5890,Steel & Metal,pcs,500,INR,UltraTech,10k catalog row 5890
LRG-05891,Bulk SKU 5891,Tiles & Flooring,pcs,501,INR,Tata,10k catalog row 5891
LRG-05892,Bulk SKU 5892,Electrical Supplies,pcs,502,INR,Kajaria,10k catalog row 5892
LRG-05893,Bulk SKU 5893,Plumbing & HVAC,pcs,503,INR,Havells,10k catalog row 5893
LRG-05894,Bulk SKU 5894,Paint & Finishes,pcs,504,INR,Jaquar,10k catalog row 5894
LRG-05895,Bulk SKU 5895,Building Materials,pcs,505,INR,Asian Paints,10k catalog row 5895
LRG-05896,Bulk SKU 5896,Lighting & Fixtures,pcs,506,INR,Bosch,10k catalog row 5896
LRG-05897,Bulk SKU 5897,Timber & Wood,pcs,507,INR,3M,10k catalog row 5897
LRG-05898,Bulk SKU 5898,Glass & Aluminium,pcs,508,INR,Jindal,10k catalog row 5898
LRG-05899,Bulk SKU 5899,Sanitary Ware,pcs,509,INR,Saint-Gobain,10k catalog row 5899
LRG-05900,Bulk SKU 5900,Steel & Metal,pcs,510,INR,UltraTech,10k catalog row 5900
LRG-05901,Bulk SKU 5901,Tiles & Flooring,pcs,511,INR,Tata,10k catalog row 5901
LRG-05902,Bulk SKU 5902,Electrical Supplies,pcs,512,INR,Kajaria,10k catalog row 5902
LRG-05903,Bulk SKU 5903,Plumbing & HVAC,pcs,513,INR,Havells,10k catalog row 5903
LRG-05904,Bulk SKU 5904,Paint & Finishes,pcs,514,INR,Jaquar,10k catalog row 5904
LRG-05905,Bulk SKU 5905,Building Materials,pcs,515,INR,Asian Paints,10k catalog row 5905
LRG-05906,Bulk SKU 5906,Lighting & Fixtures,pcs,516,INR,Bosch,10k catalog row 5906
LRG-05907,Bulk SKU 5907,Timber & Wood,pcs,517,INR,3M,10k catalog row 5907
LRG-05908,Bulk SKU 5908,Glass & Aluminium,pcs,518,INR,Jindal,10k catalog row 5908
LRG-05909,Bulk SKU 5909,Sanitary Ware,pcs,519,INR,Saint-Gobain,10k catalog row 5909
LRG-05910,Bulk SKU 5910,Steel & Metal,pcs,520,INR,UltraTech,10k catalog row 5910
LRG-05911,Bulk SKU 5911,Tiles & Flooring,pcs,521,INR,Tata,10k catalog row 5911
LRG-05912,Bulk SKU 5912,Electrical Supplies,pcs,522,INR,Kajaria,10k catalog row 5912
LRG-05913,Bulk SKU 5913,Plumbing & HVAC,pcs,523,INR,Havells,10k catalog row 5913
LRG-05914,Bulk SKU 5914,Paint & Finishes,pcs,524,INR,Jaquar,10k catalog row 5914
LRG-05915,Bulk SKU 5915,Building Materials,pcs,525,INR,Asian Paints,10k catalog row 5915
LRG-05916,Bulk SKU 5916,Lighting & Fixtures,pcs,526,INR,Bosch,10k catalog row 5916
LRG-05917,Bulk SKU 5917,Timber & Wood,pcs,527,INR,3M,10k catalog row 5917
LRG-05918,Bulk SKU 5918,Glass & Aluminium,pcs,528,INR,Jindal,10k catalog row 5918
LRG-05919,Bulk SKU 5919,Sanitary Ware,pcs,529,INR,Saint-Gobain,10k catalog row 5919
LRG-05920,Bulk SKU 5920,Steel & Metal,pcs,530,INR,UltraTech,10k catalog row 5920
LRG-05921,Bulk SKU 5921,Tiles & Flooring,pcs,531,INR,Tata,10k catalog row 5921
LRG-05922,Bulk SKU 5922,Electrical Supplies,pcs,532,INR,Kajaria,10k catalog row 5922
LRG-05923,Bulk SKU 5923,Plumbing & HVAC,pcs,533,INR,Havells,10k catalog row 5923
LRG-05924,Bulk SKU 5924,Paint & Finishes,pcs,534,INR,Jaquar,10k catalog row 5924
LRG-05925,Bulk SKU 5925,Building Materials,pcs,535,INR,Asian Paints,10k catalog row 5925
LRG-05926,Bulk SKU 5926,Lighting & Fixtures,pcs,536,INR,Bosch,10k catalog row 5926
LRG-05927,Bulk SKU 5927,Timber & Wood,pcs,537,INR,3M,10k catalog row 5927
LRG-05928,Bulk SKU 5928,Glass & Aluminium,pcs,538,INR,Jindal,10k catalog row 5928
LRG-05929,Bulk SKU 5929,Sanitary Ware,pcs,539,INR,Saint-Gobain,10k catalog row 5929
LRG-05930,Bulk SKU 5930,Steel & Metal,pcs,540,INR,UltraTech,10k catalog row 5930
LRG-05931,Bulk SKU 5931,Tiles & Flooring,pcs,541,INR,Tata,10k catalog row 5931
LRG-05932,Bulk SKU 5932,Electrical Supplies,pcs,542,INR,Kajaria,10k catalog row 5932
LRG-05933,Bulk SKU 5933,Plumbing & HVAC,pcs,543,INR,Havells,10k catalog row 5933
LRG-05934,Bulk SKU 5934,Paint & Finishes,pcs,544,INR,Jaquar,10k catalog row 5934
LRG-05935,Bulk SKU 5935,Building Materials,pcs,545,INR,Asian Paints,10k catalog row 5935
LRG-05936,Bulk SKU 5936,Lighting & Fixtures,pcs,546,INR,Bosch,10k catalog row 5936
LRG-05937,Bulk SKU 5937,Timber & Wood,pcs,547,INR,3M,10k catalog row 5937
LRG-05938,Bulk SKU 5938,Glass & Aluminium,pcs,548,INR,Jindal,10k catalog row 5938
LRG-05939,Bulk SKU 5939,Sanitary Ware,pcs,549,INR,Saint-Gobain,10k catalog row 5939
LRG-05940,Bulk SKU 5940,Steel & Metal,pcs,550,INR,UltraTech,10k catalog row 5940
LRG-05941,Bulk SKU 5941,Tiles & Flooring,pcs,551,INR,Tata,10k catalog row 5941
LRG-05942,Bulk SKU 5942,Electrical Supplies,pcs,552,INR,Kajaria,10k catalog row 5942
LRG-05943,Bulk SKU 5943,Plumbing & HVAC,pcs,553,INR,Havells,10k catalog row 5943
LRG-05944,Bulk SKU 5944,Paint & Finishes,pcs,554,INR,Jaquar,10k catalog row 5944
LRG-05945,Bulk SKU 5945,Building Materials,pcs,555,INR,Asian Paints,10k catalog row 5945
LRG-05946,Bulk SKU 5946,Lighting & Fixtures,pcs,556,INR,Bosch,10k catalog row 5946
LRG-05947,Bulk SKU 5947,Timber & Wood,pcs,557,INR,3M,10k catalog row 5947
LRG-05948,Bulk SKU 5948,Glass & Aluminium,pcs,558,INR,Jindal,10k catalog row 5948
LRG-05949,Bulk SKU 5949,Sanitary Ware,pcs,559,INR,Saint-Gobain,10k catalog row 5949
LRG-05950,Bulk SKU 5950,Steel & Metal,pcs,560,INR,UltraTech,10k catalog row 5950
LRG-05951,Bulk SKU 5951,Tiles & Flooring,pcs,561,INR,Tata,10k catalog row 5951
LRG-05952,Bulk SKU 5952,Electrical Supplies,pcs,562,INR,Kajaria,10k catalog row 5952
LRG-05953,Bulk SKU 5953,Plumbing & HVAC,pcs,563,INR,Havells,10k catalog row 5953
LRG-05954,Bulk SKU 5954,Paint & Finishes,pcs,564,INR,Jaquar,10k catalog row 5954
LRG-05955,Bulk SKU 5955,Building Materials,pcs,565,INR,Asian Paints,10k catalog row 5955
LRG-05956,Bulk SKU 5956,Lighting & Fixtures,pcs,566,INR,Bosch,10k catalog row 5956
LRG-05957,Bulk SKU 5957,Timber & Wood,pcs,567,INR,3M,10k catalog row 5957
LRG-05958,Bulk SKU 5958,Glass & Aluminium,pcs,568,INR,Jindal,10k catalog row 5958
LRG-05959,Bulk SKU 5959,Sanitary Ware,pcs,569,INR,Saint-Gobain,10k catalog row 5959
LRG-05960,Bulk SKU 5960,Steel & Metal,pcs,570,INR,UltraTech,10k catalog row 5960
LRG-05961,Bulk SKU 5961,Tiles & Flooring,pcs,571,INR,Tata,10k catalog row 5961
LRG-05962,Bulk SKU 5962,Electrical Supplies,pcs,572,INR,Kajaria,10k catalog row 5962
LRG-05963,Bulk SKU 5963,Plumbing & HVAC,pcs,573,INR,Havells,10k catalog row 5963
LRG-05964,Bulk SKU 5964,Paint & Finishes,pcs,574,INR,Jaquar,10k catalog row 5964
LRG-05965,Bulk SKU 5965,Building Materials,pcs,575,INR,Asian Paints,10k catalog row 5965
LRG-05966,Bulk SKU 5966,Lighting & Fixtures,pcs,576,INR,Bosch,10k catalog row 5966
LRG-05967,Bulk SKU 5967,Timber & Wood,pcs,577,INR,3M,10k catalog row 5967
LRG-05968,Bulk SKU 5968,Glass & Aluminium,pcs,578,INR,Jindal,10k catalog row 5968
LRG-05969,Bulk SKU 5969,Sanitary Ware,pcs,579,INR,Saint-Gobain,10k catalog row 5969
LRG-05970,Bulk SKU 5970,Steel & Metal,pcs,580,INR,UltraTech,10k catalog row 5970
LRG-05971,Bulk SKU 5971,Tiles & Flooring,pcs,581,INR,Tata,10k catalog row 5971
LRG-05972,Bulk SKU 5972,Electrical Supplies,pcs,582,INR,Kajaria,10k catalog row 5972
LRG-05973,Bulk SKU 5973,Plumbing & HVAC,pcs,583,INR,Havells,10k catalog row 5973
LRG-05974,Bulk SKU 5974,Paint & Finishes,pcs,584,INR,Jaquar,10k catalog row 5974
LRG-05975,Bulk SKU 5975,Building Materials,pcs,585,INR,Asian Paints,10k catalog row 5975
LRG-05976,Bulk SKU 5976,Lighting & Fixtures,pcs,586,INR,Bosch,10k catalog row 5976
LRG-05977,Bulk SKU 5977,Timber & Wood,pcs,587,INR,3M,10k catalog row 5977
LRG-05978,Bulk SKU 5978,Glass & Aluminium,pcs,588,INR,Jindal,10k catalog row 5978
LRG-05979,Bulk SKU 5979,Sanitary Ware,pcs,589,INR,Saint-Gobain,10k catalog row 5979
LRG-05980,Bulk SKU 5980,Steel & Metal,pcs,590,INR,UltraTech,10k catalog row 5980
LRG-05981,Bulk SKU 5981,Tiles & Flooring,pcs,591,INR,Tata,10k catalog row 5981
LRG-05982,Bulk SKU 5982,Electrical Supplies,pcs,592,INR,Kajaria,10k catalog row 5982
LRG-05983,Bulk SKU 5983,Plumbing & HVAC,pcs,593,INR,Havells,10k catalog row 5983
LRG-05984,Bulk SKU 5984,Paint & Finishes,pcs,594,INR,Jaquar,10k catalog row 5984
LRG-05985,Bulk SKU 5985,Building Materials,pcs,595,INR,Asian Paints,10k catalog row 5985
LRG-05986,Bulk SKU 5986,Lighting & Fixtures,pcs,596,INR,Bosch,10k catalog row 5986
LRG-05987,Bulk SKU 5987,Timber & Wood,pcs,597,INR,3M,10k catalog row 5987
LRG-05988,Bulk SKU 5988,Glass & Aluminium,pcs,598,INR,Jindal,10k catalog row 5988
LRG-05989,Bulk SKU 5989,Sanitary Ware,pcs,599,INR,Saint-Gobain,10k catalog row 5989
LRG-05990,Bulk SKU 5990,Steel & Metal,pcs,600,INR,UltraTech,10k catalog row 5990
LRG-05991,Bulk SKU 5991,Tiles & Flooring,pcs,601,INR,Tata,10k catalog row 5991
LRG-05992,Bulk SKU 5992,Electrical Supplies,pcs,602,INR,Kajaria,10k catalog row 5992
LRG-05993,Bulk SKU 5993,Plumbing & HVAC,pcs,603,INR,Havells,10k catalog row 5993
LRG-05994,Bulk SKU 5994,Paint & Finishes,pcs,604,INR,Jaquar,10k catalog row 5994
LRG-05995,Bulk SKU 5995,Building Materials,pcs,605,INR,Asian Paints,10k catalog row 5995
LRG-05996,Bulk SKU 5996,Lighting & Fixtures,pcs,606,INR,Bosch,10k catalog row 5996
LRG-05997,Bulk SKU 5997,Timber & Wood,pcs,607,INR,3M,10k catalog row 5997
LRG-05998,Bulk SKU 5998,Glass & Aluminium,pcs,608,INR,Jindal,10k catalog row 5998
LRG-05999,Bulk SKU 5999,Sanitary Ware,pcs,609,INR,Saint-Gobain,10k catalog row 5999
LRG-06000,Bulk SKU 6000,Steel & Metal,pcs,610,INR,UltraTech,10k catalog row 6000
LRG-06001,Bulk SKU 6001,Tiles & Flooring,pcs,611,INR,Tata,10k catalog row 6001
LRG-06002,Bulk SKU 6002,Electrical Supplies,pcs,612,INR,Kajaria,10k catalog row 6002
LRG-06003,Bulk SKU 6003,Plumbing & HVAC,pcs,613,INR,Havells,10k catalog row 6003
LRG-06004,Bulk SKU 6004,Paint & Finishes,pcs,614,INR,Jaquar,10k catalog row 6004
LRG-06005,Bulk SKU 6005,Building Materials,pcs,615,INR,Asian Paints,10k catalog row 6005
LRG-06006,Bulk SKU 6006,Lighting & Fixtures,pcs,616,INR,Bosch,10k catalog row 6006
LRG-06007,Bulk SKU 6007,Timber & Wood,pcs,617,INR,3M,10k catalog row 6007
LRG-06008,Bulk SKU 6008,Glass & Aluminium,pcs,618,INR,Jindal,10k catalog row 6008
LRG-06009,Bulk SKU 6009,Sanitary Ware,pcs,619,INR,Saint-Gobain,10k catalog row 6009
LRG-06010,Bulk SKU 6010,Steel & Metal,pcs,620,INR,UltraTech,10k catalog row 6010
LRG-06011,Bulk SKU 6011,Tiles & Flooring,pcs,621,INR,Tata,10k catalog row 6011
LRG-06012,Bulk SKU 6012,Electrical Supplies,pcs,622,INR,Kajaria,10k catalog row 6012
LRG-06013,Bulk SKU 6013,Plumbing & HVAC,pcs,623,INR,Havells,10k catalog row 6013
LRG-06014,Bulk SKU 6014,Paint & Finishes,pcs,624,INR,Jaquar,10k catalog row 6014
LRG-06015,Bulk SKU 6015,Building Materials,pcs,625,INR,Asian Paints,10k catalog row 6015
LRG-06016,Bulk SKU 6016,Lighting & Fixtures,pcs,626,INR,Bosch,10k catalog row 6016
LRG-06017,Bulk SKU 6017,Timber & Wood,pcs,627,INR,3M,10k catalog row 6017
LRG-06018,Bulk SKU 6018,Glass & Aluminium,pcs,628,INR,Jindal,10k catalog row 6018
LRG-06019,Bulk SKU 6019,Sanitary Ware,pcs,629,INR,Saint-Gobain,10k catalog row 6019
LRG-06020,Bulk SKU 6020,Steel & Metal,pcs,630,INR,UltraTech,10k catalog row 6020
LRG-06021,Bulk SKU 6021,Tiles & Flooring,pcs,631,INR,Tata,10k catalog row 6021
LRG-06022,Bulk SKU 6022,Electrical Supplies,pcs,632,INR,Kajaria,10k catalog row 6022
LRG-06023,Bulk SKU 6023,Plumbing & HVAC,pcs,633,INR,Havells,10k catalog row 6023
LRG-06024,Bulk SKU 6024,Paint & Finishes,pcs,634,INR,Jaquar,10k catalog row 6024
LRG-06025,Bulk SKU 6025,Building Materials,pcs,635,INR,Asian Paints,10k catalog row 6025
LRG-06026,Bulk SKU 6026,Lighting & Fixtures,pcs,636,INR,Bosch,10k catalog row 6026
LRG-06027,Bulk SKU 6027,Timber & Wood,pcs,637,INR,3M,10k catalog row 6027
LRG-06028,Bulk SKU 6028,Glass & Aluminium,pcs,638,INR,Jindal,10k catalog row 6028
LRG-06029,Bulk SKU 6029,Sanitary Ware,pcs,639,INR,Saint-Gobain,10k catalog row 6029
LRG-06030,Bulk SKU 6030,Steel & Metal,pcs,640,INR,UltraTech,10k catalog row 6030
LRG-06031,Bulk SKU 6031,Tiles & Flooring,pcs,641,INR,Tata,10k catalog row 6031
LRG-06032,Bulk SKU 6032,Electrical Supplies,pcs,642,INR,Kajaria,10k catalog row 6032
LRG-06033,Bulk SKU 6033,Plumbing & HVAC,pcs,643,INR,Havells,10k catalog row 6033
LRG-06034,Bulk SKU 6034,Paint & Finishes,pcs,644,INR,Jaquar,10k catalog row 6034
LRG-06035,Bulk SKU 6035,Building Materials,pcs,645,INR,Asian Paints,10k catalog row 6035
LRG-06036,Bulk SKU 6036,Lighting & Fixtures,pcs,646,INR,Bosch,10k catalog row 6036
LRG-06037,Bulk SKU 6037,Timber & Wood,pcs,647,INR,3M,10k catalog row 6037
LRG-06038,Bulk SKU 6038,Glass & Aluminium,pcs,648,INR,Jindal,10k catalog row 6038
LRG-06039,Bulk SKU 6039,Sanitary Ware,pcs,649,INR,Saint-Gobain,10k catalog row 6039
LRG-06040,Bulk SKU 6040,Steel & Metal,pcs,650,INR,UltraTech,10k catalog row 6040
LRG-06041,Bulk SKU 6041,Tiles & Flooring,pcs,651,INR,Tata,10k catalog row 6041
LRG-06042,Bulk SKU 6042,Electrical Supplies,pcs,652,INR,Kajaria,10k catalog row 6042
LRG-06043,Bulk SKU 6043,Plumbing & HVAC,pcs,653,INR,Havells,10k catalog row 6043
LRG-06044,Bulk SKU 6044,Paint & Finishes,pcs,654,INR,Jaquar,10k catalog row 6044
LRG-06045,Bulk SKU 6045,Building Materials,pcs,655,INR,Asian Paints,10k catalog row 6045
LRG-06046,Bulk SKU 6046,Lighting & Fixtures,pcs,656,INR,Bosch,10k catalog row 6046
LRG-06047,Bulk SKU 6047,Timber & Wood,pcs,657,INR,3M,10k catalog row 6047
LRG-06048,Bulk SKU 6048,Glass & Aluminium,pcs,658,INR,Jindal,10k catalog row 6048
LRG-06049,Bulk SKU 6049,Sanitary Ware,pcs,659,INR,Saint-Gobain,10k catalog row 6049
LRG-06050,Bulk SKU 6050,Steel & Metal,pcs,660,INR,UltraTech,10k catalog row 6050
LRG-06051,Bulk SKU 6051,Tiles & Flooring,pcs,661,INR,Tata,10k catalog row 6051
LRG-06052,Bulk SKU 6052,Electrical Supplies,pcs,662,INR,Kajaria,10k catalog row 6052
LRG-06053,Bulk SKU 6053,Plumbing & HVAC,pcs,663,INR,Havells,10k catalog row 6053
LRG-06054,Bulk SKU 6054,Paint & Finishes,pcs,664,INR,Jaquar,10k catalog row 6054
LRG-06055,Bulk SKU 6055,Building Materials,pcs,665,INR,Asian Paints,10k catalog row 6055
LRG-06056,Bulk SKU 6056,Lighting & Fixtures,pcs,666,INR,Bosch,10k catalog row 6056
LRG-06057,Bulk SKU 6057,Timber & Wood,pcs,667,INR,3M,10k catalog row 6057
LRG-06058,Bulk SKU 6058,Glass & Aluminium,pcs,668,INR,Jindal,10k catalog row 6058
LRG-06059,Bulk SKU 6059,Sanitary Ware,pcs,669,INR,Saint-Gobain,10k catalog row 6059
LRG-06060,Bulk SKU 6060,Steel & Metal,pcs,670,INR,UltraTech,10k catalog row 6060
LRG-06061,Bulk SKU 6061,Tiles & Flooring,pcs,671,INR,Tata,10k catalog row 6061
LRG-06062,Bulk SKU 6062,Electrical Supplies,pcs,672,INR,Kajaria,10k catalog row 6062
LRG-06063,Bulk SKU 6063,Plumbing & HVAC,pcs,673,INR,Havells,10k catalog row 6063
LRG-06064,Bulk SKU 6064,Paint & Finishes,pcs,674,INR,Jaquar,10k catalog row 6064
LRG-06065,Bulk SKU 6065,Building Materials,pcs,675,INR,Asian Paints,10k catalog row 6065
LRG-06066,Bulk SKU 6066,Lighting & Fixtures,pcs,676,INR,Bosch,10k catalog row 6066
LRG-06067,Bulk SKU 6067,Timber & Wood,pcs,677,INR,3M,10k catalog row 6067
LRG-06068,Bulk SKU 6068,Glass & Aluminium,pcs,678,INR,Jindal,10k catalog row 6068
LRG-06069,Bulk SKU 6069,Sanitary Ware,pcs,679,INR,Saint-Gobain,10k catalog row 6069
LRG-06070,Bulk SKU 6070,Steel & Metal,pcs,680,INR,UltraTech,10k catalog row 6070
LRG-06071,Bulk SKU 6071,Tiles & Flooring,pcs,681,INR,Tata,10k catalog row 6071
LRG-06072,Bulk SKU 6072,Electrical Supplies,pcs,682,INR,Kajaria,10k catalog row 6072
LRG-06073,Bulk SKU 6073,Plumbing & HVAC,pcs,683,INR,Havells,10k catalog row 6073
LRG-06074,Bulk SKU 6074,Paint & Finishes,pcs,684,INR,Jaquar,10k catalog row 6074
LRG-06075,Bulk SKU 6075,Building Materials,pcs,685,INR,Asian Paints,10k catalog row 6075
LRG-06076,Bulk SKU 6076,Lighting & Fixtures,pcs,686,INR,Bosch,10k catalog row 6076
LRG-06077,Bulk SKU 6077,Timber & Wood,pcs,687,INR,3M,10k catalog row 6077
LRG-06078,Bulk SKU 6078,Glass & Aluminium,pcs,688,INR,Jindal,10k catalog row 6078
LRG-06079,Bulk SKU 6079,Sanitary Ware,pcs,689,INR,Saint-Gobain,10k catalog row 6079
LRG-06080,Bulk SKU 6080,Steel & Metal,pcs,690,INR,UltraTech,10k catalog row 6080
LRG-06081,Bulk SKU 6081,Tiles & Flooring,pcs,691,INR,Tata,10k catalog row 6081
LRG-06082,Bulk SKU 6082,Electrical Supplies,pcs,692,INR,Kajaria,10k catalog row 6082
LRG-06083,Bulk SKU 6083,Plumbing & HVAC,pcs,693,INR,Havells,10k catalog row 6083
LRG-06084,Bulk SKU 6084,Paint & Finishes,pcs,694,INR,Jaquar,10k catalog row 6084
LRG-06085,Bulk SKU 6085,Building Materials,pcs,695,INR,Asian Paints,10k catalog row 6085
LRG-06086,Bulk SKU 6086,Lighting & Fixtures,pcs,696,INR,Bosch,10k catalog row 6086
LRG-06087,Bulk SKU 6087,Timber & Wood,pcs,697,INR,3M,10k catalog row 6087
LRG-06088,Bulk SKU 6088,Glass & Aluminium,pcs,698,INR,Jindal,10k catalog row 6088
LRG-06089,Bulk SKU 6089,Sanitary Ware,pcs,699,INR,Saint-Gobain,10k catalog row 6089
LRG-06090,Bulk SKU 6090,Steel & Metal,pcs,700,INR,UltraTech,10k catalog row 6090
LRG-06091,Bulk SKU 6091,Tiles & Flooring,pcs,701,INR,Tata,10k catalog row 6091
LRG-06092,Bulk SKU 6092,Electrical Supplies,pcs,702,INR,Kajaria,10k catalog row 6092
LRG-06093,Bulk SKU 6093,Plumbing & HVAC,pcs,703,INR,Havells,10k catalog row 6093
LRG-06094,Bulk SKU 6094,Paint & Finishes,pcs,704,INR,Jaquar,10k catalog row 6094
LRG-06095,Bulk SKU 6095,Building Materials,pcs,705,INR,Asian Paints,10k catalog row 6095
LRG-06096,Bulk SKU 6096,Lighting & Fixtures,pcs,706,INR,Bosch,10k catalog row 6096
LRG-06097,Bulk SKU 6097,Timber & Wood,pcs,707,INR,3M,10k catalog row 6097
LRG-06098,Bulk SKU 6098,Glass & Aluminium,pcs,708,INR,Jindal,10k catalog row 6098
LRG-06099,Bulk SKU 6099,Sanitary Ware,pcs,709,INR,Saint-Gobain,10k catalog row 6099
LRG-06100,Bulk SKU 6100,Steel & Metal,pcs,710,INR,UltraTech,10k catalog row 6100
LRG-06101,Bulk SKU 6101,Tiles & Flooring,pcs,711,INR,Tata,10k catalog row 6101
LRG-06102,Bulk SKU 6102,Electrical Supplies,pcs,712,INR,Kajaria,10k catalog row 6102
LRG-06103,Bulk SKU 6103,Plumbing & HVAC,pcs,713,INR,Havells,10k catalog row 6103
LRG-06104,Bulk SKU 6104,Paint & Finishes,pcs,714,INR,Jaquar,10k catalog row 6104
LRG-06105,Bulk SKU 6105,Building Materials,pcs,715,INR,Asian Paints,10k catalog row 6105
LRG-06106,Bulk SKU 6106,Lighting & Fixtures,pcs,716,INR,Bosch,10k catalog row 6106
LRG-06107,Bulk SKU 6107,Timber & Wood,pcs,717,INR,3M,10k catalog row 6107
LRG-06108,Bulk SKU 6108,Glass & Aluminium,pcs,718,INR,Jindal,10k catalog row 6108
LRG-06109,Bulk SKU 6109,Sanitary Ware,pcs,719,INR,Saint-Gobain,10k catalog row 6109
LRG-06110,Bulk SKU 6110,Steel & Metal,pcs,720,INR,UltraTech,10k catalog row 6110
LRG-06111,Bulk SKU 6111,Tiles & Flooring,pcs,721,INR,Tata,10k catalog row 6111
LRG-06112,Bulk SKU 6112,Electrical Supplies,pcs,722,INR,Kajaria,10k catalog row 6112
LRG-06113,Bulk SKU 6113,Plumbing & HVAC,pcs,723,INR,Havells,10k catalog row 6113
LRG-06114,Bulk SKU 6114,Paint & Finishes,pcs,724,INR,Jaquar,10k catalog row 6114
LRG-06115,Bulk SKU 6115,Building Materials,pcs,725,INR,Asian Paints,10k catalog row 6115
LRG-06116,Bulk SKU 6116,Lighting & Fixtures,pcs,726,INR,Bosch,10k catalog row 6116
LRG-06117,Bulk SKU 6117,Timber & Wood,pcs,727,INR,3M,10k catalog row 6117
LRG-06118,Bulk SKU 6118,Glass & Aluminium,pcs,728,INR,Jindal,10k catalog row 6118
LRG-06119,Bulk SKU 6119,Sanitary Ware,pcs,729,INR,Saint-Gobain,10k catalog row 6119
LRG-06120,Bulk SKU 6120,Steel & Metal,pcs,730,INR,UltraTech,10k catalog row 6120
LRG-06121,Bulk SKU 6121,Tiles & Flooring,pcs,731,INR,Tata,10k catalog row 6121
LRG-06122,Bulk SKU 6122,Electrical Supplies,pcs,732,INR,Kajaria,10k catalog row 6122
LRG-06123,Bulk SKU 6123,Plumbing & HVAC,pcs,733,INR,Havells,10k catalog row 6123
LRG-06124,Bulk SKU 6124,Paint & Finishes,pcs,734,INR,Jaquar,10k catalog row 6124
LRG-06125,Bulk SKU 6125,Building Materials,pcs,735,INR,Asian Paints,10k catalog row 6125
LRG-06126,Bulk SKU 6126,Lighting & Fixtures,pcs,736,INR,Bosch,10k catalog row 6126
LRG-06127,Bulk SKU 6127,Timber & Wood,pcs,737,INR,3M,10k catalog row 6127
LRG-06128,Bulk SKU 6128,Glass & Aluminium,pcs,738,INR,Jindal,10k catalog row 6128
LRG-06129,Bulk SKU 6129,Sanitary Ware,pcs,739,INR,Saint-Gobain,10k catalog row 6129
LRG-06130,Bulk SKU 6130,Steel & Metal,pcs,740,INR,UltraTech,10k catalog row 6130
LRG-06131,Bulk SKU 6131,Tiles & Flooring,pcs,741,INR,Tata,10k catalog row 6131
LRG-06132,Bulk SKU 6132,Electrical Supplies,pcs,742,INR,Kajaria,10k catalog row 6132
LRG-06133,Bulk SKU 6133,Plumbing & HVAC,pcs,743,INR,Havells,10k catalog row 6133
LRG-06134,Bulk SKU 6134,Paint & Finishes,pcs,744,INR,Jaquar,10k catalog row 6134
LRG-06135,Bulk SKU 6135,Building Materials,pcs,745,INR,Asian Paints,10k catalog row 6135
LRG-06136,Bulk SKU 6136,Lighting & Fixtures,pcs,746,INR,Bosch,10k catalog row 6136
LRG-06137,Bulk SKU 6137,Timber & Wood,pcs,747,INR,3M,10k catalog row 6137
LRG-06138,Bulk SKU 6138,Glass & Aluminium,pcs,748,INR,Jindal,10k catalog row 6138
LRG-06139,Bulk SKU 6139,Sanitary Ware,pcs,749,INR,Saint-Gobain,10k catalog row 6139
LRG-06140,Bulk SKU 6140,Steel & Metal,pcs,750,INR,UltraTech,10k catalog row 6140
LRG-06141,Bulk SKU 6141,Tiles & Flooring,pcs,751,INR,Tata,10k catalog row 6141
LRG-06142,Bulk SKU 6142,Electrical Supplies,pcs,752,INR,Kajaria,10k catalog row 6142
LRG-06143,Bulk SKU 6143,Plumbing & HVAC,pcs,753,INR,Havells,10k catalog row 6143
LRG-06144,Bulk SKU 6144,Paint & Finishes,pcs,754,INR,Jaquar,10k catalog row 6144
LRG-06145,Bulk SKU 6145,Building Materials,pcs,755,INR,Asian Paints,10k catalog row 6145
LRG-06146,Bulk SKU 6146,Lighting & Fixtures,pcs,756,INR,Bosch,10k catalog row 6146
LRG-06147,Bulk SKU 6147,Timber & Wood,pcs,757,INR,3M,10k catalog row 6147
LRG-06148,Bulk SKU 6148,Glass & Aluminium,pcs,758,INR,Jindal,10k catalog row 6148
LRG-06149,Bulk SKU 6149,Sanitary Ware,pcs,759,INR,Saint-Gobain,10k catalog row 6149
LRG-06150,Bulk SKU 6150,Steel & Metal,pcs,760,INR,UltraTech,10k catalog row 6150
LRG-06151,Bulk SKU 6151,Tiles & Flooring,pcs,761,INR,Tata,10k catalog row 6151
LRG-06152,Bulk SKU 6152,Electrical Supplies,pcs,762,INR,Kajaria,10k catalog row 6152
LRG-06153,Bulk SKU 6153,Plumbing & HVAC,pcs,763,INR,Havells,10k catalog row 6153
LRG-06154,Bulk SKU 6154,Paint & Finishes,pcs,764,INR,Jaquar,10k catalog row 6154
LRG-06155,Bulk SKU 6155,Building Materials,pcs,765,INR,Asian Paints,10k catalog row 6155
LRG-06156,Bulk SKU 6156,Lighting & Fixtures,pcs,766,INR,Bosch,10k catalog row 6156
LRG-06157,Bulk SKU 6157,Timber & Wood,pcs,767,INR,3M,10k catalog row 6157
LRG-06158,Bulk SKU 6158,Glass & Aluminium,pcs,768,INR,Jindal,10k catalog row 6158
LRG-06159,Bulk SKU 6159,Sanitary Ware,pcs,769,INR,Saint-Gobain,10k catalog row 6159
LRG-06160,Bulk SKU 6160,Steel & Metal,pcs,770,INR,UltraTech,10k catalog row 6160
LRG-06161,Bulk SKU 6161,Tiles & Flooring,pcs,771,INR,Tata,10k catalog row 6161
LRG-06162,Bulk SKU 6162,Electrical Supplies,pcs,772,INR,Kajaria,10k catalog row 6162
LRG-06163,Bulk SKU 6163,Plumbing & HVAC,pcs,773,INR,Havells,10k catalog row 6163
LRG-06164,Bulk SKU 6164,Paint & Finishes,pcs,774,INR,Jaquar,10k catalog row 6164
LRG-06165,Bulk SKU 6165,Building Materials,pcs,775,INR,Asian Paints,10k catalog row 6165
LRG-06166,Bulk SKU 6166,Lighting & Fixtures,pcs,776,INR,Bosch,10k catalog row 6166
LRG-06167,Bulk SKU 6167,Timber & Wood,pcs,777,INR,3M,10k catalog row 6167
LRG-06168,Bulk SKU 6168,Glass & Aluminium,pcs,778,INR,Jindal,10k catalog row 6168
LRG-06169,Bulk SKU 6169,Sanitary Ware,pcs,779,INR,Saint-Gobain,10k catalog row 6169
LRG-06170,Bulk SKU 6170,Steel & Metal,pcs,780,INR,UltraTech,10k catalog row 6170
LRG-06171,Bulk SKU 6171,Tiles & Flooring,pcs,781,INR,Tata,10k catalog row 6171
LRG-06172,Bulk SKU 6172,Electrical Supplies,pcs,782,INR,Kajaria,10k catalog row 6172
LRG-06173,Bulk SKU 6173,Plumbing & HVAC,pcs,783,INR,Havells,10k catalog row 6173
LRG-06174,Bulk SKU 6174,Paint & Finishes,pcs,784,INR,Jaquar,10k catalog row 6174
LRG-06175,Bulk SKU 6175,Building Materials,pcs,785,INR,Asian Paints,10k catalog row 6175
LRG-06176,Bulk SKU 6176,Lighting & Fixtures,pcs,786,INR,Bosch,10k catalog row 6176
LRG-06177,Bulk SKU 6177,Timber & Wood,pcs,787,INR,3M,10k catalog row 6177
LRG-06178,Bulk SKU 6178,Glass & Aluminium,pcs,788,INR,Jindal,10k catalog row 6178
LRG-06179,Bulk SKU 6179,Sanitary Ware,pcs,789,INR,Saint-Gobain,10k catalog row 6179
LRG-06180,Bulk SKU 6180,Steel & Metal,pcs,790,INR,UltraTech,10k catalog row 6180
LRG-06181,Bulk SKU 6181,Tiles & Flooring,pcs,791,INR,Tata,10k catalog row 6181
LRG-06182,Bulk SKU 6182,Electrical Supplies,pcs,792,INR,Kajaria,10k catalog row 6182
LRG-06183,Bulk SKU 6183,Plumbing & HVAC,pcs,793,INR,Havells,10k catalog row 6183
LRG-06184,Bulk SKU 6184,Paint & Finishes,pcs,794,INR,Jaquar,10k catalog row 6184
LRG-06185,Bulk SKU 6185,Building Materials,pcs,795,INR,Asian Paints,10k catalog row 6185
LRG-06186,Bulk SKU 6186,Lighting & Fixtures,pcs,796,INR,Bosch,10k catalog row 6186
LRG-06187,Bulk SKU 6187,Timber & Wood,pcs,797,INR,3M,10k catalog row 6187
LRG-06188,Bulk SKU 6188,Glass & Aluminium,pcs,798,INR,Jindal,10k catalog row 6188
LRG-06189,Bulk SKU 6189,Sanitary Ware,pcs,799,INR,Saint-Gobain,10k catalog row 6189
LRG-06190,Bulk SKU 6190,Steel & Metal,pcs,800,INR,UltraTech,10k catalog row 6190
LRG-06191,Bulk SKU 6191,Tiles & Flooring,pcs,801,INR,Tata,10k catalog row 6191
LRG-06192,Bulk SKU 6192,Electrical Supplies,pcs,802,INR,Kajaria,10k catalog row 6192
LRG-06193,Bulk SKU 6193,Plumbing & HVAC,pcs,803,INR,Havells,10k catalog row 6193
LRG-06194,Bulk SKU 6194,Paint & Finishes,pcs,804,INR,Jaquar,10k catalog row 6194
LRG-06195,Bulk SKU 6195,Building Materials,pcs,805,INR,Asian Paints,10k catalog row 6195
LRG-06196,Bulk SKU 6196,Lighting & Fixtures,pcs,806,INR,Bosch,10k catalog row 6196
LRG-06197,Bulk SKU 6197,Timber & Wood,pcs,807,INR,3M,10k catalog row 6197
LRG-06198,Bulk SKU 6198,Glass & Aluminium,pcs,808,INR,Jindal,10k catalog row 6198
LRG-06199,Bulk SKU 6199,Sanitary Ware,pcs,809,INR,Saint-Gobain,10k catalog row 6199
LRG-06200,Bulk SKU 6200,Steel & Metal,pcs,810,INR,UltraTech,10k catalog row 6200
LRG-06201,Bulk SKU 6201,Tiles & Flooring,pcs,811,INR,Tata,10k catalog row 6201
LRG-06202,Bulk SKU 6202,Electrical Supplies,pcs,812,INR,Kajaria,10k catalog row 6202
LRG-06203,Bulk SKU 6203,Plumbing & HVAC,pcs,813,INR,Havells,10k catalog row 6203
LRG-06204,Bulk SKU 6204,Paint & Finishes,pcs,814,INR,Jaquar,10k catalog row 6204
LRG-06205,Bulk SKU 6205,Building Materials,pcs,815,INR,Asian Paints,10k catalog row 6205
LRG-06206,Bulk SKU 6206,Lighting & Fixtures,pcs,816,INR,Bosch,10k catalog row 6206
LRG-06207,Bulk SKU 6207,Timber & Wood,pcs,817,INR,3M,10k catalog row 6207
LRG-06208,Bulk SKU 6208,Glass & Aluminium,pcs,818,INR,Jindal,10k catalog row 6208
LRG-06209,Bulk SKU 6209,Sanitary Ware,pcs,819,INR,Saint-Gobain,10k catalog row 6209
LRG-06210,Bulk SKU 6210,Steel & Metal,pcs,820,INR,UltraTech,10k catalog row 6210
LRG-06211,Bulk SKU 6211,Tiles & Flooring,pcs,821,INR,Tata,10k catalog row 6211
LRG-06212,Bulk SKU 6212,Electrical Supplies,pcs,822,INR,Kajaria,10k catalog row 6212
LRG-06213,Bulk SKU 6213,Plumbing & HVAC,pcs,823,INR,Havells,10k catalog row 6213
LRG-06214,Bulk SKU 6214,Paint & Finishes,pcs,824,INR,Jaquar,10k catalog row 6214
LRG-06215,Bulk SKU 6215,Building Materials,pcs,825,INR,Asian Paints,10k catalog row 6215
LRG-06216,Bulk SKU 6216,Lighting & Fixtures,pcs,826,INR,Bosch,10k catalog row 6216
LRG-06217,Bulk SKU 6217,Timber & Wood,pcs,827,INR,3M,10k catalog row 6217
LRG-06218,Bulk SKU 6218,Glass & Aluminium,pcs,828,INR,Jindal,10k catalog row 6218
LRG-06219,Bulk SKU 6219,Sanitary Ware,pcs,829,INR,Saint-Gobain,10k catalog row 6219
LRG-06220,Bulk SKU 6220,Steel & Metal,pcs,830,INR,UltraTech,10k catalog row 6220
LRG-06221,Bulk SKU 6221,Tiles & Flooring,pcs,831,INR,Tata,10k catalog row 6221
LRG-06222,Bulk SKU 6222,Electrical Supplies,pcs,832,INR,Kajaria,10k catalog row 6222
LRG-06223,Bulk SKU 6223,Plumbing & HVAC,pcs,833,INR,Havells,10k catalog row 6223
LRG-06224,Bulk SKU 6224,Paint & Finishes,pcs,834,INR,Jaquar,10k catalog row 6224
LRG-06225,Bulk SKU 6225,Building Materials,pcs,835,INR,Asian Paints,10k catalog row 6225
LRG-06226,Bulk SKU 6226,Lighting & Fixtures,pcs,836,INR,Bosch,10k catalog row 6226
LRG-06227,Bulk SKU 6227,Timber & Wood,pcs,837,INR,3M,10k catalog row 6227
LRG-06228,Bulk SKU 6228,Glass & Aluminium,pcs,838,INR,Jindal,10k catalog row 6228
LRG-06229,Bulk SKU 6229,Sanitary Ware,pcs,839,INR,Saint-Gobain,10k catalog row 6229
LRG-06230,Bulk SKU 6230,Steel & Metal,pcs,840,INR,UltraTech,10k catalog row 6230
LRG-06231,Bulk SKU 6231,Tiles & Flooring,pcs,841,INR,Tata,10k catalog row 6231
LRG-06232,Bulk SKU 6232,Electrical Supplies,pcs,842,INR,Kajaria,10k catalog row 6232
LRG-06233,Bulk SKU 6233,Plumbing & HVAC,pcs,843,INR,Havells,10k catalog row 6233
LRG-06234,Bulk SKU 6234,Paint & Finishes,pcs,844,INR,Jaquar,10k catalog row 6234
LRG-06235,Bulk SKU 6235,Building Materials,pcs,845,INR,Asian Paints,10k catalog row 6235
LRG-06236,Bulk SKU 6236,Lighting & Fixtures,pcs,846,INR,Bosch,10k catalog row 6236
LRG-06237,Bulk SKU 6237,Timber & Wood,pcs,847,INR,3M,10k catalog row 6237
LRG-06238,Bulk SKU 6238,Glass & Aluminium,pcs,848,INR,Jindal,10k catalog row 6238
LRG-06239,Bulk SKU 6239,Sanitary Ware,pcs,849,INR,Saint-Gobain,10k catalog row 6239
LRG-06240,Bulk SKU 6240,Steel & Metal,pcs,850,INR,UltraTech,10k catalog row 6240
LRG-06241,Bulk SKU 6241,Tiles & Flooring,pcs,851,INR,Tata,10k catalog row 6241
LRG-06242,Bulk SKU 6242,Electrical Supplies,pcs,852,INR,Kajaria,10k catalog row 6242
LRG-06243,Bulk SKU 6243,Plumbing & HVAC,pcs,853,INR,Havells,10k catalog row 6243
LRG-06244,Bulk SKU 6244,Paint & Finishes,pcs,854,INR,Jaquar,10k catalog row 6244
LRG-06245,Bulk SKU 6245,Building Materials,pcs,855,INR,Asian Paints,10k catalog row 6245
LRG-06246,Bulk SKU 6246,Lighting & Fixtures,pcs,856,INR,Bosch,10k catalog row 6246
LRG-06247,Bulk SKU 6247,Timber & Wood,pcs,857,INR,3M,10k catalog row 6247
LRG-06248,Bulk SKU 6248,Glass & Aluminium,pcs,858,INR,Jindal,10k catalog row 6248
LRG-06249,Bulk SKU 6249,Sanitary Ware,pcs,859,INR,Saint-Gobain,10k catalog row 6249
LRG-06250,Bulk SKU 6250,Steel & Metal,pcs,860,INR,UltraTech,10k catalog row 6250
LRG-06251,Bulk SKU 6251,Tiles & Flooring,pcs,861,INR,Tata,10k catalog row 6251
LRG-06252,Bulk SKU 6252,Electrical Supplies,pcs,862,INR,Kajaria,10k catalog row 6252
LRG-06253,Bulk SKU 6253,Plumbing & HVAC,pcs,863,INR,Havells,10k catalog row 6253
LRG-06254,Bulk SKU 6254,Paint & Finishes,pcs,864,INR,Jaquar,10k catalog row 6254
LRG-06255,Bulk SKU 6255,Building Materials,pcs,865,INR,Asian Paints,10k catalog row 6255
LRG-06256,Bulk SKU 6256,Lighting & Fixtures,pcs,866,INR,Bosch,10k catalog row 6256
LRG-06257,Bulk SKU 6257,Timber & Wood,pcs,867,INR,3M,10k catalog row 6257
LRG-06258,Bulk SKU 6258,Glass & Aluminium,pcs,868,INR,Jindal,10k catalog row 6258
LRG-06259,Bulk SKU 6259,Sanitary Ware,pcs,869,INR,Saint-Gobain,10k catalog row 6259
LRG-06260,Bulk SKU 6260,Steel & Metal,pcs,870,INR,UltraTech,10k catalog row 6260
LRG-06261,Bulk SKU 6261,Tiles & Flooring,pcs,871,INR,Tata,10k catalog row 6261
LRG-06262,Bulk SKU 6262,Electrical Supplies,pcs,872,INR,Kajaria,10k catalog row 6262
LRG-06263,Bulk SKU 6263,Plumbing & HVAC,pcs,873,INR,Havells,10k catalog row 6263
LRG-06264,Bulk SKU 6264,Paint & Finishes,pcs,874,INR,Jaquar,10k catalog row 6264
LRG-06265,Bulk SKU 6265,Building Materials,pcs,875,INR,Asian Paints,10k catalog row 6265
LRG-06266,Bulk SKU 6266,Lighting & Fixtures,pcs,876,INR,Bosch,10k catalog row 6266
LRG-06267,Bulk SKU 6267,Timber & Wood,pcs,877,INR,3M,10k catalog row 6267
LRG-06268,Bulk SKU 6268,Glass & Aluminium,pcs,878,INR,Jindal,10k catalog row 6268
LRG-06269,Bulk SKU 6269,Sanitary Ware,pcs,879,INR,Saint-Gobain,10k catalog row 6269
LRG-06270,Bulk SKU 6270,Steel & Metal,pcs,880,INR,UltraTech,10k catalog row 6270
LRG-06271,Bulk SKU 6271,Tiles & Flooring,pcs,881,INR,Tata,10k catalog row 6271
LRG-06272,Bulk SKU 6272,Electrical Supplies,pcs,882,INR,Kajaria,10k catalog row 6272
LRG-06273,Bulk SKU 6273,Plumbing & HVAC,pcs,883,INR,Havells,10k catalog row 6273
LRG-06274,Bulk SKU 6274,Paint & Finishes,pcs,884,INR,Jaquar,10k catalog row 6274
LRG-06275,Bulk SKU 6275,Building Materials,pcs,885,INR,Asian Paints,10k catalog row 6275
LRG-06276,Bulk SKU 6276,Lighting & Fixtures,pcs,886,INR,Bosch,10k catalog row 6276
LRG-06277,Bulk SKU 6277,Timber & Wood,pcs,887,INR,3M,10k catalog row 6277
LRG-06278,Bulk SKU 6278,Glass & Aluminium,pcs,888,INR,Jindal,10k catalog row 6278
LRG-06279,Bulk SKU 6279,Sanitary Ware,pcs,889,INR,Saint-Gobain,10k catalog row 6279
LRG-06280,Bulk SKU 6280,Steel & Metal,pcs,890,INR,UltraTech,10k catalog row 6280
LRG-06281,Bulk SKU 6281,Tiles & Flooring,pcs,891,INR,Tata,10k catalog row 6281
LRG-06282,Bulk SKU 6282,Electrical Supplies,pcs,892,INR,Kajaria,10k catalog row 6282
LRG-06283,Bulk SKU 6283,Plumbing & HVAC,pcs,893,INR,Havells,10k catalog row 6283
LRG-06284,Bulk SKU 6284,Paint & Finishes,pcs,894,INR,Jaquar,10k catalog row 6284
LRG-06285,Bulk SKU 6285,Building Materials,pcs,895,INR,Asian Paints,10k catalog row 6285
LRG-06286,Bulk SKU 6286,Lighting & Fixtures,pcs,896,INR,Bosch,10k catalog row 6286
LRG-06287,Bulk SKU 6287,Timber & Wood,pcs,897,INR,3M,10k catalog row 6287
LRG-06288,Bulk SKU 6288,Glass & Aluminium,pcs,898,INR,Jindal,10k catalog row 6288
LRG-06289,Bulk SKU 6289,Sanitary Ware,pcs,899,INR,Saint-Gobain,10k catalog row 6289
LRG-06290,Bulk SKU 6290,Steel & Metal,pcs,900,INR,UltraTech,10k catalog row 6290
LRG-06291,Bulk SKU 6291,Tiles & Flooring,pcs,901,INR,Tata,10k catalog row 6291
LRG-06292,Bulk SKU 6292,Electrical Supplies,pcs,902,INR,Kajaria,10k catalog row 6292
LRG-06293,Bulk SKU 6293,Plumbing & HVAC,pcs,903,INR,Havells,10k catalog row 6293
LRG-06294,Bulk SKU 6294,Paint & Finishes,pcs,904,INR,Jaquar,10k catalog row 6294
LRG-06295,Bulk SKU 6295,Building Materials,pcs,905,INR,Asian Paints,10k catalog row 6295
LRG-06296,Bulk SKU 6296,Lighting & Fixtures,pcs,906,INR,Bosch,10k catalog row 6296
LRG-06297,Bulk SKU 6297,Timber & Wood,pcs,907,INR,3M,10k catalog row 6297
LRG-06298,Bulk SKU 6298,Glass & Aluminium,pcs,908,INR,Jindal,10k catalog row 6298
LRG-06299,Bulk SKU 6299,Sanitary Ware,pcs,909,INR,Saint-Gobain,10k catalog row 6299
LRG-06300,Bulk SKU 6300,Steel & Metal,pcs,10,INR,UltraTech,10k catalog row 6300
LRG-06301,Bulk SKU 6301,Tiles & Flooring,pcs,11,INR,Tata,10k catalog row 6301
LRG-06302,Bulk SKU 6302,Electrical Supplies,pcs,12,INR,Kajaria,10k catalog row 6302
LRG-06303,Bulk SKU 6303,Plumbing & HVAC,pcs,13,INR,Havells,10k catalog row 6303
LRG-06304,Bulk SKU 6304,Paint & Finishes,pcs,14,INR,Jaquar,10k catalog row 6304
LRG-06305,Bulk SKU 6305,Building Materials,pcs,15,INR,Asian Paints,10k catalog row 6305
LRG-06306,Bulk SKU 6306,Lighting & Fixtures,pcs,16,INR,Bosch,10k catalog row 6306
LRG-06307,Bulk SKU 6307,Timber & Wood,pcs,17,INR,3M,10k catalog row 6307
LRG-06308,Bulk SKU 6308,Glass & Aluminium,pcs,18,INR,Jindal,10k catalog row 6308
LRG-06309,Bulk SKU 6309,Sanitary Ware,pcs,19,INR,Saint-Gobain,10k catalog row 6309
LRG-06310,Bulk SKU 6310,Steel & Metal,pcs,20,INR,UltraTech,10k catalog row 6310
LRG-06311,Bulk SKU 6311,Tiles & Flooring,pcs,21,INR,Tata,10k catalog row 6311
LRG-06312,Bulk SKU 6312,Electrical Supplies,pcs,22,INR,Kajaria,10k catalog row 6312
LRG-06313,Bulk SKU 6313,Plumbing & HVAC,pcs,23,INR,Havells,10k catalog row 6313
LRG-06314,Bulk SKU 6314,Paint & Finishes,pcs,24,INR,Jaquar,10k catalog row 6314
LRG-06315,Bulk SKU 6315,Building Materials,pcs,25,INR,Asian Paints,10k catalog row 6315
LRG-06316,Bulk SKU 6316,Lighting & Fixtures,pcs,26,INR,Bosch,10k catalog row 6316
LRG-06317,Bulk SKU 6317,Timber & Wood,pcs,27,INR,3M,10k catalog row 6317
LRG-06318,Bulk SKU 6318,Glass & Aluminium,pcs,28,INR,Jindal,10k catalog row 6318
LRG-06319,Bulk SKU 6319,Sanitary Ware,pcs,29,INR,Saint-Gobain,10k catalog row 6319
LRG-06320,Bulk SKU 6320,Steel & Metal,pcs,30,INR,UltraTech,10k catalog row 6320
LRG-06321,Bulk SKU 6321,Tiles & Flooring,pcs,31,INR,Tata,10k catalog row 6321
LRG-06322,Bulk SKU 6322,Electrical Supplies,pcs,32,INR,Kajaria,10k catalog row 6322
LRG-06323,Bulk SKU 6323,Plumbing & HVAC,pcs,33,INR,Havells,10k catalog row 6323
LRG-06324,Bulk SKU 6324,Paint & Finishes,pcs,34,INR,Jaquar,10k catalog row 6324
LRG-06325,Bulk SKU 6325,Building Materials,pcs,35,INR,Asian Paints,10k catalog row 6325
LRG-06326,Bulk SKU 6326,Lighting & Fixtures,pcs,36,INR,Bosch,10k catalog row 6326
LRG-06327,Bulk SKU 6327,Timber & Wood,pcs,37,INR,3M,10k catalog row 6327
LRG-06328,Bulk SKU 6328,Glass & Aluminium,pcs,38,INR,Jindal,10k catalog row 6328
LRG-06329,Bulk SKU 6329,Sanitary Ware,pcs,39,INR,Saint-Gobain,10k catalog row 6329
LRG-06330,Bulk SKU 6330,Steel & Metal,pcs,40,INR,UltraTech,10k catalog row 6330
LRG-06331,Bulk SKU 6331,Tiles & Flooring,pcs,41,INR,Tata,10k catalog row 6331
LRG-06332,Bulk SKU 6332,Electrical Supplies,pcs,42,INR,Kajaria,10k catalog row 6332
LRG-06333,Bulk SKU 6333,Plumbing & HVAC,pcs,43,INR,Havells,10k catalog row 6333
LRG-06334,Bulk SKU 6334,Paint & Finishes,pcs,44,INR,Jaquar,10k catalog row 6334
LRG-06335,Bulk SKU 6335,Building Materials,pcs,45,INR,Asian Paints,10k catalog row 6335
LRG-06336,Bulk SKU 6336,Lighting & Fixtures,pcs,46,INR,Bosch,10k catalog row 6336
LRG-06337,Bulk SKU 6337,Timber & Wood,pcs,47,INR,3M,10k catalog row 6337
LRG-06338,Bulk SKU 6338,Glass & Aluminium,pcs,48,INR,Jindal,10k catalog row 6338
LRG-06339,Bulk SKU 6339,Sanitary Ware,pcs,49,INR,Saint-Gobain,10k catalog row 6339
LRG-06340,Bulk SKU 6340,Steel & Metal,pcs,50,INR,UltraTech,10k catalog row 6340
LRG-06341,Bulk SKU 6341,Tiles & Flooring,pcs,51,INR,Tata,10k catalog row 6341
LRG-06342,Bulk SKU 6342,Electrical Supplies,pcs,52,INR,Kajaria,10k catalog row 6342
LRG-06343,Bulk SKU 6343,Plumbing & HVAC,pcs,53,INR,Havells,10k catalog row 6343
LRG-06344,Bulk SKU 6344,Paint & Finishes,pcs,54,INR,Jaquar,10k catalog row 6344
LRG-06345,Bulk SKU 6345,Building Materials,pcs,55,INR,Asian Paints,10k catalog row 6345
LRG-06346,Bulk SKU 6346,Lighting & Fixtures,pcs,56,INR,Bosch,10k catalog row 6346
LRG-06347,Bulk SKU 6347,Timber & Wood,pcs,57,INR,3M,10k catalog row 6347
LRG-06348,Bulk SKU 6348,Glass & Aluminium,pcs,58,INR,Jindal,10k catalog row 6348
LRG-06349,Bulk SKU 6349,Sanitary Ware,pcs,59,INR,Saint-Gobain,10k catalog row 6349
LRG-06350,Bulk SKU 6350,Steel & Metal,pcs,60,INR,UltraTech,10k catalog row 6350
LRG-06351,Bulk SKU 6351,Tiles & Flooring,pcs,61,INR,Tata,10k catalog row 6351
LRG-06352,Bulk SKU 6352,Electrical Supplies,pcs,62,INR,Kajaria,10k catalog row 6352
LRG-06353,Bulk SKU 6353,Plumbing & HVAC,pcs,63,INR,Havells,10k catalog row 6353
LRG-06354,Bulk SKU 6354,Paint & Finishes,pcs,64,INR,Jaquar,10k catalog row 6354
LRG-06355,Bulk SKU 6355,Building Materials,pcs,65,INR,Asian Paints,10k catalog row 6355
LRG-06356,Bulk SKU 6356,Lighting & Fixtures,pcs,66,INR,Bosch,10k catalog row 6356
LRG-06357,Bulk SKU 6357,Timber & Wood,pcs,67,INR,3M,10k catalog row 6357
LRG-06358,Bulk SKU 6358,Glass & Aluminium,pcs,68,INR,Jindal,10k catalog row 6358
LRG-06359,Bulk SKU 6359,Sanitary Ware,pcs,69,INR,Saint-Gobain,10k catalog row 6359
LRG-06360,Bulk SKU 6360,Steel & Metal,pcs,70,INR,UltraTech,10k catalog row 6360
LRG-06361,Bulk SKU 6361,Tiles & Flooring,pcs,71,INR,Tata,10k catalog row 6361
LRG-06362,Bulk SKU 6362,Electrical Supplies,pcs,72,INR,Kajaria,10k catalog row 6362
LRG-06363,Bulk SKU 6363,Plumbing & HVAC,pcs,73,INR,Havells,10k catalog row 6363
LRG-06364,Bulk SKU 6364,Paint & Finishes,pcs,74,INR,Jaquar,10k catalog row 6364
LRG-06365,Bulk SKU 6365,Building Materials,pcs,75,INR,Asian Paints,10k catalog row 6365
LRG-06366,Bulk SKU 6366,Lighting & Fixtures,pcs,76,INR,Bosch,10k catalog row 6366
LRG-06367,Bulk SKU 6367,Timber & Wood,pcs,77,INR,3M,10k catalog row 6367
LRG-06368,Bulk SKU 6368,Glass & Aluminium,pcs,78,INR,Jindal,10k catalog row 6368
LRG-06369,Bulk SKU 6369,Sanitary Ware,pcs,79,INR,Saint-Gobain,10k catalog row 6369
LRG-06370,Bulk SKU 6370,Steel & Metal,pcs,80,INR,UltraTech,10k catalog row 6370
LRG-06371,Bulk SKU 6371,Tiles & Flooring,pcs,81,INR,Tata,10k catalog row 6371
LRG-06372,Bulk SKU 6372,Electrical Supplies,pcs,82,INR,Kajaria,10k catalog row 6372
LRG-06373,Bulk SKU 6373,Plumbing & HVAC,pcs,83,INR,Havells,10k catalog row 6373
LRG-06374,Bulk SKU 6374,Paint & Finishes,pcs,84,INR,Jaquar,10k catalog row 6374
LRG-06375,Bulk SKU 6375,Building Materials,pcs,85,INR,Asian Paints,10k catalog row 6375
LRG-06376,Bulk SKU 6376,Lighting & Fixtures,pcs,86,INR,Bosch,10k catalog row 6376
LRG-06377,Bulk SKU 6377,Timber & Wood,pcs,87,INR,3M,10k catalog row 6377
LRG-06378,Bulk SKU 6378,Glass & Aluminium,pcs,88,INR,Jindal,10k catalog row 6378
LRG-06379,Bulk SKU 6379,Sanitary Ware,pcs,89,INR,Saint-Gobain,10k catalog row 6379
LRG-06380,Bulk SKU 6380,Steel & Metal,pcs,90,INR,UltraTech,10k catalog row 6380
LRG-06381,Bulk SKU 6381,Tiles & Flooring,pcs,91,INR,Tata,10k catalog row 6381
LRG-06382,Bulk SKU 6382,Electrical Supplies,pcs,92,INR,Kajaria,10k catalog row 6382
LRG-06383,Bulk SKU 6383,Plumbing & HVAC,pcs,93,INR,Havells,10k catalog row 6383
LRG-06384,Bulk SKU 6384,Paint & Finishes,pcs,94,INR,Jaquar,10k catalog row 6384
LRG-06385,Bulk SKU 6385,Building Materials,pcs,95,INR,Asian Paints,10k catalog row 6385
LRG-06386,Bulk SKU 6386,Lighting & Fixtures,pcs,96,INR,Bosch,10k catalog row 6386
LRG-06387,Bulk SKU 6387,Timber & Wood,pcs,97,INR,3M,10k catalog row 6387
LRG-06388,Bulk SKU 6388,Glass & Aluminium,pcs,98,INR,Jindal,10k catalog row 6388
LRG-06389,Bulk SKU 6389,Sanitary Ware,pcs,99,INR,Saint-Gobain,10k catalog row 6389
LRG-06390,Bulk SKU 6390,Steel & Metal,pcs,100,INR,UltraTech,10k catalog row 6390
LRG-06391,Bulk SKU 6391,Tiles & Flooring,pcs,101,INR,Tata,10k catalog row 6391
LRG-06392,Bulk SKU 6392,Electrical Supplies,pcs,102,INR,Kajaria,10k catalog row 6392
LRG-06393,Bulk SKU 6393,Plumbing & HVAC,pcs,103,INR,Havells,10k catalog row 6393
LRG-06394,Bulk SKU 6394,Paint & Finishes,pcs,104,INR,Jaquar,10k catalog row 6394
LRG-06395,Bulk SKU 6395,Building Materials,pcs,105,INR,Asian Paints,10k catalog row 6395
LRG-06396,Bulk SKU 6396,Lighting & Fixtures,pcs,106,INR,Bosch,10k catalog row 6396
LRG-06397,Bulk SKU 6397,Timber & Wood,pcs,107,INR,3M,10k catalog row 6397
LRG-06398,Bulk SKU 6398,Glass & Aluminium,pcs,108,INR,Jindal,10k catalog row 6398
LRG-06399,Bulk SKU 6399,Sanitary Ware,pcs,109,INR,Saint-Gobain,10k catalog row 6399
LRG-06400,Bulk SKU 6400,Steel & Metal,pcs,110,INR,UltraTech,10k catalog row 6400
LRG-06401,Bulk SKU 6401,Tiles & Flooring,pcs,111,INR,Tata,10k catalog row 6401
LRG-06402,Bulk SKU 6402,Electrical Supplies,pcs,112,INR,Kajaria,10k catalog row 6402
LRG-06403,Bulk SKU 6403,Plumbing & HVAC,pcs,113,INR,Havells,10k catalog row 6403
LRG-06404,Bulk SKU 6404,Paint & Finishes,pcs,114,INR,Jaquar,10k catalog row 6404
LRG-06405,Bulk SKU 6405,Building Materials,pcs,115,INR,Asian Paints,10k catalog row 6405
LRG-06406,Bulk SKU 6406,Lighting & Fixtures,pcs,116,INR,Bosch,10k catalog row 6406
LRG-06407,Bulk SKU 6407,Timber & Wood,pcs,117,INR,3M,10k catalog row 6407
LRG-06408,Bulk SKU 6408,Glass & Aluminium,pcs,118,INR,Jindal,10k catalog row 6408
LRG-06409,Bulk SKU 6409,Sanitary Ware,pcs,119,INR,Saint-Gobain,10k catalog row 6409
LRG-06410,Bulk SKU 6410,Steel & Metal,pcs,120,INR,UltraTech,10k catalog row 6410
LRG-06411,Bulk SKU 6411,Tiles & Flooring,pcs,121,INR,Tata,10k catalog row 6411
LRG-06412,Bulk SKU 6412,Electrical Supplies,pcs,122,INR,Kajaria,10k catalog row 6412
LRG-06413,Bulk SKU 6413,Plumbing & HVAC,pcs,123,INR,Havells,10k catalog row 6413
LRG-06414,Bulk SKU 6414,Paint & Finishes,pcs,124,INR,Jaquar,10k catalog row 6414
LRG-06415,Bulk SKU 6415,Building Materials,pcs,125,INR,Asian Paints,10k catalog row 6415
LRG-06416,Bulk SKU 6416,Lighting & Fixtures,pcs,126,INR,Bosch,10k catalog row 6416
LRG-06417,Bulk SKU 6417,Timber & Wood,pcs,127,INR,3M,10k catalog row 6417
LRG-06418,Bulk SKU 6418,Glass & Aluminium,pcs,128,INR,Jindal,10k catalog row 6418
LRG-06419,Bulk SKU 6419,Sanitary Ware,pcs,129,INR,Saint-Gobain,10k catalog row 6419
LRG-06420,Bulk SKU 6420,Steel & Metal,pcs,130,INR,UltraTech,10k catalog row 6420
LRG-06421,Bulk SKU 6421,Tiles & Flooring,pcs,131,INR,Tata,10k catalog row 6421
LRG-06422,Bulk SKU 6422,Electrical Supplies,pcs,132,INR,Kajaria,10k catalog row 6422
LRG-06423,Bulk SKU 6423,Plumbing & HVAC,pcs,133,INR,Havells,10k catalog row 6423
LRG-06424,Bulk SKU 6424,Paint & Finishes,pcs,134,INR,Jaquar,10k catalog row 6424
LRG-06425,Bulk SKU 6425,Building Materials,pcs,135,INR,Asian Paints,10k catalog row 6425
LRG-06426,Bulk SKU 6426,Lighting & Fixtures,pcs,136,INR,Bosch,10k catalog row 6426
LRG-06427,Bulk SKU 6427,Timber & Wood,pcs,137,INR,3M,10k catalog row 6427
LRG-06428,Bulk SKU 6428,Glass & Aluminium,pcs,138,INR,Jindal,10k catalog row 6428
LRG-06429,Bulk SKU 6429,Sanitary Ware,pcs,139,INR,Saint-Gobain,10k catalog row 6429
LRG-06430,Bulk SKU 6430,Steel & Metal,pcs,140,INR,UltraTech,10k catalog row 6430
LRG-06431,Bulk SKU 6431,Tiles & Flooring,pcs,141,INR,Tata,10k catalog row 6431
LRG-06432,Bulk SKU 6432,Electrical Supplies,pcs,142,INR,Kajaria,10k catalog row 6432
LRG-06433,Bulk SKU 6433,Plumbing & HVAC,pcs,143,INR,Havells,10k catalog row 6433
LRG-06434,Bulk SKU 6434,Paint & Finishes,pcs,144,INR,Jaquar,10k catalog row 6434
LRG-06435,Bulk SKU 6435,Building Materials,pcs,145,INR,Asian Paints,10k catalog row 6435
LRG-06436,Bulk SKU 6436,Lighting & Fixtures,pcs,146,INR,Bosch,10k catalog row 6436
LRG-06437,Bulk SKU 6437,Timber & Wood,pcs,147,INR,3M,10k catalog row 6437
LRG-06438,Bulk SKU 6438,Glass & Aluminium,pcs,148,INR,Jindal,10k catalog row 6438
LRG-06439,Bulk SKU 6439,Sanitary Ware,pcs,149,INR,Saint-Gobain,10k catalog row 6439
LRG-06440,Bulk SKU 6440,Steel & Metal,pcs,150,INR,UltraTech,10k catalog row 6440
LRG-06441,Bulk SKU 6441,Tiles & Flooring,pcs,151,INR,Tata,10k catalog row 6441
LRG-06442,Bulk SKU 6442,Electrical Supplies,pcs,152,INR,Kajaria,10k catalog row 6442
LRG-06443,Bulk SKU 6443,Plumbing & HVAC,pcs,153,INR,Havells,10k catalog row 6443
LRG-06444,Bulk SKU 6444,Paint & Finishes,pcs,154,INR,Jaquar,10k catalog row 6444
LRG-06445,Bulk SKU 6445,Building Materials,pcs,155,INR,Asian Paints,10k catalog row 6445
LRG-06446,Bulk SKU 6446,Lighting & Fixtures,pcs,156,INR,Bosch,10k catalog row 6446
LRG-06447,Bulk SKU 6447,Timber & Wood,pcs,157,INR,3M,10k catalog row 6447
LRG-06448,Bulk SKU 6448,Glass & Aluminium,pcs,158,INR,Jindal,10k catalog row 6448
LRG-06449,Bulk SKU 6449,Sanitary Ware,pcs,159,INR,Saint-Gobain,10k catalog row 6449
LRG-06450,Bulk SKU 6450,Steel & Metal,pcs,160,INR,UltraTech,10k catalog row 6450
LRG-06451,Bulk SKU 6451,Tiles & Flooring,pcs,161,INR,Tata,10k catalog row 6451
LRG-06452,Bulk SKU 6452,Electrical Supplies,pcs,162,INR,Kajaria,10k catalog row 6452
LRG-06453,Bulk SKU 6453,Plumbing & HVAC,pcs,163,INR,Havells,10k catalog row 6453
LRG-06454,Bulk SKU 6454,Paint & Finishes,pcs,164,INR,Jaquar,10k catalog row 6454
LRG-06455,Bulk SKU 6455,Building Materials,pcs,165,INR,Asian Paints,10k catalog row 6455
LRG-06456,Bulk SKU 6456,Lighting & Fixtures,pcs,166,INR,Bosch,10k catalog row 6456
LRG-06457,Bulk SKU 6457,Timber & Wood,pcs,167,INR,3M,10k catalog row 6457
LRG-06458,Bulk SKU 6458,Glass & Aluminium,pcs,168,INR,Jindal,10k catalog row 6458
LRG-06459,Bulk SKU 6459,Sanitary Ware,pcs,169,INR,Saint-Gobain,10k catalog row 6459
LRG-06460,Bulk SKU 6460,Steel & Metal,pcs,170,INR,UltraTech,10k catalog row 6460
LRG-06461,Bulk SKU 6461,Tiles & Flooring,pcs,171,INR,Tata,10k catalog row 6461
LRG-06462,Bulk SKU 6462,Electrical Supplies,pcs,172,INR,Kajaria,10k catalog row 6462
LRG-06463,Bulk SKU 6463,Plumbing & HVAC,pcs,173,INR,Havells,10k catalog row 6463
LRG-06464,Bulk SKU 6464,Paint & Finishes,pcs,174,INR,Jaquar,10k catalog row 6464
LRG-06465,Bulk SKU 6465,Building Materials,pcs,175,INR,Asian Paints,10k catalog row 6465
LRG-06466,Bulk SKU 6466,Lighting & Fixtures,pcs,176,INR,Bosch,10k catalog row 6466
LRG-06467,Bulk SKU 6467,Timber & Wood,pcs,177,INR,3M,10k catalog row 6467
LRG-06468,Bulk SKU 6468,Glass & Aluminium,pcs,178,INR,Jindal,10k catalog row 6468
LRG-06469,Bulk SKU 6469,Sanitary Ware,pcs,179,INR,Saint-Gobain,10k catalog row 6469
LRG-06470,Bulk SKU 6470,Steel & Metal,pcs,180,INR,UltraTech,10k catalog row 6470
LRG-06471,Bulk SKU 6471,Tiles & Flooring,pcs,181,INR,Tata,10k catalog row 6471
LRG-06472,Bulk SKU 6472,Electrical Supplies,pcs,182,INR,Kajaria,10k catalog row 6472
LRG-06473,Bulk SKU 6473,Plumbing & HVAC,pcs,183,INR,Havells,10k catalog row 6473
LRG-06474,Bulk SKU 6474,Paint & Finishes,pcs,184,INR,Jaquar,10k catalog row 6474
LRG-06475,Bulk SKU 6475,Building Materials,pcs,185,INR,Asian Paints,10k catalog row 6475
LRG-06476,Bulk SKU 6476,Lighting & Fixtures,pcs,186,INR,Bosch,10k catalog row 6476
LRG-06477,Bulk SKU 6477,Timber & Wood,pcs,187,INR,3M,10k catalog row 6477
LRG-06478,Bulk SKU 6478,Glass & Aluminium,pcs,188,INR,Jindal,10k catalog row 6478
LRG-06479,Bulk SKU 6479,Sanitary Ware,pcs,189,INR,Saint-Gobain,10k catalog row 6479
LRG-06480,Bulk SKU 6480,Steel & Metal,pcs,190,INR,UltraTech,10k catalog row 6480
LRG-06481,Bulk SKU 6481,Tiles & Flooring,pcs,191,INR,Tata,10k catalog row 6481
LRG-06482,Bulk SKU 6482,Electrical Supplies,pcs,192,INR,Kajaria,10k catalog row 6482
LRG-06483,Bulk SKU 6483,Plumbing & HVAC,pcs,193,INR,Havells,10k catalog row 6483
LRG-06484,Bulk SKU 6484,Paint & Finishes,pcs,194,INR,Jaquar,10k catalog row 6484
LRG-06485,Bulk SKU 6485,Building Materials,pcs,195,INR,Asian Paints,10k catalog row 6485
LRG-06486,Bulk SKU 6486,Lighting & Fixtures,pcs,196,INR,Bosch,10k catalog row 6486
LRG-06487,Bulk SKU 6487,Timber & Wood,pcs,197,INR,3M,10k catalog row 6487
LRG-06488,Bulk SKU 6488,Glass & Aluminium,pcs,198,INR,Jindal,10k catalog row 6488
LRG-06489,Bulk SKU 6489,Sanitary Ware,pcs,199,INR,Saint-Gobain,10k catalog row 6489
LRG-06490,Bulk SKU 6490,Steel & Metal,pcs,200,INR,UltraTech,10k catalog row 6490
LRG-06491,Bulk SKU 6491,Tiles & Flooring,pcs,201,INR,Tata,10k catalog row 6491
LRG-06492,Bulk SKU 6492,Electrical Supplies,pcs,202,INR,Kajaria,10k catalog row 6492
LRG-06493,Bulk SKU 6493,Plumbing & HVAC,pcs,203,INR,Havells,10k catalog row 6493
LRG-06494,Bulk SKU 6494,Paint & Finishes,pcs,204,INR,Jaquar,10k catalog row 6494
LRG-06495,Bulk SKU 6495,Building Materials,pcs,205,INR,Asian Paints,10k catalog row 6495
LRG-06496,Bulk SKU 6496,Lighting & Fixtures,pcs,206,INR,Bosch,10k catalog row 6496
LRG-06497,Bulk SKU 6497,Timber & Wood,pcs,207,INR,3M,10k catalog row 6497
LRG-06498,Bulk SKU 6498,Glass & Aluminium,pcs,208,INR,Jindal,10k catalog row 6498
LRG-06499,Bulk SKU 6499,Sanitary Ware,pcs,209,INR,Saint-Gobain,10k catalog row 6499
LRG-06500,Bulk SKU 6500,Steel & Metal,pcs,210,INR,UltraTech,10k catalog row 6500
LRG-06501,Bulk SKU 6501,Tiles & Flooring,pcs,211,INR,Tata,10k catalog row 6501
LRG-06502,Bulk SKU 6502,Electrical Supplies,pcs,212,INR,Kajaria,10k catalog row 6502
LRG-06503,Bulk SKU 6503,Plumbing & HVAC,pcs,213,INR,Havells,10k catalog row 6503
LRG-06504,Bulk SKU 6504,Paint & Finishes,pcs,214,INR,Jaquar,10k catalog row 6504
LRG-06505,Bulk SKU 6505,Building Materials,pcs,215,INR,Asian Paints,10k catalog row 6505
LRG-06506,Bulk SKU 6506,Lighting & Fixtures,pcs,216,INR,Bosch,10k catalog row 6506
LRG-06507,Bulk SKU 6507,Timber & Wood,pcs,217,INR,3M,10k catalog row 6507
LRG-06508,Bulk SKU 6508,Glass & Aluminium,pcs,218,INR,Jindal,10k catalog row 6508
LRG-06509,Bulk SKU 6509,Sanitary Ware,pcs,219,INR,Saint-Gobain,10k catalog row 6509
LRG-06510,Bulk SKU 6510,Steel & Metal,pcs,220,INR,UltraTech,10k catalog row 6510
LRG-06511,Bulk SKU 6511,Tiles & Flooring,pcs,221,INR,Tata,10k catalog row 6511
LRG-06512,Bulk SKU 6512,Electrical Supplies,pcs,222,INR,Kajaria,10k catalog row 6512
LRG-06513,Bulk SKU 6513,Plumbing & HVAC,pcs,223,INR,Havells,10k catalog row 6513
LRG-06514,Bulk SKU 6514,Paint & Finishes,pcs,224,INR,Jaquar,10k catalog row 6514
LRG-06515,Bulk SKU 6515,Building Materials,pcs,225,INR,Asian Paints,10k catalog row 6515
LRG-06516,Bulk SKU 6516,Lighting & Fixtures,pcs,226,INR,Bosch,10k catalog row 6516
LRG-06517,Bulk SKU 6517,Timber & Wood,pcs,227,INR,3M,10k catalog row 6517
LRG-06518,Bulk SKU 6518,Glass & Aluminium,pcs,228,INR,Jindal,10k catalog row 6518
LRG-06519,Bulk SKU 6519,Sanitary Ware,pcs,229,INR,Saint-Gobain,10k catalog row 6519
LRG-06520,Bulk SKU 6520,Steel & Metal,pcs,230,INR,UltraTech,10k catalog row 6520
LRG-06521,Bulk SKU 6521,Tiles & Flooring,pcs,231,INR,Tata,10k catalog row 6521
LRG-06522,Bulk SKU 6522,Electrical Supplies,pcs,232,INR,Kajaria,10k catalog row 6522
LRG-06523,Bulk SKU 6523,Plumbing & HVAC,pcs,233,INR,Havells,10k catalog row 6523
LRG-06524,Bulk SKU 6524,Paint & Finishes,pcs,234,INR,Jaquar,10k catalog row 6524
LRG-06525,Bulk SKU 6525,Building Materials,pcs,235,INR,Asian Paints,10k catalog row 6525
LRG-06526,Bulk SKU 6526,Lighting & Fixtures,pcs,236,INR,Bosch,10k catalog row 6526
LRG-06527,Bulk SKU 6527,Timber & Wood,pcs,237,INR,3M,10k catalog row 6527
LRG-06528,Bulk SKU 6528,Glass & Aluminium,pcs,238,INR,Jindal,10k catalog row 6528
LRG-06529,Bulk SKU 6529,Sanitary Ware,pcs,239,INR,Saint-Gobain,10k catalog row 6529
LRG-06530,Bulk SKU 6530,Steel & Metal,pcs,240,INR,UltraTech,10k catalog row 6530
LRG-06531,Bulk SKU 6531,Tiles & Flooring,pcs,241,INR,Tata,10k catalog row 6531
LRG-06532,Bulk SKU 6532,Electrical Supplies,pcs,242,INR,Kajaria,10k catalog row 6532
LRG-06533,Bulk SKU 6533,Plumbing & HVAC,pcs,243,INR,Havells,10k catalog row 6533
LRG-06534,Bulk SKU 6534,Paint & Finishes,pcs,244,INR,Jaquar,10k catalog row 6534
LRG-06535,Bulk SKU 6535,Building Materials,pcs,245,INR,Asian Paints,10k catalog row 6535
LRG-06536,Bulk SKU 6536,Lighting & Fixtures,pcs,246,INR,Bosch,10k catalog row 6536
LRG-06537,Bulk SKU 6537,Timber & Wood,pcs,247,INR,3M,10k catalog row 6537
LRG-06538,Bulk SKU 6538,Glass & Aluminium,pcs,248,INR,Jindal,10k catalog row 6538
LRG-06539,Bulk SKU 6539,Sanitary Ware,pcs,249,INR,Saint-Gobain,10k catalog row 6539
LRG-06540,Bulk SKU 6540,Steel & Metal,pcs,250,INR,UltraTech,10k catalog row 6540
LRG-06541,Bulk SKU 6541,Tiles & Flooring,pcs,251,INR,Tata,10k catalog row 6541
LRG-06542,Bulk SKU 6542,Electrical Supplies,pcs,252,INR,Kajaria,10k catalog row 6542
LRG-06543,Bulk SKU 6543,Plumbing & HVAC,pcs,253,INR,Havells,10k catalog row 6543
LRG-06544,Bulk SKU 6544,Paint & Finishes,pcs,254,INR,Jaquar,10k catalog row 6544
LRG-06545,Bulk SKU 6545,Building Materials,pcs,255,INR,Asian Paints,10k catalog row 6545
LRG-06546,Bulk SKU 6546,Lighting & Fixtures,pcs,256,INR,Bosch,10k catalog row 6546
LRG-06547,Bulk SKU 6547,Timber & Wood,pcs,257,INR,3M,10k catalog row 6547
LRG-06548,Bulk SKU 6548,Glass & Aluminium,pcs,258,INR,Jindal,10k catalog row 6548
LRG-06549,Bulk SKU 6549,Sanitary Ware,pcs,259,INR,Saint-Gobain,10k catalog row 6549
LRG-06550,Bulk SKU 6550,Steel & Metal,pcs,260,INR,UltraTech,10k catalog row 6550
LRG-06551,Bulk SKU 6551,Tiles & Flooring,pcs,261,INR,Tata,10k catalog row 6551
LRG-06552,Bulk SKU 6552,Electrical Supplies,pcs,262,INR,Kajaria,10k catalog row 6552
LRG-06553,Bulk SKU 6553,Plumbing & HVAC,pcs,263,INR,Havells,10k catalog row 6553
LRG-06554,Bulk SKU 6554,Paint & Finishes,pcs,264,INR,Jaquar,10k catalog row 6554
LRG-06555,Bulk SKU 6555,Building Materials,pcs,265,INR,Asian Paints,10k catalog row 6555
LRG-06556,Bulk SKU 6556,Lighting & Fixtures,pcs,266,INR,Bosch,10k catalog row 6556
LRG-06557,Bulk SKU 6557,Timber & Wood,pcs,267,INR,3M,10k catalog row 6557
LRG-06558,Bulk SKU 6558,Glass & Aluminium,pcs,268,INR,Jindal,10k catalog row 6558
LRG-06559,Bulk SKU 6559,Sanitary Ware,pcs,269,INR,Saint-Gobain,10k catalog row 6559
LRG-06560,Bulk SKU 6560,Steel & Metal,pcs,270,INR,UltraTech,10k catalog row 6560
LRG-06561,Bulk SKU 6561,Tiles & Flooring,pcs,271,INR,Tata,10k catalog row 6561
LRG-06562,Bulk SKU 6562,Electrical Supplies,pcs,272,INR,Kajaria,10k catalog row 6562
LRG-06563,Bulk SKU 6563,Plumbing & HVAC,pcs,273,INR,Havells,10k catalog row 6563
LRG-06564,Bulk SKU 6564,Paint & Finishes,pcs,274,INR,Jaquar,10k catalog row 6564
LRG-06565,Bulk SKU 6565,Building Materials,pcs,275,INR,Asian Paints,10k catalog row 6565
LRG-06566,Bulk SKU 6566,Lighting & Fixtures,pcs,276,INR,Bosch,10k catalog row 6566
LRG-06567,Bulk SKU 6567,Timber & Wood,pcs,277,INR,3M,10k catalog row 6567
LRG-06568,Bulk SKU 6568,Glass & Aluminium,pcs,278,INR,Jindal,10k catalog row 6568
LRG-06569,Bulk SKU 6569,Sanitary Ware,pcs,279,INR,Saint-Gobain,10k catalog row 6569
LRG-06570,Bulk SKU 6570,Steel & Metal,pcs,280,INR,UltraTech,10k catalog row 6570
LRG-06571,Bulk SKU 6571,Tiles & Flooring,pcs,281,INR,Tata,10k catalog row 6571
LRG-06572,Bulk SKU 6572,Electrical Supplies,pcs,282,INR,Kajaria,10k catalog row 6572
LRG-06573,Bulk SKU 6573,Plumbing & HVAC,pcs,283,INR,Havells,10k catalog row 6573
LRG-06574,Bulk SKU 6574,Paint & Finishes,pcs,284,INR,Jaquar,10k catalog row 6574
LRG-06575,Bulk SKU 6575,Building Materials,pcs,285,INR,Asian Paints,10k catalog row 6575
LRG-06576,Bulk SKU 6576,Lighting & Fixtures,pcs,286,INR,Bosch,10k catalog row 6576
LRG-06577,Bulk SKU 6577,Timber & Wood,pcs,287,INR,3M,10k catalog row 6577
LRG-06578,Bulk SKU 6578,Glass & Aluminium,pcs,288,INR,Jindal,10k catalog row 6578
LRG-06579,Bulk SKU 6579,Sanitary Ware,pcs,289,INR,Saint-Gobain,10k catalog row 6579
LRG-06580,Bulk SKU 6580,Steel & Metal,pcs,290,INR,UltraTech,10k catalog row 6580
LRG-06581,Bulk SKU 6581,Tiles & Flooring,pcs,291,INR,Tata,10k catalog row 6581
LRG-06582,Bulk SKU 6582,Electrical Supplies,pcs,292,INR,Kajaria,10k catalog row 6582
LRG-06583,Bulk SKU 6583,Plumbing & HVAC,pcs,293,INR,Havells,10k catalog row 6583
LRG-06584,Bulk SKU 6584,Paint & Finishes,pcs,294,INR,Jaquar,10k catalog row 6584
LRG-06585,Bulk SKU 6585,Building Materials,pcs,295,INR,Asian Paints,10k catalog row 6585
LRG-06586,Bulk SKU 6586,Lighting & Fixtures,pcs,296,INR,Bosch,10k catalog row 6586
LRG-06587,Bulk SKU 6587,Timber & Wood,pcs,297,INR,3M,10k catalog row 6587
LRG-06588,Bulk SKU 6588,Glass & Aluminium,pcs,298,INR,Jindal,10k catalog row 6588
LRG-06589,Bulk SKU 6589,Sanitary Ware,pcs,299,INR,Saint-Gobain,10k catalog row 6589
LRG-06590,Bulk SKU 6590,Steel & Metal,pcs,300,INR,UltraTech,10k catalog row 6590
LRG-06591,Bulk SKU 6591,Tiles & Flooring,pcs,301,INR,Tata,10k catalog row 6591
LRG-06592,Bulk SKU 6592,Electrical Supplies,pcs,302,INR,Kajaria,10k catalog row 6592
LRG-06593,Bulk SKU 6593,Plumbing & HVAC,pcs,303,INR,Havells,10k catalog row 6593
LRG-06594,Bulk SKU 6594,Paint & Finishes,pcs,304,INR,Jaquar,10k catalog row 6594
LRG-06595,Bulk SKU 6595,Building Materials,pcs,305,INR,Asian Paints,10k catalog row 6595
LRG-06596,Bulk SKU 6596,Lighting & Fixtures,pcs,306,INR,Bosch,10k catalog row 6596
LRG-06597,Bulk SKU 6597,Timber & Wood,pcs,307,INR,3M,10k catalog row 6597
LRG-06598,Bulk SKU 6598,Glass & Aluminium,pcs,308,INR,Jindal,10k catalog row 6598
LRG-06599,Bulk SKU 6599,Sanitary Ware,pcs,309,INR,Saint-Gobain,10k catalog row 6599
LRG-06600,Bulk SKU 6600,Steel & Metal,pcs,310,INR,UltraTech,10k catalog row 6600
LRG-06601,Bulk SKU 6601,Tiles & Flooring,pcs,311,INR,Tata,10k catalog row 6601
LRG-06602,Bulk SKU 6602,Electrical Supplies,pcs,312,INR,Kajaria,10k catalog row 6602
LRG-06603,Bulk SKU 6603,Plumbing & HVAC,pcs,313,INR,Havells,10k catalog row 6603
LRG-06604,Bulk SKU 6604,Paint & Finishes,pcs,314,INR,Jaquar,10k catalog row 6604
LRG-06605,Bulk SKU 6605,Building Materials,pcs,315,INR,Asian Paints,10k catalog row 6605
LRG-06606,Bulk SKU 6606,Lighting & Fixtures,pcs,316,INR,Bosch,10k catalog row 6606
LRG-06607,Bulk SKU 6607,Timber & Wood,pcs,317,INR,3M,10k catalog row 6607
LRG-06608,Bulk SKU 6608,Glass & Aluminium,pcs,318,INR,Jindal,10k catalog row 6608
LRG-06609,Bulk SKU 6609,Sanitary Ware,pcs,319,INR,Saint-Gobain,10k catalog row 6609
LRG-06610,Bulk SKU 6610,Steel & Metal,pcs,320,INR,UltraTech,10k catalog row 6610
LRG-06611,Bulk SKU 6611,Tiles & Flooring,pcs,321,INR,Tata,10k catalog row 6611
LRG-06612,Bulk SKU 6612,Electrical Supplies,pcs,322,INR,Kajaria,10k catalog row 6612
LRG-06613,Bulk SKU 6613,Plumbing & HVAC,pcs,323,INR,Havells,10k catalog row 6613
LRG-06614,Bulk SKU 6614,Paint & Finishes,pcs,324,INR,Jaquar,10k catalog row 6614
LRG-06615,Bulk SKU 6615,Building Materials,pcs,325,INR,Asian Paints,10k catalog row 6615
LRG-06616,Bulk SKU 6616,Lighting & Fixtures,pcs,326,INR,Bosch,10k catalog row 6616
LRG-06617,Bulk SKU 6617,Timber & Wood,pcs,327,INR,3M,10k catalog row 6617
LRG-06618,Bulk SKU 6618,Glass & Aluminium,pcs,328,INR,Jindal,10k catalog row 6618
LRG-06619,Bulk SKU 6619,Sanitary Ware,pcs,329,INR,Saint-Gobain,10k catalog row 6619
LRG-06620,Bulk SKU 6620,Steel & Metal,pcs,330,INR,UltraTech,10k catalog row 6620
LRG-06621,Bulk SKU 6621,Tiles & Flooring,pcs,331,INR,Tata,10k catalog row 6621
LRG-06622,Bulk SKU 6622,Electrical Supplies,pcs,332,INR,Kajaria,10k catalog row 6622
LRG-06623,Bulk SKU 6623,Plumbing & HVAC,pcs,333,INR,Havells,10k catalog row 6623
LRG-06624,Bulk SKU 6624,Paint & Finishes,pcs,334,INR,Jaquar,10k catalog row 6624
LRG-06625,Bulk SKU 6625,Building Materials,pcs,335,INR,Asian Paints,10k catalog row 6625
LRG-06626,Bulk SKU 6626,Lighting & Fixtures,pcs,336,INR,Bosch,10k catalog row 6626
LRG-06627,Bulk SKU 6627,Timber & Wood,pcs,337,INR,3M,10k catalog row 6627
LRG-06628,Bulk SKU 6628,Glass & Aluminium,pcs,338,INR,Jindal,10k catalog row 6628
LRG-06629,Bulk SKU 6629,Sanitary Ware,pcs,339,INR,Saint-Gobain,10k catalog row 6629
LRG-06630,Bulk SKU 6630,Steel & Metal,pcs,340,INR,UltraTech,10k catalog row 6630
LRG-06631,Bulk SKU 6631,Tiles & Flooring,pcs,341,INR,Tata,10k catalog row 6631
LRG-06632,Bulk SKU 6632,Electrical Supplies,pcs,342,INR,Kajaria,10k catalog row 6632
LRG-06633,Bulk SKU 6633,Plumbing & HVAC,pcs,343,INR,Havells,10k catalog row 6633
LRG-06634,Bulk SKU 6634,Paint & Finishes,pcs,344,INR,Jaquar,10k catalog row 6634
LRG-06635,Bulk SKU 6635,Building Materials,pcs,345,INR,Asian Paints,10k catalog row 6635
LRG-06636,Bulk SKU 6636,Lighting & Fixtures,pcs,346,INR,Bosch,10k catalog row 6636
LRG-06637,Bulk SKU 6637,Timber & Wood,pcs,347,INR,3M,10k catalog row 6637
LRG-06638,Bulk SKU 6638,Glass & Aluminium,pcs,348,INR,Jindal,10k catalog row 6638
LRG-06639,Bulk SKU 6639,Sanitary Ware,pcs,349,INR,Saint-Gobain,10k catalog row 6639
LRG-06640,Bulk SKU 6640,Steel & Metal,pcs,350,INR,UltraTech,10k catalog row 6640
LRG-06641,Bulk SKU 6641,Tiles & Flooring,pcs,351,INR,Tata,10k catalog row 6641
LRG-06642,Bulk SKU 6642,Electrical Supplies,pcs,352,INR,Kajaria,10k catalog row 6642
LRG-06643,Bulk SKU 6643,Plumbing & HVAC,pcs,353,INR,Havells,10k catalog row 6643
LRG-06644,Bulk SKU 6644,Paint & Finishes,pcs,354,INR,Jaquar,10k catalog row 6644
LRG-06645,Bulk SKU 6645,Building Materials,pcs,355,INR,Asian Paints,10k catalog row 6645
LRG-06646,Bulk SKU 6646,Lighting & Fixtures,pcs,356,INR,Bosch,10k catalog row 6646
LRG-06647,Bulk SKU 6647,Timber & Wood,pcs,357,INR,3M,10k catalog row 6647
LRG-06648,Bulk SKU 6648,Glass & Aluminium,pcs,358,INR,Jindal,10k catalog row 6648
LRG-06649,Bulk SKU 6649,Sanitary Ware,pcs,359,INR,Saint-Gobain,10k catalog row 6649
LRG-06650,Bulk SKU 6650,Steel & Metal,pcs,360,INR,UltraTech,10k catalog row 6650
LRG-06651,Bulk SKU 6651,Tiles & Flooring,pcs,361,INR,Tata,10k catalog row 6651
LRG-06652,Bulk SKU 6652,Electrical Supplies,pcs,362,INR,Kajaria,10k catalog row 6652
LRG-06653,Bulk SKU 6653,Plumbing & HVAC,pcs,363,INR,Havells,10k catalog row 6653
LRG-06654,Bulk SKU 6654,Paint & Finishes,pcs,364,INR,Jaquar,10k catalog row 6654
LRG-06655,Bulk SKU 6655,Building Materials,pcs,365,INR,Asian Paints,10k catalog row 6655
LRG-06656,Bulk SKU 6656,Lighting & Fixtures,pcs,366,INR,Bosch,10k catalog row 6656
LRG-06657,Bulk SKU 6657,Timber & Wood,pcs,367,INR,3M,10k catalog row 6657
LRG-06658,Bulk SKU 6658,Glass & Aluminium,pcs,368,INR,Jindal,10k catalog row 6658
LRG-06659,Bulk SKU 6659,Sanitary Ware,pcs,369,INR,Saint-Gobain,10k catalog row 6659
LRG-06660,Bulk SKU 6660,Steel & Metal,pcs,370,INR,UltraTech,10k catalog row 6660
LRG-06661,Bulk SKU 6661,Tiles & Flooring,pcs,371,INR,Tata,10k catalog row 6661
LRG-06662,Bulk SKU 6662,Electrical Supplies,pcs,372,INR,Kajaria,10k catalog row 6662
LRG-06663,Bulk SKU 6663,Plumbing & HVAC,pcs,373,INR,Havells,10k catalog row 6663
LRG-06664,Bulk SKU 6664,Paint & Finishes,pcs,374,INR,Jaquar,10k catalog row 6664
LRG-06665,Bulk SKU 6665,Building Materials,pcs,375,INR,Asian Paints,10k catalog row 6665
LRG-06666,Bulk SKU 6666,Lighting & Fixtures,pcs,376,INR,Bosch,10k catalog row 6666
LRG-06667,Bulk SKU 6667,Timber & Wood,pcs,377,INR,3M,10k catalog row 6667
LRG-06668,Bulk SKU 6668,Glass & Aluminium,pcs,378,INR,Jindal,10k catalog row 6668
LRG-06669,Bulk SKU 6669,Sanitary Ware,pcs,379,INR,Saint-Gobain,10k catalog row 6669
LRG-06670,Bulk SKU 6670,Steel & Metal,pcs,380,INR,UltraTech,10k catalog row 6670
LRG-06671,Bulk SKU 6671,Tiles & Flooring,pcs,381,INR,Tata,10k catalog row 6671
LRG-06672,Bulk SKU 6672,Electrical Supplies,pcs,382,INR,Kajaria,10k catalog row 6672
LRG-06673,Bulk SKU 6673,Plumbing & HVAC,pcs,383,INR,Havells,10k catalog row 6673
LRG-06674,Bulk SKU 6674,Paint & Finishes,pcs,384,INR,Jaquar,10k catalog row 6674
LRG-06675,Bulk SKU 6675,Building Materials,pcs,385,INR,Asian Paints,10k catalog row 6675
LRG-06676,Bulk SKU 6676,Lighting & Fixtures,pcs,386,INR,Bosch,10k catalog row 6676
LRG-06677,Bulk SKU 6677,Timber & Wood,pcs,387,INR,3M,10k catalog row 6677
LRG-06678,Bulk SKU 6678,Glass & Aluminium,pcs,388,INR,Jindal,10k catalog row 6678
LRG-06679,Bulk SKU 6679,Sanitary Ware,pcs,389,INR,Saint-Gobain,10k catalog row 6679
LRG-06680,Bulk SKU 6680,Steel & Metal,pcs,390,INR,UltraTech,10k catalog row 6680
LRG-06681,Bulk SKU 6681,Tiles & Flooring,pcs,391,INR,Tata,10k catalog row 6681
LRG-06682,Bulk SKU 6682,Electrical Supplies,pcs,392,INR,Kajaria,10k catalog row 6682
LRG-06683,Bulk SKU 6683,Plumbing & HVAC,pcs,393,INR,Havells,10k catalog row 6683
LRG-06684,Bulk SKU 6684,Paint & Finishes,pcs,394,INR,Jaquar,10k catalog row 6684
LRG-06685,Bulk SKU 6685,Building Materials,pcs,395,INR,Asian Paints,10k catalog row 6685
LRG-06686,Bulk SKU 6686,Lighting & Fixtures,pcs,396,INR,Bosch,10k catalog row 6686
LRG-06687,Bulk SKU 6687,Timber & Wood,pcs,397,INR,3M,10k catalog row 6687
LRG-06688,Bulk SKU 6688,Glass & Aluminium,pcs,398,INR,Jindal,10k catalog row 6688
LRG-06689,Bulk SKU 6689,Sanitary Ware,pcs,399,INR,Saint-Gobain,10k catalog row 6689
LRG-06690,Bulk SKU 6690,Steel & Metal,pcs,400,INR,UltraTech,10k catalog row 6690
LRG-06691,Bulk SKU 6691,Tiles & Flooring,pcs,401,INR,Tata,10k catalog row 6691
LRG-06692,Bulk SKU 6692,Electrical Supplies,pcs,402,INR,Kajaria,10k catalog row 6692
LRG-06693,Bulk SKU 6693,Plumbing & HVAC,pcs,403,INR,Havells,10k catalog row 6693
LRG-06694,Bulk SKU 6694,Paint & Finishes,pcs,404,INR,Jaquar,10k catalog row 6694
LRG-06695,Bulk SKU 6695,Building Materials,pcs,405,INR,Asian Paints,10k catalog row 6695
LRG-06696,Bulk SKU 6696,Lighting & Fixtures,pcs,406,INR,Bosch,10k catalog row 6696
LRG-06697,Bulk SKU 6697,Timber & Wood,pcs,407,INR,3M,10k catalog row 6697
LRG-06698,Bulk SKU 6698,Glass & Aluminium,pcs,408,INR,Jindal,10k catalog row 6698
LRG-06699,Bulk SKU 6699,Sanitary Ware,pcs,409,INR,Saint-Gobain,10k catalog row 6699
LRG-06700,Bulk SKU 6700,Steel & Metal,pcs,410,INR,UltraTech,10k catalog row 6700
LRG-06701,Bulk SKU 6701,Tiles & Flooring,pcs,411,INR,Tata,10k catalog row 6701
LRG-06702,Bulk SKU 6702,Electrical Supplies,pcs,412,INR,Kajaria,10k catalog row 6702
LRG-06703,Bulk SKU 6703,Plumbing & HVAC,pcs,413,INR,Havells,10k catalog row 6703
LRG-06704,Bulk SKU 6704,Paint & Finishes,pcs,414,INR,Jaquar,10k catalog row 6704
LRG-06705,Bulk SKU 6705,Building Materials,pcs,415,INR,Asian Paints,10k catalog row 6705
LRG-06706,Bulk SKU 6706,Lighting & Fixtures,pcs,416,INR,Bosch,10k catalog row 6706
LRG-06707,Bulk SKU 6707,Timber & Wood,pcs,417,INR,3M,10k catalog row 6707
LRG-06708,Bulk SKU 6708,Glass & Aluminium,pcs,418,INR,Jindal,10k catalog row 6708
LRG-06709,Bulk SKU 6709,Sanitary Ware,pcs,419,INR,Saint-Gobain,10k catalog row 6709
LRG-06710,Bulk SKU 6710,Steel & Metal,pcs,420,INR,UltraTech,10k catalog row 6710
LRG-06711,Bulk SKU 6711,Tiles & Flooring,pcs,421,INR,Tata,10k catalog row 6711
LRG-06712,Bulk SKU 6712,Electrical Supplies,pcs,422,INR,Kajaria,10k catalog row 6712
LRG-06713,Bulk SKU 6713,Plumbing & HVAC,pcs,423,INR,Havells,10k catalog row 6713
LRG-06714,Bulk SKU 6714,Paint & Finishes,pcs,424,INR,Jaquar,10k catalog row 6714
LRG-06715,Bulk SKU 6715,Building Materials,pcs,425,INR,Asian Paints,10k catalog row 6715
LRG-06716,Bulk SKU 6716,Lighting & Fixtures,pcs,426,INR,Bosch,10k catalog row 6716
LRG-06717,Bulk SKU 6717,Timber & Wood,pcs,427,INR,3M,10k catalog row 6717
LRG-06718,Bulk SKU 6718,Glass & Aluminium,pcs,428,INR,Jindal,10k catalog row 6718
LRG-06719,Bulk SKU 6719,Sanitary Ware,pcs,429,INR,Saint-Gobain,10k catalog row 6719
LRG-06720,Bulk SKU 6720,Steel & Metal,pcs,430,INR,UltraTech,10k catalog row 6720
LRG-06721,Bulk SKU 6721,Tiles & Flooring,pcs,431,INR,Tata,10k catalog row 6721
LRG-06722,Bulk SKU 6722,Electrical Supplies,pcs,432,INR,Kajaria,10k catalog row 6722
LRG-06723,Bulk SKU 6723,Plumbing & HVAC,pcs,433,INR,Havells,10k catalog row 6723
LRG-06724,Bulk SKU 6724,Paint & Finishes,pcs,434,INR,Jaquar,10k catalog row 6724
LRG-06725,Bulk SKU 6725,Building Materials,pcs,435,INR,Asian Paints,10k catalog row 6725
LRG-06726,Bulk SKU 6726,Lighting & Fixtures,pcs,436,INR,Bosch,10k catalog row 6726
LRG-06727,Bulk SKU 6727,Timber & Wood,pcs,437,INR,3M,10k catalog row 6727
LRG-06728,Bulk SKU 6728,Glass & Aluminium,pcs,438,INR,Jindal,10k catalog row 6728
LRG-06729,Bulk SKU 6729,Sanitary Ware,pcs,439,INR,Saint-Gobain,10k catalog row 6729
LRG-06730,Bulk SKU 6730,Steel & Metal,pcs,440,INR,UltraTech,10k catalog row 6730
LRG-06731,Bulk SKU 6731,Tiles & Flooring,pcs,441,INR,Tata,10k catalog row 6731
LRG-06732,Bulk SKU 6732,Electrical Supplies,pcs,442,INR,Kajaria,10k catalog row 6732
LRG-06733,Bulk SKU 6733,Plumbing & HVAC,pcs,443,INR,Havells,10k catalog row 6733
LRG-06734,Bulk SKU 6734,Paint & Finishes,pcs,444,INR,Jaquar,10k catalog row 6734
LRG-06735,Bulk SKU 6735,Building Materials,pcs,445,INR,Asian Paints,10k catalog row 6735
LRG-06736,Bulk SKU 6736,Lighting & Fixtures,pcs,446,INR,Bosch,10k catalog row 6736
LRG-06737,Bulk SKU 6737,Timber & Wood,pcs,447,INR,3M,10k catalog row 6737
LRG-06738,Bulk SKU 6738,Glass & Aluminium,pcs,448,INR,Jindal,10k catalog row 6738
LRG-06739,Bulk SKU 6739,Sanitary Ware,pcs,449,INR,Saint-Gobain,10k catalog row 6739
LRG-06740,Bulk SKU 6740,Steel & Metal,pcs,450,INR,UltraTech,10k catalog row 6740
LRG-06741,Bulk SKU 6741,Tiles & Flooring,pcs,451,INR,Tata,10k catalog row 6741
LRG-06742,Bulk SKU 6742,Electrical Supplies,pcs,452,INR,Kajaria,10k catalog row 6742
LRG-06743,Bulk SKU 6743,Plumbing & HVAC,pcs,453,INR,Havells,10k catalog row 6743
LRG-06744,Bulk SKU 6744,Paint & Finishes,pcs,454,INR,Jaquar,10k catalog row 6744
LRG-06745,Bulk SKU 6745,Building Materials,pcs,455,INR,Asian Paints,10k catalog row 6745
LRG-06746,Bulk SKU 6746,Lighting & Fixtures,pcs,456,INR,Bosch,10k catalog row 6746
LRG-06747,Bulk SKU 6747,Timber & Wood,pcs,457,INR,3M,10k catalog row 6747
LRG-06748,Bulk SKU 6748,Glass & Aluminium,pcs,458,INR,Jindal,10k catalog row 6748
LRG-06749,Bulk SKU 6749,Sanitary Ware,pcs,459,INR,Saint-Gobain,10k catalog row 6749
LRG-06750,Bulk SKU 6750,Steel & Metal,pcs,460,INR,UltraTech,10k catalog row 6750
LRG-06751,Bulk SKU 6751,Tiles & Flooring,pcs,461,INR,Tata,10k catalog row 6751
LRG-06752,Bulk SKU 6752,Electrical Supplies,pcs,462,INR,Kajaria,10k catalog row 6752
LRG-06753,Bulk SKU 6753,Plumbing & HVAC,pcs,463,INR,Havells,10k catalog row 6753
LRG-06754,Bulk SKU 6754,Paint & Finishes,pcs,464,INR,Jaquar,10k catalog row 6754
LRG-06755,Bulk SKU 6755,Building Materials,pcs,465,INR,Asian Paints,10k catalog row 6755
LRG-06756,Bulk SKU 6756,Lighting & Fixtures,pcs,466,INR,Bosch,10k catalog row 6756
LRG-06757,Bulk SKU 6757,Timber & Wood,pcs,467,INR,3M,10k catalog row 6757
LRG-06758,Bulk SKU 6758,Glass & Aluminium,pcs,468,INR,Jindal,10k catalog row 6758
LRG-06759,Bulk SKU 6759,Sanitary Ware,pcs,469,INR,Saint-Gobain,10k catalog row 6759
LRG-06760,Bulk SKU 6760,Steel & Metal,pcs,470,INR,UltraTech,10k catalog row 6760
LRG-06761,Bulk SKU 6761,Tiles & Flooring,pcs,471,INR,Tata,10k catalog row 6761
LRG-06762,Bulk SKU 6762,Electrical Supplies,pcs,472,INR,Kajaria,10k catalog row 6762
LRG-06763,Bulk SKU 6763,Plumbing & HVAC,pcs,473,INR,Havells,10k catalog row 6763
LRG-06764,Bulk SKU 6764,Paint & Finishes,pcs,474,INR,Jaquar,10k catalog row 6764
LRG-06765,Bulk SKU 6765,Building Materials,pcs,475,INR,Asian Paints,10k catalog row 6765
LRG-06766,Bulk SKU 6766,Lighting & Fixtures,pcs,476,INR,Bosch,10k catalog row 6766
LRG-06767,Bulk SKU 6767,Timber & Wood,pcs,477,INR,3M,10k catalog row 6767
LRG-06768,Bulk SKU 6768,Glass & Aluminium,pcs,478,INR,Jindal,10k catalog row 6768
LRG-06769,Bulk SKU 6769,Sanitary Ware,pcs,479,INR,Saint-Gobain,10k catalog row 6769
LRG-06770,Bulk SKU 6770,Steel & Metal,pcs,480,INR,UltraTech,10k catalog row 6770
LRG-06771,Bulk SKU 6771,Tiles & Flooring,pcs,481,INR,Tata,10k catalog row 6771
LRG-06772,Bulk SKU 6772,Electrical Supplies,pcs,482,INR,Kajaria,10k catalog row 6772
LRG-06773,Bulk SKU 6773,Plumbing & HVAC,pcs,483,INR,Havells,10k catalog row 6773
LRG-06774,Bulk SKU 6774,Paint & Finishes,pcs,484,INR,Jaquar,10k catalog row 6774
LRG-06775,Bulk SKU 6775,Building Materials,pcs,485,INR,Asian Paints,10k catalog row 6775
LRG-06776,Bulk SKU 6776,Lighting & Fixtures,pcs,486,INR,Bosch,10k catalog row 6776
LRG-06777,Bulk SKU 6777,Timber & Wood,pcs,487,INR,3M,10k catalog row 6777
LRG-06778,Bulk SKU 6778,Glass & Aluminium,pcs,488,INR,Jindal,10k catalog row 6778
LRG-06779,Bulk SKU 6779,Sanitary Ware,pcs,489,INR,Saint-Gobain,10k catalog row 6779
LRG-06780,Bulk SKU 6780,Steel & Metal,pcs,490,INR,UltraTech,10k catalog row 6780
LRG-06781,Bulk SKU 6781,Tiles & Flooring,pcs,491,INR,Tata,10k catalog row 6781
LRG-06782,Bulk SKU 6782,Electrical Supplies,pcs,492,INR,Kajaria,10k catalog row 6782
LRG-06783,Bulk SKU 6783,Plumbing & HVAC,pcs,493,INR,Havells,10k catalog row 6783
LRG-06784,Bulk SKU 6784,Paint & Finishes,pcs,494,INR,Jaquar,10k catalog row 6784
LRG-06785,Bulk SKU 6785,Building Materials,pcs,495,INR,Asian Paints,10k catalog row 6785
LRG-06786,Bulk SKU 6786,Lighting & Fixtures,pcs,496,INR,Bosch,10k catalog row 6786
LRG-06787,Bulk SKU 6787,Timber & Wood,pcs,497,INR,3M,10k catalog row 6787
LRG-06788,Bulk SKU 6788,Glass & Aluminium,pcs,498,INR,Jindal,10k catalog row 6788
LRG-06789,Bulk SKU 6789,Sanitary Ware,pcs,499,INR,Saint-Gobain,10k catalog row 6789
LRG-06790,Bulk SKU 6790,Steel & Metal,pcs,500,INR,UltraTech,10k catalog row 6790
LRG-06791,Bulk SKU 6791,Tiles & Flooring,pcs,501,INR,Tata,10k catalog row 6791
LRG-06792,Bulk SKU 6792,Electrical Supplies,pcs,502,INR,Kajaria,10k catalog row 6792
LRG-06793,Bulk SKU 6793,Plumbing & HVAC,pcs,503,INR,Havells,10k catalog row 6793
LRG-06794,Bulk SKU 6794,Paint & Finishes,pcs,504,INR,Jaquar,10k catalog row 6794
LRG-06795,Bulk SKU 6795,Building Materials,pcs,505,INR,Asian Paints,10k catalog row 6795
LRG-06796,Bulk SKU 6796,Lighting & Fixtures,pcs,506,INR,Bosch,10k catalog row 6796
LRG-06797,Bulk SKU 6797,Timber & Wood,pcs,507,INR,3M,10k catalog row 6797
LRG-06798,Bulk SKU 6798,Glass & Aluminium,pcs,508,INR,Jindal,10k catalog row 6798
LRG-06799,Bulk SKU 6799,Sanitary Ware,pcs,509,INR,Saint-Gobain,10k catalog row 6799
LRG-06800,Bulk SKU 6800,Steel & Metal,pcs,510,INR,UltraTech,10k catalog row 6800
LRG-06801,Bulk SKU 6801,Tiles & Flooring,pcs,511,INR,Tata,10k catalog row 6801
LRG-06802,Bulk SKU 6802,Electrical Supplies,pcs,512,INR,Kajaria,10k catalog row 6802
LRG-06803,Bulk SKU 6803,Plumbing & HVAC,pcs,513,INR,Havells,10k catalog row 6803
LRG-06804,Bulk SKU 6804,Paint & Finishes,pcs,514,INR,Jaquar,10k catalog row 6804
LRG-06805,Bulk SKU 6805,Building Materials,pcs,515,INR,Asian Paints,10k catalog row 6805
LRG-06806,Bulk SKU 6806,Lighting & Fixtures,pcs,516,INR,Bosch,10k catalog row 6806
LRG-06807,Bulk SKU 6807,Timber & Wood,pcs,517,INR,3M,10k catalog row 6807
LRG-06808,Bulk SKU 6808,Glass & Aluminium,pcs,518,INR,Jindal,10k catalog row 6808
LRG-06809,Bulk SKU 6809,Sanitary Ware,pcs,519,INR,Saint-Gobain,10k catalog row 6809
LRG-06810,Bulk SKU 6810,Steel & Metal,pcs,520,INR,UltraTech,10k catalog row 6810
LRG-06811,Bulk SKU 6811,Tiles & Flooring,pcs,521,INR,Tata,10k catalog row 6811
LRG-06812,Bulk SKU 6812,Electrical Supplies,pcs,522,INR,Kajaria,10k catalog row 6812
LRG-06813,Bulk SKU 6813,Plumbing & HVAC,pcs,523,INR,Havells,10k catalog row 6813
LRG-06814,Bulk SKU 6814,Paint & Finishes,pcs,524,INR,Jaquar,10k catalog row 6814
LRG-06815,Bulk SKU 6815,Building Materials,pcs,525,INR,Asian Paints,10k catalog row 6815
LRG-06816,Bulk SKU 6816,Lighting & Fixtures,pcs,526,INR,Bosch,10k catalog row 6816
LRG-06817,Bulk SKU 6817,Timber & Wood,pcs,527,INR,3M,10k catalog row 6817
LRG-06818,Bulk SKU 6818,Glass & Aluminium,pcs,528,INR,Jindal,10k catalog row 6818
LRG-06819,Bulk SKU 6819,Sanitary Ware,pcs,529,INR,Saint-Gobain,10k catalog row 6819
LRG-06820,Bulk SKU 6820,Steel & Metal,pcs,530,INR,UltraTech,10k catalog row 6820
LRG-06821,Bulk SKU 6821,Tiles & Flooring,pcs,531,INR,Tata,10k catalog row 6821
LRG-06822,Bulk SKU 6822,Electrical Supplies,pcs,532,INR,Kajaria,10k catalog row 6822
LRG-06823,Bulk SKU 6823,Plumbing & HVAC,pcs,533,INR,Havells,10k catalog row 6823
LRG-06824,Bulk SKU 6824,Paint & Finishes,pcs,534,INR,Jaquar,10k catalog row 6824
LRG-06825,Bulk SKU 6825,Building Materials,pcs,535,INR,Asian Paints,10k catalog row 6825
LRG-06826,Bulk SKU 6826,Lighting & Fixtures,pcs,536,INR,Bosch,10k catalog row 6826
LRG-06827,Bulk SKU 6827,Timber & Wood,pcs,537,INR,3M,10k catalog row 6827
LRG-06828,Bulk SKU 6828,Glass & Aluminium,pcs,538,INR,Jindal,10k catalog row 6828
LRG-06829,Bulk SKU 6829,Sanitary Ware,pcs,539,INR,Saint-Gobain,10k catalog row 6829
LRG-06830,Bulk SKU 6830,Steel & Metal,pcs,540,INR,UltraTech,10k catalog row 6830
LRG-06831,Bulk SKU 6831,Tiles & Flooring,pcs,541,INR,Tata,10k catalog row 6831
LRG-06832,Bulk SKU 6832,Electrical Supplies,pcs,542,INR,Kajaria,10k catalog row 6832
LRG-06833,Bulk SKU 6833,Plumbing & HVAC,pcs,543,INR,Havells,10k catalog row 6833
LRG-06834,Bulk SKU 6834,Paint & Finishes,pcs,544,INR,Jaquar,10k catalog row 6834
LRG-06835,Bulk SKU 6835,Building Materials,pcs,545,INR,Asian Paints,10k catalog row 6835
LRG-06836,Bulk SKU 6836,Lighting & Fixtures,pcs,546,INR,Bosch,10k catalog row 6836
LRG-06837,Bulk SKU 6837,Timber & Wood,pcs,547,INR,3M,10k catalog row 6837
LRG-06838,Bulk SKU 6838,Glass & Aluminium,pcs,548,INR,Jindal,10k catalog row 6838
LRG-06839,Bulk SKU 6839,Sanitary Ware,pcs,549,INR,Saint-Gobain,10k catalog row 6839
LRG-06840,Bulk SKU 6840,Steel & Metal,pcs,550,INR,UltraTech,10k catalog row 6840
LRG-06841,Bulk SKU 6841,Tiles & Flooring,pcs,551,INR,Tata,10k catalog row 6841
LRG-06842,Bulk SKU 6842,Electrical Supplies,pcs,552,INR,Kajaria,10k catalog row 6842
LRG-06843,Bulk SKU 6843,Plumbing & HVAC,pcs,553,INR,Havells,10k catalog row 6843
LRG-06844,Bulk SKU 6844,Paint & Finishes,pcs,554,INR,Jaquar,10k catalog row 6844
LRG-06845,Bulk SKU 6845,Building Materials,pcs,555,INR,Asian Paints,10k catalog row 6845
LRG-06846,Bulk SKU 6846,Lighting & Fixtures,pcs,556,INR,Bosch,10k catalog row 6846
LRG-06847,Bulk SKU 6847,Timber & Wood,pcs,557,INR,3M,10k catalog row 6847
LRG-06848,Bulk SKU 6848,Glass & Aluminium,pcs,558,INR,Jindal,10k catalog row 6848
LRG-06849,Bulk SKU 6849,Sanitary Ware,pcs,559,INR,Saint-Gobain,10k catalog row 6849
LRG-06850,Bulk SKU 6850,Steel & Metal,pcs,560,INR,UltraTech,10k catalog row 6850
LRG-06851,Bulk SKU 6851,Tiles & Flooring,pcs,561,INR,Tata,10k catalog row 6851
LRG-06852,Bulk SKU 6852,Electrical Supplies,pcs,562,INR,Kajaria,10k catalog row 6852
LRG-06853,Bulk SKU 6853,Plumbing & HVAC,pcs,563,INR,Havells,10k catalog row 6853
LRG-06854,Bulk SKU 6854,Paint & Finishes,pcs,564,INR,Jaquar,10k catalog row 6854
LRG-06855,Bulk SKU 6855,Building Materials,pcs,565,INR,Asian Paints,10k catalog row 6855
LRG-06856,Bulk SKU 6856,Lighting & Fixtures,pcs,566,INR,Bosch,10k catalog row 6856
LRG-06857,Bulk SKU 6857,Timber & Wood,pcs,567,INR,3M,10k catalog row 6857
LRG-06858,Bulk SKU 6858,Glass & Aluminium,pcs,568,INR,Jindal,10k catalog row 6858
LRG-06859,Bulk SKU 6859,Sanitary Ware,pcs,569,INR,Saint-Gobain,10k catalog row 6859
LRG-06860,Bulk SKU 6860,Steel & Metal,pcs,570,INR,UltraTech,10k catalog row 6860
LRG-06861,Bulk SKU 6861,Tiles & Flooring,pcs,571,INR,Tata,10k catalog row 6861
LRG-06862,Bulk SKU 6862,Electrical Supplies,pcs,572,INR,Kajaria,10k catalog row 6862
LRG-06863,Bulk SKU 6863,Plumbing & HVAC,pcs,573,INR,Havells,10k catalog row 6863
LRG-06864,Bulk SKU 6864,Paint & Finishes,pcs,574,INR,Jaquar,10k catalog row 6864
LRG-06865,Bulk SKU 6865,Building Materials,pcs,575,INR,Asian Paints,10k catalog row 6865
LRG-06866,Bulk SKU 6866,Lighting & Fixtures,pcs,576,INR,Bosch,10k catalog row 6866
LRG-06867,Bulk SKU 6867,Timber & Wood,pcs,577,INR,3M,10k catalog row 6867
LRG-06868,Bulk SKU 6868,Glass & Aluminium,pcs,578,INR,Jindal,10k catalog row 6868
LRG-06869,Bulk SKU 6869,Sanitary Ware,pcs,579,INR,Saint-Gobain,10k catalog row 6869
LRG-06870,Bulk SKU 6870,Steel & Metal,pcs,580,INR,UltraTech,10k catalog row 6870
LRG-06871,Bulk SKU 6871,Tiles & Flooring,pcs,581,INR,Tata,10k catalog row 6871
LRG-06872,Bulk SKU 6872,Electrical Supplies,pcs,582,INR,Kajaria,10k catalog row 6872
LRG-06873,Bulk SKU 6873,Plumbing & HVAC,pcs,583,INR,Havells,10k catalog row 6873
LRG-06874,Bulk SKU 6874,Paint & Finishes,pcs,584,INR,Jaquar,10k catalog row 6874
LRG-06875,Bulk SKU 6875,Building Materials,pcs,585,INR,Asian Paints,10k catalog row 6875
LRG-06876,Bulk SKU 6876,Lighting & Fixtures,pcs,586,INR,Bosch,10k catalog row 6876
LRG-06877,Bulk SKU 6877,Timber & Wood,pcs,587,INR,3M,10k catalog row 6877
LRG-06878,Bulk SKU 6878,Glass & Aluminium,pcs,588,INR,Jindal,10k catalog row 6878
LRG-06879,Bulk SKU 6879,Sanitary Ware,pcs,589,INR,Saint-Gobain,10k catalog row 6879
LRG-06880,Bulk SKU 6880,Steel & Metal,pcs,590,INR,UltraTech,10k catalog row 6880
LRG-06881,Bulk SKU 6881,Tiles & Flooring,pcs,591,INR,Tata,10k catalog row 6881
LRG-06882,Bulk SKU 6882,Electrical Supplies,pcs,592,INR,Kajaria,10k catalog row 6882
LRG-06883,Bulk SKU 6883,Plumbing & HVAC,pcs,593,INR,Havells,10k catalog row 6883
LRG-06884,Bulk SKU 6884,Paint & Finishes,pcs,594,INR,Jaquar,10k catalog row 6884
LRG-06885,Bulk SKU 6885,Building Materials,pcs,595,INR,Asian Paints,10k catalog row 6885
LRG-06886,Bulk SKU 6886,Lighting & Fixtures,pcs,596,INR,Bosch,10k catalog row 6886
LRG-06887,Bulk SKU 6887,Timber & Wood,pcs,597,INR,3M,10k catalog row 6887
LRG-06888,Bulk SKU 6888,Glass & Aluminium,pcs,598,INR,Jindal,10k catalog row 6888
LRG-06889,Bulk SKU 6889,Sanitary Ware,pcs,599,INR,Saint-Gobain,10k catalog row 6889
LRG-06890,Bulk SKU 6890,Steel & Metal,pcs,600,INR,UltraTech,10k catalog row 6890
LRG-06891,Bulk SKU 6891,Tiles & Flooring,pcs,601,INR,Tata,10k catalog row 6891
LRG-06892,Bulk SKU 6892,Electrical Supplies,pcs,602,INR,Kajaria,10k catalog row 6892
LRG-06893,Bulk SKU 6893,Plumbing & HVAC,pcs,603,INR,Havells,10k catalog row 6893
LRG-06894,Bulk SKU 6894,Paint & Finishes,pcs,604,INR,Jaquar,10k catalog row 6894
LRG-06895,Bulk SKU 6895,Building Materials,pcs,605,INR,Asian Paints,10k catalog row 6895
LRG-06896,Bulk SKU 6896,Lighting & Fixtures,pcs,606,INR,Bosch,10k catalog row 6896
LRG-06897,Bulk SKU 6897,Timber & Wood,pcs,607,INR,3M,10k catalog row 6897
LRG-06898,Bulk SKU 6898,Glass & Aluminium,pcs,608,INR,Jindal,10k catalog row 6898
LRG-06899,Bulk SKU 6899,Sanitary Ware,pcs,609,INR,Saint-Gobain,10k catalog row 6899
LRG-06900,Bulk SKU 6900,Steel & Metal,pcs,610,INR,UltraTech,10k catalog row 6900
LRG-06901,Bulk SKU 6901,Tiles & Flooring,pcs,611,INR,Tata,10k catalog row 6901
LRG-06902,Bulk SKU 6902,Electrical Supplies,pcs,612,INR,Kajaria,10k catalog row 6902
LRG-06903,Bulk SKU 6903,Plumbing & HVAC,pcs,613,INR,Havells,10k catalog row 6903
LRG-06904,Bulk SKU 6904,Paint & Finishes,pcs,614,INR,Jaquar,10k catalog row 6904
LRG-06905,Bulk SKU 6905,Building Materials,pcs,615,INR,Asian Paints,10k catalog row 6905
LRG-06906,Bulk SKU 6906,Lighting & Fixtures,pcs,616,INR,Bosch,10k catalog row 6906
LRG-06907,Bulk SKU 6907,Timber & Wood,pcs,617,INR,3M,10k catalog row 6907
LRG-06908,Bulk SKU 6908,Glass & Aluminium,pcs,618,INR,Jindal,10k catalog row 6908
LRG-06909,Bulk SKU 6909,Sanitary Ware,pcs,619,INR,Saint-Gobain,10k catalog row 6909
LRG-06910,Bulk SKU 6910,Steel & Metal,pcs,620,INR,UltraTech,10k catalog row 6910
LRG-06911,Bulk SKU 6911,Tiles & Flooring,pcs,621,INR,Tata,10k catalog row 6911
LRG-06912,Bulk SKU 6912,Electrical Supplies,pcs,622,INR,Kajaria,10k catalog row 6912
LRG-06913,Bulk SKU 6913,Plumbing & HVAC,pcs,623,INR,Havells,10k catalog row 6913
LRG-06914,Bulk SKU 6914,Paint & Finishes,pcs,624,INR,Jaquar,10k catalog row 6914
LRG-06915,Bulk SKU 6915,Building Materials,pcs,625,INR,Asian Paints,10k catalog row 6915
LRG-06916,Bulk SKU 6916,Lighting & Fixtures,pcs,626,INR,Bosch,10k catalog row 6916
LRG-06917,Bulk SKU 6917,Timber & Wood,pcs,627,INR,3M,10k catalog row 6917
LRG-06918,Bulk SKU 6918,Glass & Aluminium,pcs,628,INR,Jindal,10k catalog row 6918
LRG-06919,Bulk SKU 6919,Sanitary Ware,pcs,629,INR,Saint-Gobain,10k catalog row 6919
LRG-06920,Bulk SKU 6920,Steel & Metal,pcs,630,INR,UltraTech,10k catalog row 6920
LRG-06921,Bulk SKU 6921,Tiles & Flooring,pcs,631,INR,Tata,10k catalog row 6921
LRG-06922,Bulk SKU 6922,Electrical Supplies,pcs,632,INR,Kajaria,10k catalog row 6922
LRG-06923,Bulk SKU 6923,Plumbing & HVAC,pcs,633,INR,Havells,10k catalog row 6923
LRG-06924,Bulk SKU 6924,Paint & Finishes,pcs,634,INR,Jaquar,10k catalog row 6924
LRG-06925,Bulk SKU 6925,Building Materials,pcs,635,INR,Asian Paints,10k catalog row 6925
LRG-06926,Bulk SKU 6926,Lighting & Fixtures,pcs,636,INR,Bosch,10k catalog row 6926
LRG-06927,Bulk SKU 6927,Timber & Wood,pcs,637,INR,3M,10k catalog row 6927
LRG-06928,Bulk SKU 6928,Glass & Aluminium,pcs,638,INR,Jindal,10k catalog row 6928
LRG-06929,Bulk SKU 6929,Sanitary Ware,pcs,639,INR,Saint-Gobain,10k catalog row 6929
LRG-06930,Bulk SKU 6930,Steel & Metal,pcs,640,INR,UltraTech,10k catalog row 6930
LRG-06931,Bulk SKU 6931,Tiles & Flooring,pcs,641,INR,Tata,10k catalog row 6931
LRG-06932,Bulk SKU 6932,Electrical Supplies,pcs,642,INR,Kajaria,10k catalog row 6932
LRG-06933,Bulk SKU 6933,Plumbing & HVAC,pcs,643,INR,Havells,10k catalog row 6933
LRG-06934,Bulk SKU 6934,Paint & Finishes,pcs,644,INR,Jaquar,10k catalog row 6934
LRG-06935,Bulk SKU 6935,Building Materials,pcs,645,INR,Asian Paints,10k catalog row 6935
LRG-06936,Bulk SKU 6936,Lighting & Fixtures,pcs,646,INR,Bosch,10k catalog row 6936
LRG-06937,Bulk SKU 6937,Timber & Wood,pcs,647,INR,3M,10k catalog row 6937
LRG-06938,Bulk SKU 6938,Glass & Aluminium,pcs,648,INR,Jindal,10k catalog row 6938
LRG-06939,Bulk SKU 6939,Sanitary Ware,pcs,649,INR,Saint-Gobain,10k catalog row 6939
LRG-06940,Bulk SKU 6940,Steel & Metal,pcs,650,INR,UltraTech,10k catalog row 6940
LRG-06941,Bulk SKU 6941,Tiles & Flooring,pcs,651,INR,Tata,10k catalog row 6941
LRG-06942,Bulk SKU 6942,Electrical Supplies,pcs,652,INR,Kajaria,10k catalog row 6942
LRG-06943,Bulk SKU 6943,Plumbing & HVAC,pcs,653,INR,Havells,10k catalog row 6943
LRG-06944,Bulk SKU 6944,Paint & Finishes,pcs,654,INR,Jaquar,10k catalog row 6944
LRG-06945,Bulk SKU 6945,Building Materials,pcs,655,INR,Asian Paints,10k catalog row 6945
LRG-06946,Bulk SKU 6946,Lighting & Fixtures,pcs,656,INR,Bosch,10k catalog row 6946
LRG-06947,Bulk SKU 6947,Timber & Wood,pcs,657,INR,3M,10k catalog row 6947
LRG-06948,Bulk SKU 6948,Glass & Aluminium,pcs,658,INR,Jindal,10k catalog row 6948
LRG-06949,Bulk SKU 6949,Sanitary Ware,pcs,659,INR,Saint-Gobain,10k catalog row 6949
LRG-06950,Bulk SKU 6950,Steel & Metal,pcs,660,INR,UltraTech,10k catalog row 6950
LRG-06951,Bulk SKU 6951,Tiles & Flooring,pcs,661,INR,Tata,10k catalog row 6951
LRG-06952,Bulk SKU 6952,Electrical Supplies,pcs,662,INR,Kajaria,10k catalog row 6952
LRG-06953,Bulk SKU 6953,Plumbing & HVAC,pcs,663,INR,Havells,10k catalog row 6953
LRG-06954,Bulk SKU 6954,Paint & Finishes,pcs,664,INR,Jaquar,10k catalog row 6954
LRG-06955,Bulk SKU 6955,Building Materials,pcs,665,INR,Asian Paints,10k catalog row 6955
LRG-06956,Bulk SKU 6956,Lighting & Fixtures,pcs,666,INR,Bosch,10k catalog row 6956
LRG-06957,Bulk SKU 6957,Timber & Wood,pcs,667,INR,3M,10k catalog row 6957
LRG-06958,Bulk SKU 6958,Glass & Aluminium,pcs,668,INR,Jindal,10k catalog row 6958
LRG-06959,Bulk SKU 6959,Sanitary Ware,pcs,669,INR,Saint-Gobain,10k catalog row 6959
LRG-06960,Bulk SKU 6960,Steel & Metal,pcs,670,INR,UltraTech,10k catalog row 6960
LRG-06961,Bulk SKU 6961,Tiles & Flooring,pcs,671,INR,Tata,10k catalog row 6961
LRG-06962,Bulk SKU 6962,Electrical Supplies,pcs,672,INR,Kajaria,10k catalog row 6962
LRG-06963,Bulk SKU 6963,Plumbing & HVAC,pcs,673,INR,Havells,10k catalog row 6963
LRG-06964,Bulk SKU 6964,Paint & Finishes,pcs,674,INR,Jaquar,10k catalog row 6964
LRG-06965,Bulk SKU 6965,Building Materials,pcs,675,INR,Asian Paints,10k catalog row 6965
LRG-06966,Bulk SKU 6966,Lighting & Fixtures,pcs,676,INR,Bosch,10k catalog row 6966
LRG-06967,Bulk SKU 6967,Timber & Wood,pcs,677,INR,3M,10k catalog row 6967
LRG-06968,Bulk SKU 6968,Glass & Aluminium,pcs,678,INR,Jindal,10k catalog row 6968
LRG-06969,Bulk SKU 6969,Sanitary Ware,pcs,679,INR,Saint-Gobain,10k catalog row 6969
LRG-06970,Bulk SKU 6970,Steel & Metal,pcs,680,INR,UltraTech,10k catalog row 6970
LRG-06971,Bulk SKU 6971,Tiles & Flooring,pcs,681,INR,Tata,10k catalog row 6971
LRG-06972,Bulk SKU 6972,Electrical Supplies,pcs,682,INR,Kajaria,10k catalog row 6972
LRG-06973,Bulk SKU 6973,Plumbing & HVAC,pcs,683,INR,Havells,10k catalog row 6973
LRG-06974,Bulk SKU 6974,Paint & Finishes,pcs,684,INR,Jaquar,10k catalog row 6974
LRG-06975,Bulk SKU 6975,Building Materials,pcs,685,INR,Asian Paints,10k catalog row 6975
LRG-06976,Bulk SKU 6976,Lighting & Fixtures,pcs,686,INR,Bosch,10k catalog row 6976
LRG-06977,Bulk SKU 6977,Timber & Wood,pcs,687,INR,3M,10k catalog row 6977
LRG-06978,Bulk SKU 6978,Glass & Aluminium,pcs,688,INR,Jindal,10k catalog row 6978
LRG-06979,Bulk SKU 6979,Sanitary Ware,pcs,689,INR,Saint-Gobain,10k catalog row 6979
LRG-06980,Bulk SKU 6980,Steel & Metal,pcs,690,INR,UltraTech,10k catalog row 6980
LRG-06981,Bulk SKU 6981,Tiles & Flooring,pcs,691,INR,Tata,10k catalog row 6981
LRG-06982,Bulk SKU 6982,Electrical Supplies,pcs,692,INR,Kajaria,10k catalog row 6982
LRG-06983,Bulk SKU 6983,Plumbing & HVAC,pcs,693,INR,Havells,10k catalog row 6983
LRG-06984,Bulk SKU 6984,Paint & Finishes,pcs,694,INR,Jaquar,10k catalog row 6984
LRG-06985,Bulk SKU 6985,Building Materials,pcs,695,INR,Asian Paints,10k catalog row 6985
LRG-06986,Bulk SKU 6986,Lighting & Fixtures,pcs,696,INR,Bosch,10k catalog row 6986
LRG-06987,Bulk SKU 6987,Timber & Wood,pcs,697,INR,3M,10k catalog row 6987
LRG-06988,Bulk SKU 6988,Glass & Aluminium,pcs,698,INR,Jindal,10k catalog row 6988
LRG-06989,Bulk SKU 6989,Sanitary Ware,pcs,699,INR,Saint-Gobain,10k catalog row 6989
LRG-06990,Bulk SKU 6990,Steel & Metal,pcs,700,INR,UltraTech,10k catalog row 6990
LRG-06991,Bulk SKU 6991,Tiles & Flooring,pcs,701,INR,Tata,10k catalog row 6991
LRG-06992,Bulk SKU 6992,Electrical Supplies,pcs,702,INR,Kajaria,10k catalog row 6992
LRG-06993,Bulk SKU 6993,Plumbing & HVAC,pcs,703,INR,Havells,10k catalog row 6993
LRG-06994,Bulk SKU 6994,Paint & Finishes,pcs,704,INR,Jaquar,10k catalog row 6994
LRG-06995,Bulk SKU 6995,Building Materials,pcs,705,INR,Asian Paints,10k catalog row 6995
LRG-06996,Bulk SKU 6996,Lighting & Fixtures,pcs,706,INR,Bosch,10k catalog row 6996
LRG-06997,Bulk SKU 6997,Timber & Wood,pcs,707,INR,3M,10k catalog row 6997
LRG-06998,Bulk SKU 6998,Glass & Aluminium,pcs,708,INR,Jindal,10k catalog row 6998
LRG-06999,Bulk SKU 6999,Sanitary Ware,pcs,709,INR,Saint-Gobain,10k catalog row 6999
LRG-07000,Bulk SKU 7000,Steel & Metal,pcs,710,INR,UltraTech,10k catalog row 7000
LRG-07001,Bulk SKU 7001,Tiles & Flooring,pcs,711,INR,Tata,10k catalog row 7001
LRG-07002,Bulk SKU 7002,Electrical Supplies,pcs,712,INR,Kajaria,10k catalog row 7002
LRG-07003,Bulk SKU 7003,Plumbing & HVAC,pcs,713,INR,Havells,10k catalog row 7003
LRG-07004,Bulk SKU 7004,Paint & Finishes,pcs,714,INR,Jaquar,10k catalog row 7004
LRG-07005,Bulk SKU 7005,Building Materials,pcs,715,INR,Asian Paints,10k catalog row 7005
LRG-07006,Bulk SKU 7006,Lighting & Fixtures,pcs,716,INR,Bosch,10k catalog row 7006
LRG-07007,Bulk SKU 7007,Timber & Wood,pcs,717,INR,3M,10k catalog row 7007
LRG-07008,Bulk SKU 7008,Glass & Aluminium,pcs,718,INR,Jindal,10k catalog row 7008
LRG-07009,Bulk SKU 7009,Sanitary Ware,pcs,719,INR,Saint-Gobain,10k catalog row 7009
LRG-07010,Bulk SKU 7010,Steel & Metal,pcs,720,INR,UltraTech,10k catalog row 7010
LRG-07011,Bulk SKU 7011,Tiles & Flooring,pcs,721,INR,Tata,10k catalog row 7011
LRG-07012,Bulk SKU 7012,Electrical Supplies,pcs,722,INR,Kajaria,10k catalog row 7012
LRG-07013,Bulk SKU 7013,Plumbing & HVAC,pcs,723,INR,Havells,10k catalog row 7013
LRG-07014,Bulk SKU 7014,Paint & Finishes,pcs,724,INR,Jaquar,10k catalog row 7014
LRG-07015,Bulk SKU 7015,Building Materials,pcs,725,INR,Asian Paints,10k catalog row 7015
LRG-07016,Bulk SKU 7016,Lighting & Fixtures,pcs,726,INR,Bosch,10k catalog row 7016
LRG-07017,Bulk SKU 7017,Timber & Wood,pcs,727,INR,3M,10k catalog row 7017
LRG-07018,Bulk SKU 7018,Glass & Aluminium,pcs,728,INR,Jindal,10k catalog row 7018
LRG-07019,Bulk SKU 7019,Sanitary Ware,pcs,729,INR,Saint-Gobain,10k catalog row 7019
LRG-07020,Bulk SKU 7020,Steel & Metal,pcs,730,INR,UltraTech,10k catalog row 7020
LRG-07021,Bulk SKU 7021,Tiles & Flooring,pcs,731,INR,Tata,10k catalog row 7021
LRG-07022,Bulk SKU 7022,Electrical Supplies,pcs,732,INR,Kajaria,10k catalog row 7022
LRG-07023,Bulk SKU 7023,Plumbing & HVAC,pcs,733,INR,Havells,10k catalog row 7023
LRG-07024,Bulk SKU 7024,Paint & Finishes,pcs,734,INR,Jaquar,10k catalog row 7024
LRG-07025,Bulk SKU 7025,Building Materials,pcs,735,INR,Asian Paints,10k catalog row 7025
LRG-07026,Bulk SKU 7026,Lighting & Fixtures,pcs,736,INR,Bosch,10k catalog row 7026
LRG-07027,Bulk SKU 7027,Timber & Wood,pcs,737,INR,3M,10k catalog row 7027
LRG-07028,Bulk SKU 7028,Glass & Aluminium,pcs,738,INR,Jindal,10k catalog row 7028
LRG-07029,Bulk SKU 7029,Sanitary Ware,pcs,739,INR,Saint-Gobain,10k catalog row 7029
LRG-07030,Bulk SKU 7030,Steel & Metal,pcs,740,INR,UltraTech,10k catalog row 7030
LRG-07031,Bulk SKU 7031,Tiles & Flooring,pcs,741,INR,Tata,10k catalog row 7031
LRG-07032,Bulk SKU 7032,Electrical Supplies,pcs,742,INR,Kajaria,10k catalog row 7032
LRG-07033,Bulk SKU 7033,Plumbing & HVAC,pcs,743,INR,Havells,10k catalog row 7033
LRG-07034,Bulk SKU 7034,Paint & Finishes,pcs,744,INR,Jaquar,10k catalog row 7034
LRG-07035,Bulk SKU 7035,Building Materials,pcs,745,INR,Asian Paints,10k catalog row 7035
LRG-07036,Bulk SKU 7036,Lighting & Fixtures,pcs,746,INR,Bosch,10k catalog row 7036
LRG-07037,Bulk SKU 7037,Timber & Wood,pcs,747,INR,3M,10k catalog row 7037
LRG-07038,Bulk SKU 7038,Glass & Aluminium,pcs,748,INR,Jindal,10k catalog row 7038
LRG-07039,Bulk SKU 7039,Sanitary Ware,pcs,749,INR,Saint-Gobain,10k catalog row 7039
LRG-07040,Bulk SKU 7040,Steel & Metal,pcs,750,INR,UltraTech,10k catalog row 7040
LRG-07041,Bulk SKU 7041,Tiles & Flooring,pcs,751,INR,Tata,10k catalog row 7041
LRG-07042,Bulk SKU 7042,Electrical Supplies,pcs,752,INR,Kajaria,10k catalog row 7042
LRG-07043,Bulk SKU 7043,Plumbing & HVAC,pcs,753,INR,Havells,10k catalog row 7043
LRG-07044,Bulk SKU 7044,Paint & Finishes,pcs,754,INR,Jaquar,10k catalog row 7044
LRG-07045,Bulk SKU 7045,Building Materials,pcs,755,INR,Asian Paints,10k catalog row 7045
LRG-07046,Bulk SKU 7046,Lighting & Fixtures,pcs,756,INR,Bosch,10k catalog row 7046
LRG-07047,Bulk SKU 7047,Timber & Wood,pcs,757,INR,3M,10k catalog row 7047
LRG-07048,Bulk SKU 7048,Glass & Aluminium,pcs,758,INR,Jindal,10k catalog row 7048
LRG-07049,Bulk SKU 7049,Sanitary Ware,pcs,759,INR,Saint-Gobain,10k catalog row 7049
LRG-07050,Bulk SKU 7050,Steel & Metal,pcs,760,INR,UltraTech,10k catalog row 7050
LRG-07051,Bulk SKU 7051,Tiles & Flooring,pcs,761,INR,Tata,10k catalog row 7051
LRG-07052,Bulk SKU 7052,Electrical Supplies,pcs,762,INR,Kajaria,10k catalog row 7052
LRG-07053,Bulk SKU 7053,Plumbing & HVAC,pcs,763,INR,Havells,10k catalog row 7053
LRG-07054,Bulk SKU 7054,Paint & Finishes,pcs,764,INR,Jaquar,10k catalog row 7054
LRG-07055,Bulk SKU 7055,Building Materials,pcs,765,INR,Asian Paints,10k catalog row 7055
LRG-07056,Bulk SKU 7056,Lighting & Fixtures,pcs,766,INR,Bosch,10k catalog row 7056
LRG-07057,Bulk SKU 7057,Timber & Wood,pcs,767,INR,3M,10k catalog row 7057
LRG-07058,Bulk SKU 7058,Glass & Aluminium,pcs,768,INR,Jindal,10k catalog row 7058
LRG-07059,Bulk SKU 7059,Sanitary Ware,pcs,769,INR,Saint-Gobain,10k catalog row 7059
LRG-07060,Bulk SKU 7060,Steel & Metal,pcs,770,INR,UltraTech,10k catalog row 7060
LRG-07061,Bulk SKU 7061,Tiles & Flooring,pcs,771,INR,Tata,10k catalog row 7061
LRG-07062,Bulk SKU 7062,Electrical Supplies,pcs,772,INR,Kajaria,10k catalog row 7062
LRG-07063,Bulk SKU 7063,Plumbing & HVAC,pcs,773,INR,Havells,10k catalog row 7063
LRG-07064,Bulk SKU 7064,Paint & Finishes,pcs,774,INR,Jaquar,10k catalog row 7064
LRG-07065,Bulk SKU 7065,Building Materials,pcs,775,INR,Asian Paints,10k catalog row 7065
LRG-07066,Bulk SKU 7066,Lighting & Fixtures,pcs,776,INR,Bosch,10k catalog row 7066
LRG-07067,Bulk SKU 7067,Timber & Wood,pcs,777,INR,3M,10k catalog row 7067
LRG-07068,Bulk SKU 7068,Glass & Aluminium,pcs,778,INR,Jindal,10k catalog row 7068
LRG-07069,Bulk SKU 7069,Sanitary Ware,pcs,779,INR,Saint-Gobain,10k catalog row 7069
LRG-07070,Bulk SKU 7070,Steel & Metal,pcs,780,INR,UltraTech,10k catalog row 7070
LRG-07071,Bulk SKU 7071,Tiles & Flooring,pcs,781,INR,Tata,10k catalog row 7071
LRG-07072,Bulk SKU 7072,Electrical Supplies,pcs,782,INR,Kajaria,10k catalog row 7072
LRG-07073,Bulk SKU 7073,Plumbing & HVAC,pcs,783,INR,Havells,10k catalog row 7073
LRG-07074,Bulk SKU 7074,Paint & Finishes,pcs,784,INR,Jaquar,10k catalog row 7074
LRG-07075,Bulk SKU 7075,Building Materials,pcs,785,INR,Asian Paints,10k catalog row 7075
LRG-07076,Bulk SKU 7076,Lighting & Fixtures,pcs,786,INR,Bosch,10k catalog row 7076
LRG-07077,Bulk SKU 7077,Timber & Wood,pcs,787,INR,3M,10k catalog row 7077
LRG-07078,Bulk SKU 7078,Glass & Aluminium,pcs,788,INR,Jindal,10k catalog row 7078
LRG-07079,Bulk SKU 7079,Sanitary Ware,pcs,789,INR,Saint-Gobain,10k catalog row 7079
LRG-07080,Bulk SKU 7080,Steel & Metal,pcs,790,INR,UltraTech,10k catalog row 7080
LRG-07081,Bulk SKU 7081,Tiles & Flooring,pcs,791,INR,Tata,10k catalog row 7081
LRG-07082,Bulk SKU 7082,Electrical Supplies,pcs,792,INR,Kajaria,10k catalog row 7082
LRG-07083,Bulk SKU 7083,Plumbing & HVAC,pcs,793,INR,Havells,10k catalog row 7083
LRG-07084,Bulk SKU 7084,Paint & Finishes,pcs,794,INR,Jaquar,10k catalog row 7084
LRG-07085,Bulk SKU 7085,Building Materials,pcs,795,INR,Asian Paints,10k catalog row 7085
LRG-07086,Bulk SKU 7086,Lighting & Fixtures,pcs,796,INR,Bosch,10k catalog row 7086
LRG-07087,Bulk SKU 7087,Timber & Wood,pcs,797,INR,3M,10k catalog row 7087
LRG-07088,Bulk SKU 7088,Glass & Aluminium,pcs,798,INR,Jindal,10k catalog row 7088
LRG-07089,Bulk SKU 7089,Sanitary Ware,pcs,799,INR,Saint-Gobain,10k catalog row 7089
LRG-07090,Bulk SKU 7090,Steel & Metal,pcs,800,INR,UltraTech,10k catalog row 7090
LRG-07091,Bulk SKU 7091,Tiles & Flooring,pcs,801,INR,Tata,10k catalog row 7091
LRG-07092,Bulk SKU 7092,Electrical Supplies,pcs,802,INR,Kajaria,10k catalog row 7092
LRG-07093,Bulk SKU 7093,Plumbing & HVAC,pcs,803,INR,Havells,10k catalog row 7093
LRG-07094,Bulk SKU 7094,Paint & Finishes,pcs,804,INR,Jaquar,10k catalog row 7094
LRG-07095,Bulk SKU 7095,Building Materials,pcs,805,INR,Asian Paints,10k catalog row 7095
LRG-07096,Bulk SKU 7096,Lighting & Fixtures,pcs,806,INR,Bosch,10k catalog row 7096
LRG-07097,Bulk SKU 7097,Timber & Wood,pcs,807,INR,3M,10k catalog row 7097
LRG-07098,Bulk SKU 7098,Glass & Aluminium,pcs,808,INR,Jindal,10k catalog row 7098
LRG-07099,Bulk SKU 7099,Sanitary Ware,pcs,809,INR,Saint-Gobain,10k catalog row 7099
LRG-07100,Bulk SKU 7100,Steel & Metal,pcs,810,INR,UltraTech,10k catalog row 7100
LRG-07101,Bulk SKU 7101,Tiles & Flooring,pcs,811,INR,Tata,10k catalog row 7101
LRG-07102,Bulk SKU 7102,Electrical Supplies,pcs,812,INR,Kajaria,10k catalog row 7102
LRG-07103,Bulk SKU 7103,Plumbing & HVAC,pcs,813,INR,Havells,10k catalog row 7103
LRG-07104,Bulk SKU 7104,Paint & Finishes,pcs,814,INR,Jaquar,10k catalog row 7104
LRG-07105,Bulk SKU 7105,Building Materials,pcs,815,INR,Asian Paints,10k catalog row 7105
LRG-07106,Bulk SKU 7106,Lighting & Fixtures,pcs,816,INR,Bosch,10k catalog row 7106
LRG-07107,Bulk SKU 7107,Timber & Wood,pcs,817,INR,3M,10k catalog row 7107
LRG-07108,Bulk SKU 7108,Glass & Aluminium,pcs,818,INR,Jindal,10k catalog row 7108
LRG-07109,Bulk SKU 7109,Sanitary Ware,pcs,819,INR,Saint-Gobain,10k catalog row 7109
LRG-07110,Bulk SKU 7110,Steel & Metal,pcs,820,INR,UltraTech,10k catalog row 7110
LRG-07111,Bulk SKU 7111,Tiles & Flooring,pcs,821,INR,Tata,10k catalog row 7111
LRG-07112,Bulk SKU 7112,Electrical Supplies,pcs,822,INR,Kajaria,10k catalog row 7112
LRG-07113,Bulk SKU 7113,Plumbing & HVAC,pcs,823,INR,Havells,10k catalog row 7113
LRG-07114,Bulk SKU 7114,Paint & Finishes,pcs,824,INR,Jaquar,10k catalog row 7114
LRG-07115,Bulk SKU 7115,Building Materials,pcs,825,INR,Asian Paints,10k catalog row 7115
LRG-07116,Bulk SKU 7116,Lighting & Fixtures,pcs,826,INR,Bosch,10k catalog row 7116
LRG-07117,Bulk SKU 7117,Timber & Wood,pcs,827,INR,3M,10k catalog row 7117
LRG-07118,Bulk SKU 7118,Glass & Aluminium,pcs,828,INR,Jindal,10k catalog row 7118
LRG-07119,Bulk SKU 7119,Sanitary Ware,pcs,829,INR,Saint-Gobain,10k catalog row 7119
LRG-07120,Bulk SKU 7120,Steel & Metal,pcs,830,INR,UltraTech,10k catalog row 7120
LRG-07121,Bulk SKU 7121,Tiles & Flooring,pcs,831,INR,Tata,10k catalog row 7121
LRG-07122,Bulk SKU 7122,Electrical Supplies,pcs,832,INR,Kajaria,10k catalog row 7122
LRG-07123,Bulk SKU 7123,Plumbing & HVAC,pcs,833,INR,Havells,10k catalog row 7123
LRG-07124,Bulk SKU 7124,Paint & Finishes,pcs,834,INR,Jaquar,10k catalog row 7124
LRG-07125,Bulk SKU 7125,Building Materials,pcs,835,INR,Asian Paints,10k catalog row 7125
LRG-07126,Bulk SKU 7126,Lighting & Fixtures,pcs,836,INR,Bosch,10k catalog row 7126
LRG-07127,Bulk SKU 7127,Timber & Wood,pcs,837,INR,3M,10k catalog row 7127
LRG-07128,Bulk SKU 7128,Glass & Aluminium,pcs,838,INR,Jindal,10k catalog row 7128
LRG-07129,Bulk SKU 7129,Sanitary Ware,pcs,839,INR,Saint-Gobain,10k catalog row 7129
LRG-07130,Bulk SKU 7130,Steel & Metal,pcs,840,INR,UltraTech,10k catalog row 7130
LRG-07131,Bulk SKU 7131,Tiles & Flooring,pcs,841,INR,Tata,10k catalog row 7131
LRG-07132,Bulk SKU 7132,Electrical Supplies,pcs,842,INR,Kajaria,10k catalog row 7132
LRG-07133,Bulk SKU 7133,Plumbing & HVAC,pcs,843,INR,Havells,10k catalog row 7133
LRG-07134,Bulk SKU 7134,Paint & Finishes,pcs,844,INR,Jaquar,10k catalog row 7134
LRG-07135,Bulk SKU 7135,Building Materials,pcs,845,INR,Asian Paints,10k catalog row 7135
LRG-07136,Bulk SKU 7136,Lighting & Fixtures,pcs,846,INR,Bosch,10k catalog row 7136
LRG-07137,Bulk SKU 7137,Timber & Wood,pcs,847,INR,3M,10k catalog row 7137
LRG-07138,Bulk SKU 7138,Glass & Aluminium,pcs,848,INR,Jindal,10k catalog row 7138
LRG-07139,Bulk SKU 7139,Sanitary Ware,pcs,849,INR,Saint-Gobain,10k catalog row 7139
LRG-07140,Bulk SKU 7140,Steel & Metal,pcs,850,INR,UltraTech,10k catalog row 7140
LRG-07141,Bulk SKU 7141,Tiles & Flooring,pcs,851,INR,Tata,10k catalog row 7141
LRG-07142,Bulk SKU 7142,Electrical Supplies,pcs,852,INR,Kajaria,10k catalog row 7142
LRG-07143,Bulk SKU 7143,Plumbing & HVAC,pcs,853,INR,Havells,10k catalog row 7143
LRG-07144,Bulk SKU 7144,Paint & Finishes,pcs,854,INR,Jaquar,10k catalog row 7144
LRG-07145,Bulk SKU 7145,Building Materials,pcs,855,INR,Asian Paints,10k catalog row 7145
LRG-07146,Bulk SKU 7146,Lighting & Fixtures,pcs,856,INR,Bosch,10k catalog row 7146
LRG-07147,Bulk SKU 7147,Timber & Wood,pcs,857,INR,3M,10k catalog row 7147
LRG-07148,Bulk SKU 7148,Glass & Aluminium,pcs,858,INR,Jindal,10k catalog row 7148
LRG-07149,Bulk SKU 7149,Sanitary Ware,pcs,859,INR,Saint-Gobain,10k catalog row 7149
LRG-07150,Bulk SKU 7150,Steel & Metal,pcs,860,INR,UltraTech,10k catalog row 7150
LRG-07151,Bulk SKU 7151,Tiles & Flooring,pcs,861,INR,Tata,10k catalog row 7151
LRG-07152,Bulk SKU 7152,Electrical Supplies,pcs,862,INR,Kajaria,10k catalog row 7152
LRG-07153,Bulk SKU 7153,Plumbing & HVAC,pcs,863,INR,Havells,10k catalog row 7153
LRG-07154,Bulk SKU 7154,Paint & Finishes,pcs,864,INR,Jaquar,10k catalog row 7154
LRG-07155,Bulk SKU 7155,Building Materials,pcs,865,INR,Asian Paints,10k catalog row 7155
LRG-07156,Bulk SKU 7156,Lighting & Fixtures,pcs,866,INR,Bosch,10k catalog row 7156
LRG-07157,Bulk SKU 7157,Timber & Wood,pcs,867,INR,3M,10k catalog row 7157
LRG-07158,Bulk SKU 7158,Glass & Aluminium,pcs,868,INR,Jindal,10k catalog row 7158
LRG-07159,Bulk SKU 7159,Sanitary Ware,pcs,869,INR,Saint-Gobain,10k catalog row 7159
LRG-07160,Bulk SKU 7160,Steel & Metal,pcs,870,INR,UltraTech,10k catalog row 7160
LRG-07161,Bulk SKU 7161,Tiles & Flooring,pcs,871,INR,Tata,10k catalog row 7161
LRG-07162,Bulk SKU 7162,Electrical Supplies,pcs,872,INR,Kajaria,10k catalog row 7162
LRG-07163,Bulk SKU 7163,Plumbing & HVAC,pcs,873,INR,Havells,10k catalog row 7163
LRG-07164,Bulk SKU 7164,Paint & Finishes,pcs,874,INR,Jaquar,10k catalog row 7164
LRG-07165,Bulk SKU 7165,Building Materials,pcs,875,INR,Asian Paints,10k catalog row 7165
LRG-07166,Bulk SKU 7166,Lighting & Fixtures,pcs,876,INR,Bosch,10k catalog row 7166
LRG-07167,Bulk SKU 7167,Timber & Wood,pcs,877,INR,3M,10k catalog row 7167
LRG-07168,Bulk SKU 7168,Glass & Aluminium,pcs,878,INR,Jindal,10k catalog row 7168
LRG-07169,Bulk SKU 7169,Sanitary Ware,pcs,879,INR,Saint-Gobain,10k catalog row 7169
LRG-07170,Bulk SKU 7170,Steel & Metal,pcs,880,INR,UltraTech,10k catalog row 7170
LRG-07171,Bulk SKU 7171,Tiles & Flooring,pcs,881,INR,Tata,10k catalog row 7171
LRG-07172,Bulk SKU 7172,Electrical Supplies,pcs,882,INR,Kajaria,10k catalog row 7172
LRG-07173,Bulk SKU 7173,Plumbing & HVAC,pcs,883,INR,Havells,10k catalog row 7173
LRG-07174,Bulk SKU 7174,Paint & Finishes,pcs,884,INR,Jaquar,10k catalog row 7174
LRG-07175,Bulk SKU 7175,Building Materials,pcs,885,INR,Asian Paints,10k catalog row 7175
LRG-07176,Bulk SKU 7176,Lighting & Fixtures,pcs,886,INR,Bosch,10k catalog row 7176
LRG-07177,Bulk SKU 7177,Timber & Wood,pcs,887,INR,3M,10k catalog row 7177
LRG-07178,Bulk SKU 7178,Glass & Aluminium,pcs,888,INR,Jindal,10k catalog row 7178
LRG-07179,Bulk SKU 7179,Sanitary Ware,pcs,889,INR,Saint-Gobain,10k catalog row 7179
LRG-07180,Bulk SKU 7180,Steel & Metal,pcs,890,INR,UltraTech,10k catalog row 7180
LRG-07181,Bulk SKU 7181,Tiles & Flooring,pcs,891,INR,Tata,10k catalog row 7181
LRG-07182,Bulk SKU 7182,Electrical Supplies,pcs,892,INR,Kajaria,10k catalog row 7182
LRG-07183,Bulk SKU 7183,Plumbing & HVAC,pcs,893,INR,Havells,10k catalog row 7183
LRG-07184,Bulk SKU 7184,Paint & Finishes,pcs,894,INR,Jaquar,10k catalog row 7184
LRG-07185,Bulk SKU 7185,Building Materials,pcs,895,INR,Asian Paints,10k catalog row 7185
LRG-07186,Bulk SKU 7186,Lighting & Fixtures,pcs,896,INR,Bosch,10k catalog row 7186
LRG-07187,Bulk SKU 7187,Timber & Wood,pcs,897,INR,3M,10k catalog row 7187
LRG-07188,Bulk SKU 7188,Glass & Aluminium,pcs,898,INR,Jindal,10k catalog row 7188
LRG-07189,Bulk SKU 7189,Sanitary Ware,pcs,899,INR,Saint-Gobain,10k catalog row 7189
LRG-07190,Bulk SKU 7190,Steel & Metal,pcs,900,INR,UltraTech,10k catalog row 7190
LRG-07191,Bulk SKU 7191,Tiles & Flooring,pcs,901,INR,Tata,10k catalog row 7191
LRG-07192,Bulk SKU 7192,Electrical Supplies,pcs,902,INR,Kajaria,10k catalog row 7192
LRG-07193,Bulk SKU 7193,Plumbing & HVAC,pcs,903,INR,Havells,10k catalog row 7193
LRG-07194,Bulk SKU 7194,Paint & Finishes,pcs,904,INR,Jaquar,10k catalog row 7194
LRG-07195,Bulk SKU 7195,Building Materials,pcs,905,INR,Asian Paints,10k catalog row 7195
LRG-07196,Bulk SKU 7196,Lighting & Fixtures,pcs,906,INR,Bosch,10k catalog row 7196
LRG-07197,Bulk SKU 7197,Timber & Wood,pcs,907,INR,3M,10k catalog row 7197
LRG-07198,Bulk SKU 7198,Glass & Aluminium,pcs,908,INR,Jindal,10k catalog row 7198
LRG-07199,Bulk SKU 7199,Sanitary Ware,pcs,909,INR,Saint-Gobain,10k catalog row 7199
LRG-07200,Bulk SKU 7200,Steel & Metal,pcs,10,INR,UltraTech,10k catalog row 7200
LRG-07201,Bulk SKU 7201,Tiles & Flooring,pcs,11,INR,Tata,10k catalog row 7201
LRG-07202,Bulk SKU 7202,Electrical Supplies,pcs,12,INR,Kajaria,10k catalog row 7202
LRG-07203,Bulk SKU 7203,Plumbing & HVAC,pcs,13,INR,Havells,10k catalog row 7203
LRG-07204,Bulk SKU 7204,Paint & Finishes,pcs,14,INR,Jaquar,10k catalog row 7204
LRG-07205,Bulk SKU 7205,Building Materials,pcs,15,INR,Asian Paints,10k catalog row 7205
LRG-07206,Bulk SKU 7206,Lighting & Fixtures,pcs,16,INR,Bosch,10k catalog row 7206
LRG-07207,Bulk SKU 7207,Timber & Wood,pcs,17,INR,3M,10k catalog row 7207
LRG-07208,Bulk SKU 7208,Glass & Aluminium,pcs,18,INR,Jindal,10k catalog row 7208
LRG-07209,Bulk SKU 7209,Sanitary Ware,pcs,19,INR,Saint-Gobain,10k catalog row 7209
LRG-07210,Bulk SKU 7210,Steel & Metal,pcs,20,INR,UltraTech,10k catalog row 7210
LRG-07211,Bulk SKU 7211,Tiles & Flooring,pcs,21,INR,Tata,10k catalog row 7211
LRG-07212,Bulk SKU 7212,Electrical Supplies,pcs,22,INR,Kajaria,10k catalog row 7212
LRG-07213,Bulk SKU 7213,Plumbing & HVAC,pcs,23,INR,Havells,10k catalog row 7213
LRG-07214,Bulk SKU 7214,Paint & Finishes,pcs,24,INR,Jaquar,10k catalog row 7214
LRG-07215,Bulk SKU 7215,Building Materials,pcs,25,INR,Asian Paints,10k catalog row 7215
LRG-07216,Bulk SKU 7216,Lighting & Fixtures,pcs,26,INR,Bosch,10k catalog row 7216
LRG-07217,Bulk SKU 7217,Timber & Wood,pcs,27,INR,3M,10k catalog row 7217
LRG-07218,Bulk SKU 7218,Glass & Aluminium,pcs,28,INR,Jindal,10k catalog row 7218
LRG-07219,Bulk SKU 7219,Sanitary Ware,pcs,29,INR,Saint-Gobain,10k catalog row 7219
LRG-07220,Bulk SKU 7220,Steel & Metal,pcs,30,INR,UltraTech,10k catalog row 7220
LRG-07221,Bulk SKU 7221,Tiles & Flooring,pcs,31,INR,Tata,10k catalog row 7221
LRG-07222,Bulk SKU 7222,Electrical Supplies,pcs,32,INR,Kajaria,10k catalog row 7222
LRG-07223,Bulk SKU 7223,Plumbing & HVAC,pcs,33,INR,Havells,10k catalog row 7223
LRG-07224,Bulk SKU 7224,Paint & Finishes,pcs,34,INR,Jaquar,10k catalog row 7224
LRG-07225,Bulk SKU 7225,Building Materials,pcs,35,INR,Asian Paints,10k catalog row 7225
LRG-07226,Bulk SKU 7226,Lighting & Fixtures,pcs,36,INR,Bosch,10k catalog row 7226
LRG-07227,Bulk SKU 7227,Timber & Wood,pcs,37,INR,3M,10k catalog row 7227
LRG-07228,Bulk SKU 7228,Glass & Aluminium,pcs,38,INR,Jindal,10k catalog row 7228
LRG-07229,Bulk SKU 7229,Sanitary Ware,pcs,39,INR,Saint-Gobain,10k catalog row 7229
LRG-07230,Bulk SKU 7230,Steel & Metal,pcs,40,INR,UltraTech,10k catalog row 7230
LRG-07231,Bulk SKU 7231,Tiles & Flooring,pcs,41,INR,Tata,10k catalog row 7231
LRG-07232,Bulk SKU 7232,Electrical Supplies,pcs,42,INR,Kajaria,10k catalog row 7232
LRG-07233,Bulk SKU 7233,Plumbing & HVAC,pcs,43,INR,Havells,10k catalog row 7233
LRG-07234,Bulk SKU 7234,Paint & Finishes,pcs,44,INR,Jaquar,10k catalog row 7234
LRG-07235,Bulk SKU 7235,Building Materials,pcs,45,INR,Asian Paints,10k catalog row 7235
LRG-07236,Bulk SKU 7236,Lighting & Fixtures,pcs,46,INR,Bosch,10k catalog row 7236
LRG-07237,Bulk SKU 7237,Timber & Wood,pcs,47,INR,3M,10k catalog row 7237
LRG-07238,Bulk SKU 7238,Glass & Aluminium,pcs,48,INR,Jindal,10k catalog row 7238
LRG-07239,Bulk SKU 7239,Sanitary Ware,pcs,49,INR,Saint-Gobain,10k catalog row 7239
LRG-07240,Bulk SKU 7240,Steel & Metal,pcs,50,INR,UltraTech,10k catalog row 7240
LRG-07241,Bulk SKU 7241,Tiles & Flooring,pcs,51,INR,Tata,10k catalog row 7241
LRG-07242,Bulk SKU 7242,Electrical Supplies,pcs,52,INR,Kajaria,10k catalog row 7242
LRG-07243,Bulk SKU 7243,Plumbing & HVAC,pcs,53,INR,Havells,10k catalog row 7243
LRG-07244,Bulk SKU 7244,Paint & Finishes,pcs,54,INR,Jaquar,10k catalog row 7244
LRG-07245,Bulk SKU 7245,Building Materials,pcs,55,INR,Asian Paints,10k catalog row 7245
LRG-07246,Bulk SKU 7246,Lighting & Fixtures,pcs,56,INR,Bosch,10k catalog row 7246
LRG-07247,Bulk SKU 7247,Timber & Wood,pcs,57,INR,3M,10k catalog row 7247
LRG-07248,Bulk SKU 7248,Glass & Aluminium,pcs,58,INR,Jindal,10k catalog row 7248
LRG-07249,Bulk SKU 7249,Sanitary Ware,pcs,59,INR,Saint-Gobain,10k catalog row 7249
LRG-07250,Bulk SKU 7250,Steel & Metal,pcs,60,INR,UltraTech,10k catalog row 7250
LRG-07251,Bulk SKU 7251,Tiles & Flooring,pcs,61,INR,Tata,10k catalog row 7251
LRG-07252,Bulk SKU 7252,Electrical Supplies,pcs,62,INR,Kajaria,10k catalog row 7252
LRG-07253,Bulk SKU 7253,Plumbing & HVAC,pcs,63,INR,Havells,10k catalog row 7253
LRG-07254,Bulk SKU 7254,Paint & Finishes,pcs,64,INR,Jaquar,10k catalog row 7254
LRG-07255,Bulk SKU 7255,Building Materials,pcs,65,INR,Asian Paints,10k catalog row 7255
LRG-07256,Bulk SKU 7256,Lighting & Fixtures,pcs,66,INR,Bosch,10k catalog row 7256
LRG-07257,Bulk SKU 7257,Timber & Wood,pcs,67,INR,3M,10k catalog row 7257
LRG-07258,Bulk SKU 7258,Glass & Aluminium,pcs,68,INR,Jindal,10k catalog row 7258
LRG-07259,Bulk SKU 7259,Sanitary Ware,pcs,69,INR,Saint-Gobain,10k catalog row 7259
LRG-07260,Bulk SKU 7260,Steel & Metal,pcs,70,INR,UltraTech,10k catalog row 7260
LRG-07261,Bulk SKU 7261,Tiles & Flooring,pcs,71,INR,Tata,10k catalog row 7261
LRG-07262,Bulk SKU 7262,Electrical Supplies,pcs,72,INR,Kajaria,10k catalog row 7262
LRG-07263,Bulk SKU 7263,Plumbing & HVAC,pcs,73,INR,Havells,10k catalog row 7263
LRG-07264,Bulk SKU 7264,Paint & Finishes,pcs,74,INR,Jaquar,10k catalog row 7264
LRG-07265,Bulk SKU 7265,Building Materials,pcs,75,INR,Asian Paints,10k catalog row 7265
LRG-07266,Bulk SKU 7266,Lighting & Fixtures,pcs,76,INR,Bosch,10k catalog row 7266
LRG-07267,Bulk SKU 7267,Timber & Wood,pcs,77,INR,3M,10k catalog row 7267
LRG-07268,Bulk SKU 7268,Glass & Aluminium,pcs,78,INR,Jindal,10k catalog row 7268
LRG-07269,Bulk SKU 7269,Sanitary Ware,pcs,79,INR,Saint-Gobain,10k catalog row 7269
LRG-07270,Bulk SKU 7270,Steel & Metal,pcs,80,INR,UltraTech,10k catalog row 7270
LRG-07271,Bulk SKU 7271,Tiles & Flooring,pcs,81,INR,Tata,10k catalog row 7271
LRG-07272,Bulk SKU 7272,Electrical Supplies,pcs,82,INR,Kajaria,10k catalog row 7272
LRG-07273,Bulk SKU 7273,Plumbing & HVAC,pcs,83,INR,Havells,10k catalog row 7273
LRG-07274,Bulk SKU 7274,Paint & Finishes,pcs,84,INR,Jaquar,10k catalog row 7274
LRG-07275,Bulk SKU 7275,Building Materials,pcs,85,INR,Asian Paints,10k catalog row 7275
LRG-07276,Bulk SKU 7276,Lighting & Fixtures,pcs,86,INR,Bosch,10k catalog row 7276
LRG-07277,Bulk SKU 7277,Timber & Wood,pcs,87,INR,3M,10k catalog row 7277
LRG-07278,Bulk SKU 7278,Glass & Aluminium,pcs,88,INR,Jindal,10k catalog row 7278
LRG-07279,Bulk SKU 7279,Sanitary Ware,pcs,89,INR,Saint-Gobain,10k catalog row 7279
LRG-07280,Bulk SKU 7280,Steel & Metal,pcs,90,INR,UltraTech,10k catalog row 7280
LRG-07281,Bulk SKU 7281,Tiles & Flooring,pcs,91,INR,Tata,10k catalog row 7281
LRG-07282,Bulk SKU 7282,Electrical Supplies,pcs,92,INR,Kajaria,10k catalog row 7282
LRG-07283,Bulk SKU 7283,Plumbing & HVAC,pcs,93,INR,Havells,10k catalog row 7283
LRG-07284,Bulk SKU 7284,Paint & Finishes,pcs,94,INR,Jaquar,10k catalog row 7284
LRG-07285,Bulk SKU 7285,Building Materials,pcs,95,INR,Asian Paints,10k catalog row 7285
LRG-07286,Bulk SKU 7286,Lighting & Fixtures,pcs,96,INR,Bosch,10k catalog row 7286
LRG-07287,Bulk SKU 7287,Timber & Wood,pcs,97,INR,3M,10k catalog row 7287
LRG-07288,Bulk SKU 7288,Glass & Aluminium,pcs,98,INR,Jindal,10k catalog row 7288
LRG-07289,Bulk SKU 7289,Sanitary Ware,pcs,99,INR,Saint-Gobain,10k catalog row 7289
LRG-07290,Bulk SKU 7290,Steel & Metal,pcs,100,INR,UltraTech,10k catalog row 7290
LRG-07291,Bulk SKU 7291,Tiles & Flooring,pcs,101,INR,Tata,10k catalog row 7291
LRG-07292,Bulk SKU 7292,Electrical Supplies,pcs,102,INR,Kajaria,10k catalog row 7292
LRG-07293,Bulk SKU 7293,Plumbing & HVAC,pcs,103,INR,Havells,10k catalog row 7293
LRG-07294,Bulk SKU 7294,Paint & Finishes,pcs,104,INR,Jaquar,10k catalog row 7294
LRG-07295,Bulk SKU 7295,Building Materials,pcs,105,INR,Asian Paints,10k catalog row 7295
LRG-07296,Bulk SKU 7296,Lighting & Fixtures,pcs,106,INR,Bosch,10k catalog row 7296
LRG-07297,Bulk SKU 7297,Timber & Wood,pcs,107,INR,3M,10k catalog row 7297
LRG-07298,Bulk SKU 7298,Glass & Aluminium,pcs,108,INR,Jindal,10k catalog row 7298
LRG-07299,Bulk SKU 7299,Sanitary Ware,pcs,109,INR,Saint-Gobain,10k catalog row 7299
LRG-07300,Bulk SKU 7300,Steel & Metal,pcs,110,INR,UltraTech,10k catalog row 7300
LRG-07301,Bulk SKU 7301,Tiles & Flooring,pcs,111,INR,Tata,10k catalog row 7301
LRG-07302,Bulk SKU 7302,Electrical Supplies,pcs,112,INR,Kajaria,10k catalog row 7302
LRG-07303,Bulk SKU 7303,Plumbing & HVAC,pcs,113,INR,Havells,10k catalog row 7303
LRG-07304,Bulk SKU 7304,Paint & Finishes,pcs,114,INR,Jaquar,10k catalog row 7304
LRG-07305,Bulk SKU 7305,Building Materials,pcs,115,INR,Asian Paints,10k catalog row 7305
LRG-07306,Bulk SKU 7306,Lighting & Fixtures,pcs,116,INR,Bosch,10k catalog row 7306
LRG-07307,Bulk SKU 7307,Timber & Wood,pcs,117,INR,3M,10k catalog row 7307
LRG-07308,Bulk SKU 7308,Glass & Aluminium,pcs,118,INR,Jindal,10k catalog row 7308
LRG-07309,Bulk SKU 7309,Sanitary Ware,pcs,119,INR,Saint-Gobain,10k catalog row 7309
LRG-07310,Bulk SKU 7310,Steel & Metal,pcs,120,INR,UltraTech,10k catalog row 7310
LRG-07311,Bulk SKU 7311,Tiles & Flooring,pcs,121,INR,Tata,10k catalog row 7311
LRG-07312,Bulk SKU 7312,Electrical Supplies,pcs,122,INR,Kajaria,10k catalog row 7312
LRG-07313,Bulk SKU 7313,Plumbing & HVAC,pcs,123,INR,Havells,10k catalog row 7313
LRG-07314,Bulk SKU 7314,Paint & Finishes,pcs,124,INR,Jaquar,10k catalog row 7314
LRG-07315,Bulk SKU 7315,Building Materials,pcs,125,INR,Asian Paints,10k catalog row 7315
LRG-07316,Bulk SKU 7316,Lighting & Fixtures,pcs,126,INR,Bosch,10k catalog row 7316
LRG-07317,Bulk SKU 7317,Timber & Wood,pcs,127,INR,3M,10k catalog row 7317
LRG-07318,Bulk SKU 7318,Glass & Aluminium,pcs,128,INR,Jindal,10k catalog row 7318
LRG-07319,Bulk SKU 7319,Sanitary Ware,pcs,129,INR,Saint-Gobain,10k catalog row 7319
LRG-07320,Bulk SKU 7320,Steel & Metal,pcs,130,INR,UltraTech,10k catalog row 7320
LRG-07321,Bulk SKU 7321,Tiles & Flooring,pcs,131,INR,Tata,10k catalog row 7321
LRG-07322,Bulk SKU 7322,Electrical Supplies,pcs,132,INR,Kajaria,10k catalog row 7322
LRG-07323,Bulk SKU 7323,Plumbing & HVAC,pcs,133,INR,Havells,10k catalog row 7323
LRG-07324,Bulk SKU 7324,Paint & Finishes,pcs,134,INR,Jaquar,10k catalog row 7324
LRG-07325,Bulk SKU 7325,Building Materials,pcs,135,INR,Asian Paints,10k catalog row 7325
LRG-07326,Bulk SKU 7326,Lighting & Fixtures,pcs,136,INR,Bosch,10k catalog row 7326
LRG-07327,Bulk SKU 7327,Timber & Wood,pcs,137,INR,3M,10k catalog row 7327
LRG-07328,Bulk SKU 7328,Glass & Aluminium,pcs,138,INR,Jindal,10k catalog row 7328
LRG-07329,Bulk SKU 7329,Sanitary Ware,pcs,139,INR,Saint-Gobain,10k catalog row 7329
LRG-07330,Bulk SKU 7330,Steel & Metal,pcs,140,INR,UltraTech,10k catalog row 7330
LRG-07331,Bulk SKU 7331,Tiles & Flooring,pcs,141,INR,Tata,10k catalog row 7331
LRG-07332,Bulk SKU 7332,Electrical Supplies,pcs,142,INR,Kajaria,10k catalog row 7332
LRG-07333,Bulk SKU 7333,Plumbing & HVAC,pcs,143,INR,Havells,10k catalog row 7333
LRG-07334,Bulk SKU 7334,Paint & Finishes,pcs,144,INR,Jaquar,10k catalog row 7334
LRG-07335,Bulk SKU 7335,Building Materials,pcs,145,INR,Asian Paints,10k catalog row 7335
LRG-07336,Bulk SKU 7336,Lighting & Fixtures,pcs,146,INR,Bosch,10k catalog row 7336
LRG-07337,Bulk SKU 7337,Timber & Wood,pcs,147,INR,3M,10k catalog row 7337
LRG-07338,Bulk SKU 7338,Glass & Aluminium,pcs,148,INR,Jindal,10k catalog row 7338
LRG-07339,Bulk SKU 7339,Sanitary Ware,pcs,149,INR,Saint-Gobain,10k catalog row 7339
LRG-07340,Bulk SKU 7340,Steel & Metal,pcs,150,INR,UltraTech,10k catalog row 7340
LRG-07341,Bulk SKU 7341,Tiles & Flooring,pcs,151,INR,Tata,10k catalog row 7341
LRG-07342,Bulk SKU 7342,Electrical Supplies,pcs,152,INR,Kajaria,10k catalog row 7342
LRG-07343,Bulk SKU 7343,Plumbing & HVAC,pcs,153,INR,Havells,10k catalog row 7343
LRG-07344,Bulk SKU 7344,Paint & Finishes,pcs,154,INR,Jaquar,10k catalog row 7344
LRG-07345,Bulk SKU 7345,Building Materials,pcs,155,INR,Asian Paints,10k catalog row 7345
LRG-07346,Bulk SKU 7346,Lighting & Fixtures,pcs,156,INR,Bosch,10k catalog row 7346
LRG-07347,Bulk SKU 7347,Timber & Wood,pcs,157,INR,3M,10k catalog row 7347
LRG-07348,Bulk SKU 7348,Glass & Aluminium,pcs,158,INR,Jindal,10k catalog row 7348
LRG-07349,Bulk SKU 7349,Sanitary Ware,pcs,159,INR,Saint-Gobain,10k catalog row 7349
LRG-07350,Bulk SKU 7350,Steel & Metal,pcs,160,INR,UltraTech,10k catalog row 7350
LRG-07351,Bulk SKU 7351,Tiles & Flooring,pcs,161,INR,Tata,10k catalog row 7351
LRG-07352,Bulk SKU 7352,Electrical Supplies,pcs,162,INR,Kajaria,10k catalog row 7352
LRG-07353,Bulk SKU 7353,Plumbing & HVAC,pcs,163,INR,Havells,10k catalog row 7353
LRG-07354,Bulk SKU 7354,Paint & Finishes,pcs,164,INR,Jaquar,10k catalog row 7354
LRG-07355,Bulk SKU 7355,Building Materials,pcs,165,INR,Asian Paints,10k catalog row 7355
LRG-07356,Bulk SKU 7356,Lighting & Fixtures,pcs,166,INR,Bosch,10k catalog row 7356
LRG-07357,Bulk SKU 7357,Timber & Wood,pcs,167,INR,3M,10k catalog row 7357
LRG-07358,Bulk SKU 7358,Glass & Aluminium,pcs,168,INR,Jindal,10k catalog row 7358
LRG-07359,Bulk SKU 7359,Sanitary Ware,pcs,169,INR,Saint-Gobain,10k catalog row 7359
LRG-07360,Bulk SKU 7360,Steel & Metal,pcs,170,INR,UltraTech,10k catalog row 7360
LRG-07361,Bulk SKU 7361,Tiles & Flooring,pcs,171,INR,Tata,10k catalog row 7361
LRG-07362,Bulk SKU 7362,Electrical Supplies,pcs,172,INR,Kajaria,10k catalog row 7362
LRG-07363,Bulk SKU 7363,Plumbing & HVAC,pcs,173,INR,Havells,10k catalog row 7363
LRG-07364,Bulk SKU 7364,Paint & Finishes,pcs,174,INR,Jaquar,10k catalog row 7364
LRG-07365,Bulk SKU 7365,Building Materials,pcs,175,INR,Asian Paints,10k catalog row 7365
LRG-07366,Bulk SKU 7366,Lighting & Fixtures,pcs,176,INR,Bosch,10k catalog row 7366
LRG-07367,Bulk SKU 7367,Timber & Wood,pcs,177,INR,3M,10k catalog row 7367
LRG-07368,Bulk SKU 7368,Glass & Aluminium,pcs,178,INR,Jindal,10k catalog row 7368
LRG-07369,Bulk SKU 7369,Sanitary Ware,pcs,179,INR,Saint-Gobain,10k catalog row 7369
LRG-07370,Bulk SKU 7370,Steel & Metal,pcs,180,INR,UltraTech,10k catalog row 7370
LRG-07371,Bulk SKU 7371,Tiles & Flooring,pcs,181,INR,Tata,10k catalog row 7371
LRG-07372,Bulk SKU 7372,Electrical Supplies,pcs,182,INR,Kajaria,10k catalog row 7372
LRG-07373,Bulk SKU 7373,Plumbing & HVAC,pcs,183,INR,Havells,10k catalog row 7373
LRG-07374,Bulk SKU 7374,Paint & Finishes,pcs,184,INR,Jaquar,10k catalog row 7374
LRG-07375,Bulk SKU 7375,Building Materials,pcs,185,INR,Asian Paints,10k catalog row 7375
LRG-07376,Bulk SKU 7376,Lighting & Fixtures,pcs,186,INR,Bosch,10k catalog row 7376
LRG-07377,Bulk SKU 7377,Timber & Wood,pcs,187,INR,3M,10k catalog row 7377
LRG-07378,Bulk SKU 7378,Glass & Aluminium,pcs,188,INR,Jindal,10k catalog row 7378
LRG-07379,Bulk SKU 7379,Sanitary Ware,pcs,189,INR,Saint-Gobain,10k catalog row 7379
LRG-07380,Bulk SKU 7380,Steel & Metal,pcs,190,INR,UltraTech,10k catalog row 7380
LRG-07381,Bulk SKU 7381,Tiles & Flooring,pcs,191,INR,Tata,10k catalog row 7381
LRG-07382,Bulk SKU 7382,Electrical Supplies,pcs,192,INR,Kajaria,10k catalog row 7382
LRG-07383,Bulk SKU 7383,Plumbing & HVAC,pcs,193,INR,Havells,10k catalog row 7383
LRG-07384,Bulk SKU 7384,Paint & Finishes,pcs,194,INR,Jaquar,10k catalog row 7384
LRG-07385,Bulk SKU 7385,Building Materials,pcs,195,INR,Asian Paints,10k catalog row 7385
LRG-07386,Bulk SKU 7386,Lighting & Fixtures,pcs,196,INR,Bosch,10k catalog row 7386
LRG-07387,Bulk SKU 7387,Timber & Wood,pcs,197,INR,3M,10k catalog row 7387
LRG-07388,Bulk SKU 7388,Glass & Aluminium,pcs,198,INR,Jindal,10k catalog row 7388
LRG-07389,Bulk SKU 7389,Sanitary Ware,pcs,199,INR,Saint-Gobain,10k catalog row 7389
LRG-07390,Bulk SKU 7390,Steel & Metal,pcs,200,INR,UltraTech,10k catalog row 7390
LRG-07391,Bulk SKU 7391,Tiles & Flooring,pcs,201,INR,Tata,10k catalog row 7391
LRG-07392,Bulk SKU 7392,Electrical Supplies,pcs,202,INR,Kajaria,10k catalog row 7392
LRG-07393,Bulk SKU 7393,Plumbing & HVAC,pcs,203,INR,Havells,10k catalog row 7393
LRG-07394,Bulk SKU 7394,Paint & Finishes,pcs,204,INR,Jaquar,10k catalog row 7394
LRG-07395,Bulk SKU 7395,Building Materials,pcs,205,INR,Asian Paints,10k catalog row 7395
LRG-07396,Bulk SKU 7396,Lighting & Fixtures,pcs,206,INR,Bosch,10k catalog row 7396
LRG-07397,Bulk SKU 7397,Timber & Wood,pcs,207,INR,3M,10k catalog row 7397
LRG-07398,Bulk SKU 7398,Glass & Aluminium,pcs,208,INR,Jindal,10k catalog row 7398
LRG-07399,Bulk SKU 7399,Sanitary Ware,pcs,209,INR,Saint-Gobain,10k catalog row 7399
LRG-07400,Bulk SKU 7400,Steel & Metal,pcs,210,INR,UltraTech,10k catalog row 7400
LRG-07401,Bulk SKU 7401,Tiles & Flooring,pcs,211,INR,Tata,10k catalog row 7401
LRG-07402,Bulk SKU 7402,Electrical Supplies,pcs,212,INR,Kajaria,10k catalog row 7402
LRG-07403,Bulk SKU 7403,Plumbing & HVAC,pcs,213,INR,Havells,10k catalog row 7403
LRG-07404,Bulk SKU 7404,Paint & Finishes,pcs,214,INR,Jaquar,10k catalog row 7404
LRG-07405,Bulk SKU 7405,Building Materials,pcs,215,INR,Asian Paints,10k catalog row 7405
LRG-07406,Bulk SKU 7406,Lighting & Fixtures,pcs,216,INR,Bosch,10k catalog row 7406
LRG-07407,Bulk SKU 7407,Timber & Wood,pcs,217,INR,3M,10k catalog row 7407
LRG-07408,Bulk SKU 7408,Glass & Aluminium,pcs,218,INR,Jindal,10k catalog row 7408
LRG-07409,Bulk SKU 7409,Sanitary Ware,pcs,219,INR,Saint-Gobain,10k catalog row 7409
LRG-07410,Bulk SKU 7410,Steel & Metal,pcs,220,INR,UltraTech,10k catalog row 7410
LRG-07411,Bulk SKU 7411,Tiles & Flooring,pcs,221,INR,Tata,10k catalog row 7411
LRG-07412,Bulk SKU 7412,Electrical Supplies,pcs,222,INR,Kajaria,10k catalog row 7412
LRG-07413,Bulk SKU 7413,Plumbing & HVAC,pcs,223,INR,Havells,10k catalog row 7413
LRG-07414,Bulk SKU 7414,Paint & Finishes,pcs,224,INR,Jaquar,10k catalog row 7414
LRG-07415,Bulk SKU 7415,Building Materials,pcs,225,INR,Asian Paints,10k catalog row 7415
LRG-07416,Bulk SKU 7416,Lighting & Fixtures,pcs,226,INR,Bosch,10k catalog row 7416
LRG-07417,Bulk SKU 7417,Timber & Wood,pcs,227,INR,3M,10k catalog row 7417
LRG-07418,Bulk SKU 7418,Glass & Aluminium,pcs,228,INR,Jindal,10k catalog row 7418
LRG-07419,Bulk SKU 7419,Sanitary Ware,pcs,229,INR,Saint-Gobain,10k catalog row 7419
LRG-07420,Bulk SKU 7420,Steel & Metal,pcs,230,INR,UltraTech,10k catalog row 7420
LRG-07421,Bulk SKU 7421,Tiles & Flooring,pcs,231,INR,Tata,10k catalog row 7421
LRG-07422,Bulk SKU 7422,Electrical Supplies,pcs,232,INR,Kajaria,10k catalog row 7422
LRG-07423,Bulk SKU 7423,Plumbing & HVAC,pcs,233,INR,Havells,10k catalog row 7423
LRG-07424,Bulk SKU 7424,Paint & Finishes,pcs,234,INR,Jaquar,10k catalog row 7424
LRG-07425,Bulk SKU 7425,Building Materials,pcs,235,INR,Asian Paints,10k catalog row 7425
LRG-07426,Bulk SKU 7426,Lighting & Fixtures,pcs,236,INR,Bosch,10k catalog row 7426
LRG-07427,Bulk SKU 7427,Timber & Wood,pcs,237,INR,3M,10k catalog row 7427
LRG-07428,Bulk SKU 7428,Glass & Aluminium,pcs,238,INR,Jindal,10k catalog row 7428
LRG-07429,Bulk SKU 7429,Sanitary Ware,pcs,239,INR,Saint-Gobain,10k catalog row 7429
LRG-07430,Bulk SKU 7430,Steel & Metal,pcs,240,INR,UltraTech,10k catalog row 7430
LRG-07431,Bulk SKU 7431,Tiles & Flooring,pcs,241,INR,Tata,10k catalog row 7431
LRG-07432,Bulk SKU 7432,Electrical Supplies,pcs,242,INR,Kajaria,10k catalog row 7432
LRG-07433,Bulk SKU 7433,Plumbing & HVAC,pcs,243,INR,Havells,10k catalog row 7433
LRG-07434,Bulk SKU 7434,Paint & Finishes,pcs,244,INR,Jaquar,10k catalog row 7434
LRG-07435,Bulk SKU 7435,Building Materials,pcs,245,INR,Asian Paints,10k catalog row 7435
LRG-07436,Bulk SKU 7436,Lighting & Fixtures,pcs,246,INR,Bosch,10k catalog row 7436
LRG-07437,Bulk SKU 7437,Timber & Wood,pcs,247,INR,3M,10k catalog row 7437
LRG-07438,Bulk SKU 7438,Glass & Aluminium,pcs,248,INR,Jindal,10k catalog row 7438
LRG-07439,Bulk SKU 7439,Sanitary Ware,pcs,249,INR,Saint-Gobain,10k catalog row 7439
LRG-07440,Bulk SKU 7440,Steel & Metal,pcs,250,INR,UltraTech,10k catalog row 7440
LRG-07441,Bulk SKU 7441,Tiles & Flooring,pcs,251,INR,Tata,10k catalog row 7441
LRG-07442,Bulk SKU 7442,Electrical Supplies,pcs,252,INR,Kajaria,10k catalog row 7442
LRG-07443,Bulk SKU 7443,Plumbing & HVAC,pcs,253,INR,Havells,10k catalog row 7443
LRG-07444,Bulk SKU 7444,Paint & Finishes,pcs,254,INR,Jaquar,10k catalog row 7444
LRG-07445,Bulk SKU 7445,Building Materials,pcs,255,INR,Asian Paints,10k catalog row 7445
LRG-07446,Bulk SKU 7446,Lighting & Fixtures,pcs,256,INR,Bosch,10k catalog row 7446
LRG-07447,Bulk SKU 7447,Timber & Wood,pcs,257,INR,3M,10k catalog row 7447
LRG-07448,Bulk SKU 7448,Glass & Aluminium,pcs,258,INR,Jindal,10k catalog row 7448
LRG-07449,Bulk SKU 7449,Sanitary Ware,pcs,259,INR,Saint-Gobain,10k catalog row 7449
LRG-07450,Bulk SKU 7450,Steel & Metal,pcs,260,INR,UltraTech,10k catalog row 7450
LRG-07451,Bulk SKU 7451,Tiles & Flooring,pcs,261,INR,Tata,10k catalog row 7451
LRG-07452,Bulk SKU 7452,Electrical Supplies,pcs,262,INR,Kajaria,10k catalog row 7452
LRG-07453,Bulk SKU 7453,Plumbing & HVAC,pcs,263,INR,Havells,10k catalog row 7453
LRG-07454,Bulk SKU 7454,Paint & Finishes,pcs,264,INR,Jaquar,10k catalog row 7454
LRG-07455,Bulk SKU 7455,Building Materials,pcs,265,INR,Asian Paints,10k catalog row 7455
LRG-07456,Bulk SKU 7456,Lighting & Fixtures,pcs,266,INR,Bosch,10k catalog row 7456
LRG-07457,Bulk SKU 7457,Timber & Wood,pcs,267,INR,3M,10k catalog row 7457
LRG-07458,Bulk SKU 7458,Glass & Aluminium,pcs,268,INR,Jindal,10k catalog row 7458
LRG-07459,Bulk SKU 7459,Sanitary Ware,pcs,269,INR,Saint-Gobain,10k catalog row 7459
LRG-07460,Bulk SKU 7460,Steel & Metal,pcs,270,INR,UltraTech,10k catalog row 7460
LRG-07461,Bulk SKU 7461,Tiles & Flooring,pcs,271,INR,Tata,10k catalog row 7461
LRG-07462,Bulk SKU 7462,Electrical Supplies,pcs,272,INR,Kajaria,10k catalog row 7462
LRG-07463,Bulk SKU 7463,Plumbing & HVAC,pcs,273,INR,Havells,10k catalog row 7463
LRG-07464,Bulk SKU 7464,Paint & Finishes,pcs,274,INR,Jaquar,10k catalog row 7464
LRG-07465,Bulk SKU 7465,Building Materials,pcs,275,INR,Asian Paints,10k catalog row 7465
LRG-07466,Bulk SKU 7466,Lighting & Fixtures,pcs,276,INR,Bosch,10k catalog row 7466
LRG-07467,Bulk SKU 7467,Timber & Wood,pcs,277,INR,3M,10k catalog row 7467
LRG-07468,Bulk SKU 7468,Glass & Aluminium,pcs,278,INR,Jindal,10k catalog row 7468
LRG-07469,Bulk SKU 7469,Sanitary Ware,pcs,279,INR,Saint-Gobain,10k catalog row 7469
LRG-07470,Bulk SKU 7470,Steel & Metal,pcs,280,INR,UltraTech,10k catalog row 7470
LRG-07471,Bulk SKU 7471,Tiles & Flooring,pcs,281,INR,Tata,10k catalog row 7471
LRG-07472,Bulk SKU 7472,Electrical Supplies,pcs,282,INR,Kajaria,10k catalog row 7472
LRG-07473,Bulk SKU 7473,Plumbing & HVAC,pcs,283,INR,Havells,10k catalog row 7473
LRG-07474,Bulk SKU 7474,Paint & Finishes,pcs,284,INR,Jaquar,10k catalog row 7474
LRG-07475,Bulk SKU 7475,Building Materials,pcs,285,INR,Asian Paints,10k catalog row 7475
LRG-07476,Bulk SKU 7476,Lighting & Fixtures,pcs,286,INR,Bosch,10k catalog row 7476
LRG-07477,Bulk SKU 7477,Timber & Wood,pcs,287,INR,3M,10k catalog row 7477
LRG-07478,Bulk SKU 7478,Glass & Aluminium,pcs,288,INR,Jindal,10k catalog row 7478
LRG-07479,Bulk SKU 7479,Sanitary Ware,pcs,289,INR,Saint-Gobain,10k catalog row 7479
LRG-07480,Bulk SKU 7480,Steel & Metal,pcs,290,INR,UltraTech,10k catalog row 7480
LRG-07481,Bulk SKU 7481,Tiles & Flooring,pcs,291,INR,Tata,10k catalog row 7481
LRG-07482,Bulk SKU 7482,Electrical Supplies,pcs,292,INR,Kajaria,10k catalog row 7482
LRG-07483,Bulk SKU 7483,Plumbing & HVAC,pcs,293,INR,Havells,10k catalog row 7483
LRG-07484,Bulk SKU 7484,Paint & Finishes,pcs,294,INR,Jaquar,10k catalog row 7484
LRG-07485,Bulk SKU 7485,Building Materials,pcs,295,INR,Asian Paints,10k catalog row 7485
LRG-07486,Bulk SKU 7486,Lighting & Fixtures,pcs,296,INR,Bosch,10k catalog row 7486
LRG-07487,Bulk SKU 7487,Timber & Wood,pcs,297,INR,3M,10k catalog row 7487
LRG-07488,Bulk SKU 7488,Glass & Aluminium,pcs,298,INR,Jindal,10k catalog row 7488
LRG-07489,Bulk SKU 7489,Sanitary Ware,pcs,299,INR,Saint-Gobain,10k catalog row 7489
LRG-07490,Bulk SKU 7490,Steel & Metal,pcs,300,INR,UltraTech,10k catalog row 7490
LRG-07491,Bulk SKU 7491,Tiles & Flooring,pcs,301,INR,Tata,10k catalog row 7491
LRG-07492,Bulk SKU 7492,Electrical Supplies,pcs,302,INR,Kajaria,10k catalog row 7492
LRG-07493,Bulk SKU 7493,Plumbing & HVAC,pcs,303,INR,Havells,10k catalog row 7493
LRG-07494,Bulk SKU 7494,Paint & Finishes,pcs,304,INR,Jaquar,10k catalog row 7494
LRG-07495,Bulk SKU 7495,Building Materials,pcs,305,INR,Asian Paints,10k catalog row 7495
LRG-07496,Bulk SKU 7496,Lighting & Fixtures,pcs,306,INR,Bosch,10k catalog row 7496
LRG-07497,Bulk SKU 7497,Timber & Wood,pcs,307,INR,3M,10k catalog row 7497
LRG-07498,Bulk SKU 7498,Glass & Aluminium,pcs,308,INR,Jindal,10k catalog row 7498
LRG-07499,Bulk SKU 7499,Sanitary Ware,pcs,309,INR,Saint-Gobain,10k catalog row 7499
LRG-07500,Bulk SKU 7500,Steel & Metal,pcs,310,INR,UltraTech,10k catalog row 7500
LRG-07501,Bulk SKU 7501,Tiles & Flooring,pcs,311,INR,Tata,10k catalog row 7501
LRG-07502,Bulk SKU 7502,Electrical Supplies,pcs,312,INR,Kajaria,10k catalog row 7502
LRG-07503,Bulk SKU 7503,Plumbing & HVAC,pcs,313,INR,Havells,10k catalog row 7503
LRG-07504,Bulk SKU 7504,Paint & Finishes,pcs,314,INR,Jaquar,10k catalog row 7504
LRG-07505,Bulk SKU 7505,Building Materials,pcs,315,INR,Asian Paints,10k catalog row 7505
LRG-07506,Bulk SKU 7506,Lighting & Fixtures,pcs,316,INR,Bosch,10k catalog row 7506
LRG-07507,Bulk SKU 7507,Timber & Wood,pcs,317,INR,3M,10k catalog row 7507
LRG-07508,Bulk SKU 7508,Glass & Aluminium,pcs,318,INR,Jindal,10k catalog row 7508
LRG-07509,Bulk SKU 7509,Sanitary Ware,pcs,319,INR,Saint-Gobain,10k catalog row 7509
LRG-07510,Bulk SKU 7510,Steel & Metal,pcs,320,INR,UltraTech,10k catalog row 7510
LRG-07511,Bulk SKU 7511,Tiles & Flooring,pcs,321,INR,Tata,10k catalog row 7511
LRG-07512,Bulk SKU 7512,Electrical Supplies,pcs,322,INR,Kajaria,10k catalog row 7512
LRG-07513,Bulk SKU 7513,Plumbing & HVAC,pcs,323,INR,Havells,10k catalog row 7513
LRG-07514,Bulk SKU 7514,Paint & Finishes,pcs,324,INR,Jaquar,10k catalog row 7514
LRG-07515,Bulk SKU 7515,Building Materials,pcs,325,INR,Asian Paints,10k catalog row 7515
LRG-07516,Bulk SKU 7516,Lighting & Fixtures,pcs,326,INR,Bosch,10k catalog row 7516
LRG-07517,Bulk SKU 7517,Timber & Wood,pcs,327,INR,3M,10k catalog row 7517
LRG-07518,Bulk SKU 7518,Glass & Aluminium,pcs,328,INR,Jindal,10k catalog row 7518
LRG-07519,Bulk SKU 7519,Sanitary Ware,pcs,329,INR,Saint-Gobain,10k catalog row 7519
LRG-07520,Bulk SKU 7520,Steel & Metal,pcs,330,INR,UltraTech,10k catalog row 7520
LRG-07521,Bulk SKU 7521,Tiles & Flooring,pcs,331,INR,Tata,10k catalog row 7521
LRG-07522,Bulk SKU 7522,Electrical Supplies,pcs,332,INR,Kajaria,10k catalog row 7522
LRG-07523,Bulk SKU 7523,Plumbing & HVAC,pcs,333,INR,Havells,10k catalog row 7523
LRG-07524,Bulk SKU 7524,Paint & Finishes,pcs,334,INR,Jaquar,10k catalog row 7524
LRG-07525,Bulk SKU 7525,Building Materials,pcs,335,INR,Asian Paints,10k catalog row 7525
LRG-07526,Bulk SKU 7526,Lighting & Fixtures,pcs,336,INR,Bosch,10k catalog row 7526
LRG-07527,Bulk SKU 7527,Timber & Wood,pcs,337,INR,3M,10k catalog row 7527
LRG-07528,Bulk SKU 7528,Glass & Aluminium,pcs,338,INR,Jindal,10k catalog row 7528
LRG-07529,Bulk SKU 7529,Sanitary Ware,pcs,339,INR,Saint-Gobain,10k catalog row 7529
LRG-07530,Bulk SKU 7530,Steel & Metal,pcs,340,INR,UltraTech,10k catalog row 7530
LRG-07531,Bulk SKU 7531,Tiles & Flooring,pcs,341,INR,Tata,10k catalog row 7531
LRG-07532,Bulk SKU 7532,Electrical Supplies,pcs,342,INR,Kajaria,10k catalog row 7532
LRG-07533,Bulk SKU 7533,Plumbing & HVAC,pcs,343,INR,Havells,10k catalog row 7533
LRG-07534,Bulk SKU 7534,Paint & Finishes,pcs,344,INR,Jaquar,10k catalog row 7534
LRG-07535,Bulk SKU 7535,Building Materials,pcs,345,INR,Asian Paints,10k catalog row 7535
LRG-07536,Bulk SKU 7536,Lighting & Fixtures,pcs,346,INR,Bosch,10k catalog row 7536
LRG-07537,Bulk SKU 7537,Timber & Wood,pcs,347,INR,3M,10k catalog row 7537
LRG-07538,Bulk SKU 7538,Glass & Aluminium,pcs,348,INR,Jindal,10k catalog row 7538
LRG-07539,Bulk SKU 7539,Sanitary Ware,pcs,349,INR,Saint-Gobain,10k catalog row 7539
LRG-07540,Bulk SKU 7540,Steel & Metal,pcs,350,INR,UltraTech,10k catalog row 7540
LRG-07541,Bulk SKU 7541,Tiles & Flooring,pcs,351,INR,Tata,10k catalog row 7541
LRG-07542,Bulk SKU 7542,Electrical Supplies,pcs,352,INR,Kajaria,10k catalog row 7542
LRG-07543,Bulk SKU 7543,Plumbing & HVAC,pcs,353,INR,Havells,10k catalog row 7543
LRG-07544,Bulk SKU 7544,Paint & Finishes,pcs,354,INR,Jaquar,10k catalog row 7544
LRG-07545,Bulk SKU 7545,Building Materials,pcs,355,INR,Asian Paints,10k catalog row 7545
LRG-07546,Bulk SKU 7546,Lighting & Fixtures,pcs,356,INR,Bosch,10k catalog row 7546
LRG-07547,Bulk SKU 7547,Timber & Wood,pcs,357,INR,3M,10k catalog row 7547
LRG-07548,Bulk SKU 7548,Glass & Aluminium,pcs,358,INR,Jindal,10k catalog row 7548
LRG-07549,Bulk SKU 7549,Sanitary Ware,pcs,359,INR,Saint-Gobain,10k catalog row 7549
LRG-07550,Bulk SKU 7550,Steel & Metal,pcs,360,INR,UltraTech,10k catalog row 7550
LRG-07551,Bulk SKU 7551,Tiles & Flooring,pcs,361,INR,Tata,10k catalog row 7551
LRG-07552,Bulk SKU 7552,Electrical Supplies,pcs,362,INR,Kajaria,10k catalog row 7552
LRG-07553,Bulk SKU 7553,Plumbing & HVAC,pcs,363,INR,Havells,10k catalog row 7553
LRG-07554,Bulk SKU 7554,Paint & Finishes,pcs,364,INR,Jaquar,10k catalog row 7554
LRG-07555,Bulk SKU 7555,Building Materials,pcs,365,INR,Asian Paints,10k catalog row 7555
LRG-07556,Bulk SKU 7556,Lighting & Fixtures,pcs,366,INR,Bosch,10k catalog row 7556
LRG-07557,Bulk SKU 7557,Timber & Wood,pcs,367,INR,3M,10k catalog row 7557
LRG-07558,Bulk SKU 7558,Glass & Aluminium,pcs,368,INR,Jindal,10k catalog row 7558
LRG-07559,Bulk SKU 7559,Sanitary Ware,pcs,369,INR,Saint-Gobain,10k catalog row 7559
LRG-07560,Bulk SKU 7560,Steel & Metal,pcs,370,INR,UltraTech,10k catalog row 7560
LRG-07561,Bulk SKU 7561,Tiles & Flooring,pcs,371,INR,Tata,10k catalog row 7561
LRG-07562,Bulk SKU 7562,Electrical Supplies,pcs,372,INR,Kajaria,10k catalog row 7562
LRG-07563,Bulk SKU 7563,Plumbing & HVAC,pcs,373,INR,Havells,10k catalog row 7563
LRG-07564,Bulk SKU 7564,Paint & Finishes,pcs,374,INR,Jaquar,10k catalog row 7564
LRG-07565,Bulk SKU 7565,Building Materials,pcs,375,INR,Asian Paints,10k catalog row 7565
LRG-07566,Bulk SKU 7566,Lighting & Fixtures,pcs,376,INR,Bosch,10k catalog row 7566
LRG-07567,Bulk SKU 7567,Timber & Wood,pcs,377,INR,3M,10k catalog row 7567
LRG-07568,Bulk SKU 7568,Glass & Aluminium,pcs,378,INR,Jindal,10k catalog row 7568
LRG-07569,Bulk SKU 7569,Sanitary Ware,pcs,379,INR,Saint-Gobain,10k catalog row 7569
LRG-07570,Bulk SKU 7570,Steel & Metal,pcs,380,INR,UltraTech,10k catalog row 7570
LRG-07571,Bulk SKU 7571,Tiles & Flooring,pcs,381,INR,Tata,10k catalog row 7571
LRG-07572,Bulk SKU 7572,Electrical Supplies,pcs,382,INR,Kajaria,10k catalog row 7572
LRG-07573,Bulk SKU 7573,Plumbing & HVAC,pcs,383,INR,Havells,10k catalog row 7573
LRG-07574,Bulk SKU 7574,Paint & Finishes,pcs,384,INR,Jaquar,10k catalog row 7574
LRG-07575,Bulk SKU 7575,Building Materials,pcs,385,INR,Asian Paints,10k catalog row 7575
LRG-07576,Bulk SKU 7576,Lighting & Fixtures,pcs,386,INR,Bosch,10k catalog row 7576
LRG-07577,Bulk SKU 7577,Timber & Wood,pcs,387,INR,3M,10k catalog row 7577
LRG-07578,Bulk SKU 7578,Glass & Aluminium,pcs,388,INR,Jindal,10k catalog row 7578
LRG-07579,Bulk SKU 7579,Sanitary Ware,pcs,389,INR,Saint-Gobain,10k catalog row 7579
LRG-07580,Bulk SKU 7580,Steel & Metal,pcs,390,INR,UltraTech,10k catalog row 7580
LRG-07581,Bulk SKU 7581,Tiles & Flooring,pcs,391,INR,Tata,10k catalog row 7581
LRG-07582,Bulk SKU 7582,Electrical Supplies,pcs,392,INR,Kajaria,10k catalog row 7582
LRG-07583,Bulk SKU 7583,Plumbing & HVAC,pcs,393,INR,Havells,10k catalog row 7583
LRG-07584,Bulk SKU 7584,Paint & Finishes,pcs,394,INR,Jaquar,10k catalog row 7584
LRG-07585,Bulk SKU 7585,Building Materials,pcs,395,INR,Asian Paints,10k catalog row 7585
LRG-07586,Bulk SKU 7586,Lighting & Fixtures,pcs,396,INR,Bosch,10k catalog row 7586
LRG-07587,Bulk SKU 7587,Timber & Wood,pcs,397,INR,3M,10k catalog row 7587
LRG-07588,Bulk SKU 7588,Glass & Aluminium,pcs,398,INR,Jindal,10k catalog row 7588
LRG-07589,Bulk SKU 7589,Sanitary Ware,pcs,399,INR,Saint-Gobain,10k catalog row 7589
LRG-07590,Bulk SKU 7590,Steel & Metal,pcs,400,INR,UltraTech,10k catalog row 7590
LRG-07591,Bulk SKU 7591,Tiles & Flooring,pcs,401,INR,Tata,10k catalog row 7591
LRG-07592,Bulk SKU 7592,Electrical Supplies,pcs,402,INR,Kajaria,10k catalog row 7592
LRG-07593,Bulk SKU 7593,Plumbing & HVAC,pcs,403,INR,Havells,10k catalog row 7593
LRG-07594,Bulk SKU 7594,Paint & Finishes,pcs,404,INR,Jaquar,10k catalog row 7594
LRG-07595,Bulk SKU 7595,Building Materials,pcs,405,INR,Asian Paints,10k catalog row 7595
LRG-07596,Bulk SKU 7596,Lighting & Fixtures,pcs,406,INR,Bosch,10k catalog row 7596
LRG-07597,Bulk SKU 7597,Timber & Wood,pcs,407,INR,3M,10k catalog row 7597
LRG-07598,Bulk SKU 7598,Glass & Aluminium,pcs,408,INR,Jindal,10k catalog row 7598
LRG-07599,Bulk SKU 7599,Sanitary Ware,pcs,409,INR,Saint-Gobain,10k catalog row 7599
LRG-07600,Bulk SKU 7600,Steel & Metal,pcs,410,INR,UltraTech,10k catalog row 7600
LRG-07601,Bulk SKU 7601,Tiles & Flooring,pcs,411,INR,Tata,10k catalog row 7601
LRG-07602,Bulk SKU 7602,Electrical Supplies,pcs,412,INR,Kajaria,10k catalog row 7602
LRG-07603,Bulk SKU 7603,Plumbing & HVAC,pcs,413,INR,Havells,10k catalog row 7603
LRG-07604,Bulk SKU 7604,Paint & Finishes,pcs,414,INR,Jaquar,10k catalog row 7604
LRG-07605,Bulk SKU 7605,Building Materials,pcs,415,INR,Asian Paints,10k catalog row 7605
LRG-07606,Bulk SKU 7606,Lighting & Fixtures,pcs,416,INR,Bosch,10k catalog row 7606
LRG-07607,Bulk SKU 7607,Timber & Wood,pcs,417,INR,3M,10k catalog row 7607
LRG-07608,Bulk SKU 7608,Glass & Aluminium,pcs,418,INR,Jindal,10k catalog row 7608
LRG-07609,Bulk SKU 7609,Sanitary Ware,pcs,419,INR,Saint-Gobain,10k catalog row 7609
LRG-07610,Bulk SKU 7610,Steel & Metal,pcs,420,INR,UltraTech,10k catalog row 7610
LRG-07611,Bulk SKU 7611,Tiles & Flooring,pcs,421,INR,Tata,10k catalog row 7611
LRG-07612,Bulk SKU 7612,Electrical Supplies,pcs,422,INR,Kajaria,10k catalog row 7612
LRG-07613,Bulk SKU 7613,Plumbing & HVAC,pcs,423,INR,Havells,10k catalog row 7613
LRG-07614,Bulk SKU 7614,Paint & Finishes,pcs,424,INR,Jaquar,10k catalog row 7614
LRG-07615,Bulk SKU 7615,Building Materials,pcs,425,INR,Asian Paints,10k catalog row 7615
LRG-07616,Bulk SKU 7616,Lighting & Fixtures,pcs,426,INR,Bosch,10k catalog row 7616
LRG-07617,Bulk SKU 7617,Timber & Wood,pcs,427,INR,3M,10k catalog row 7617
LRG-07618,Bulk SKU 7618,Glass & Aluminium,pcs,428,INR,Jindal,10k catalog row 7618
LRG-07619,Bulk SKU 7619,Sanitary Ware,pcs,429,INR,Saint-Gobain,10k catalog row 7619
LRG-07620,Bulk SKU 7620,Steel & Metal,pcs,430,INR,UltraTech,10k catalog row 7620
LRG-07621,Bulk SKU 7621,Tiles & Flooring,pcs,431,INR,Tata,10k catalog row 7621
LRG-07622,Bulk SKU 7622,Electrical Supplies,pcs,432,INR,Kajaria,10k catalog row 7622
LRG-07623,Bulk SKU 7623,Plumbing & HVAC,pcs,433,INR,Havells,10k catalog row 7623
LRG-07624,Bulk SKU 7624,Paint & Finishes,pcs,434,INR,Jaquar,10k catalog row 7624
LRG-07625,Bulk SKU 7625,Building Materials,pcs,435,INR,Asian Paints,10k catalog row 7625
LRG-07626,Bulk SKU 7626,Lighting & Fixtures,pcs,436,INR,Bosch,10k catalog row 7626
LRG-07627,Bulk SKU 7627,Timber & Wood,pcs,437,INR,3M,10k catalog row 7627
LRG-07628,Bulk SKU 7628,Glass & Aluminium,pcs,438,INR,Jindal,10k catalog row 7628
LRG-07629,Bulk SKU 7629,Sanitary Ware,pcs,439,INR,Saint-Gobain,10k catalog row 7629
LRG-07630,Bulk SKU 7630,Steel & Metal,pcs,440,INR,UltraTech,10k catalog row 7630
LRG-07631,Bulk SKU 7631,Tiles & Flooring,pcs,441,INR,Tata,10k catalog row 7631
LRG-07632,Bulk SKU 7632,Electrical Supplies,pcs,442,INR,Kajaria,10k catalog row 7632
LRG-07633,Bulk SKU 7633,Plumbing & HVAC,pcs,443,INR,Havells,10k catalog row 7633
LRG-07634,Bulk SKU 7634,Paint & Finishes,pcs,444,INR,Jaquar,10k catalog row 7634
LRG-07635,Bulk SKU 7635,Building Materials,pcs,445,INR,Asian Paints,10k catalog row 7635
LRG-07636,Bulk SKU 7636,Lighting & Fixtures,pcs,446,INR,Bosch,10k catalog row 7636
LRG-07637,Bulk SKU 7637,Timber & Wood,pcs,447,INR,3M,10k catalog row 7637
LRG-07638,Bulk SKU 7638,Glass & Aluminium,pcs,448,INR,Jindal,10k catalog row 7638
LRG-07639,Bulk SKU 7639,Sanitary Ware,pcs,449,INR,Saint-Gobain,10k catalog row 7639
LRG-07640,Bulk SKU 7640,Steel & Metal,pcs,450,INR,UltraTech,10k catalog row 7640
LRG-07641,Bulk SKU 7641,Tiles & Flooring,pcs,451,INR,Tata,10k catalog row 7641
LRG-07642,Bulk SKU 7642,Electrical Supplies,pcs,452,INR,Kajaria,10k catalog row 7642
LRG-07643,Bulk SKU 7643,Plumbing & HVAC,pcs,453,INR,Havells,10k catalog row 7643
LRG-07644,Bulk SKU 7644,Paint & Finishes,pcs,454,INR,Jaquar,10k catalog row 7644
LRG-07645,Bulk SKU 7645,Building Materials,pcs,455,INR,Asian Paints,10k catalog row 7645
LRG-07646,Bulk SKU 7646,Lighting & Fixtures,pcs,456,INR,Bosch,10k catalog row 7646
LRG-07647,Bulk SKU 7647,Timber & Wood,pcs,457,INR,3M,10k catalog row 7647
LRG-07648,Bulk SKU 7648,Glass & Aluminium,pcs,458,INR,Jindal,10k catalog row 7648
LRG-07649,Bulk SKU 7649,Sanitary Ware,pcs,459,INR,Saint-Gobain,10k catalog row 7649
LRG-07650,Bulk SKU 7650,Steel & Metal,pcs,460,INR,UltraTech,10k catalog row 7650
LRG-07651,Bulk SKU 7651,Tiles & Flooring,pcs,461,INR,Tata,10k catalog row 7651
LRG-07652,Bulk SKU 7652,Electrical Supplies,pcs,462,INR,Kajaria,10k catalog row 7652
LRG-07653,Bulk SKU 7653,Plumbing & HVAC,pcs,463,INR,Havells,10k catalog row 7653
LRG-07654,Bulk SKU 7654,Paint & Finishes,pcs,464,INR,Jaquar,10k catalog row 7654
LRG-07655,Bulk SKU 7655,Building Materials,pcs,465,INR,Asian Paints,10k catalog row 7655
LRG-07656,Bulk SKU 7656,Lighting & Fixtures,pcs,466,INR,Bosch,10k catalog row 7656
LRG-07657,Bulk SKU 7657,Timber & Wood,pcs,467,INR,3M,10k catalog row 7657
LRG-07658,Bulk SKU 7658,Glass & Aluminium,pcs,468,INR,Jindal,10k catalog row 7658
LRG-07659,Bulk SKU 7659,Sanitary Ware,pcs,469,INR,Saint-Gobain,10k catalog row 7659
LRG-07660,Bulk SKU 7660,Steel & Metal,pcs,470,INR,UltraTech,10k catalog row 7660
LRG-07661,Bulk SKU 7661,Tiles & Flooring,pcs,471,INR,Tata,10k catalog row 7661
LRG-07662,Bulk SKU 7662,Electrical Supplies,pcs,472,INR,Kajaria,10k catalog row 7662
LRG-07663,Bulk SKU 7663,Plumbing & HVAC,pcs,473,INR,Havells,10k catalog row 7663
LRG-07664,Bulk SKU 7664,Paint & Finishes,pcs,474,INR,Jaquar,10k catalog row 7664
LRG-07665,Bulk SKU 7665,Building Materials,pcs,475,INR,Asian Paints,10k catalog row 7665
LRG-07666,Bulk SKU 7666,Lighting & Fixtures,pcs,476,INR,Bosch,10k catalog row 7666
LRG-07667,Bulk SKU 7667,Timber & Wood,pcs,477,INR,3M,10k catalog row 7667
LRG-07668,Bulk SKU 7668,Glass & Aluminium,pcs,478,INR,Jindal,10k catalog row 7668
LRG-07669,Bulk SKU 7669,Sanitary Ware,pcs,479,INR,Saint-Gobain,10k catalog row 7669
LRG-07670,Bulk SKU 7670,Steel & Metal,pcs,480,INR,UltraTech,10k catalog row 7670
LRG-07671,Bulk SKU 7671,Tiles & Flooring,pcs,481,INR,Tata,10k catalog row 7671
LRG-07672,Bulk SKU 7672,Electrical Supplies,pcs,482,INR,Kajaria,10k catalog row 7672
LRG-07673,Bulk SKU 7673,Plumbing & HVAC,pcs,483,INR,Havells,10k catalog row 7673
LRG-07674,Bulk SKU 7674,Paint & Finishes,pcs,484,INR,Jaquar,10k catalog row 7674
LRG-07675,Bulk SKU 7675,Building Materials,pcs,485,INR,Asian Paints,10k catalog row 7675
LRG-07676,Bulk SKU 7676,Lighting & Fixtures,pcs,486,INR,Bosch,10k catalog row 7676
LRG-07677,Bulk SKU 7677,Timber & Wood,pcs,487,INR,3M,10k catalog row 7677
LRG-07678,Bulk SKU 7678,Glass & Aluminium,pcs,488,INR,Jindal,10k catalog row 7678
LRG-07679,Bulk SKU 7679,Sanitary Ware,pcs,489,INR,Saint-Gobain,10k catalog row 7679
LRG-07680,Bulk SKU 7680,Steel & Metal,pcs,490,INR,UltraTech,10k catalog row 7680
LRG-07681,Bulk SKU 7681,Tiles & Flooring,pcs,491,INR,Tata,10k catalog row 7681
LRG-07682,Bulk SKU 7682,Electrical Supplies,pcs,492,INR,Kajaria,10k catalog row 7682
LRG-07683,Bulk SKU 7683,Plumbing & HVAC,pcs,493,INR,Havells,10k catalog row 7683
LRG-07684,Bulk SKU 7684,Paint & Finishes,pcs,494,INR,Jaquar,10k catalog row 7684
LRG-07685,Bulk SKU 7685,Building Materials,pcs,495,INR,Asian Paints,10k catalog row 7685
LRG-07686,Bulk SKU 7686,Lighting & Fixtures,pcs,496,INR,Bosch,10k catalog row 7686
LRG-07687,Bulk SKU 7687,Timber & Wood,pcs,497,INR,3M,10k catalog row 7687
LRG-07688,Bulk SKU 7688,Glass & Aluminium,pcs,498,INR,Jindal,10k catalog row 7688
LRG-07689,Bulk SKU 7689,Sanitary Ware,pcs,499,INR,Saint-Gobain,10k catalog row 7689
LRG-07690,Bulk SKU 7690,Steel & Metal,pcs,500,INR,UltraTech,10k catalog row 7690
LRG-07691,Bulk SKU 7691,Tiles & Flooring,pcs,501,INR,Tata,10k catalog row 7691
LRG-07692,Bulk SKU 7692,Electrical Supplies,pcs,502,INR,Kajaria,10k catalog row 7692
LRG-07693,Bulk SKU 7693,Plumbing & HVAC,pcs,503,INR,Havells,10k catalog row 7693
LRG-07694,Bulk SKU 7694,Paint & Finishes,pcs,504,INR,Jaquar,10k catalog row 7694
LRG-07695,Bulk SKU 7695,Building Materials,pcs,505,INR,Asian Paints,10k catalog row 7695
LRG-07696,Bulk SKU 7696,Lighting & Fixtures,pcs,506,INR,Bosch,10k catalog row 7696
LRG-07697,Bulk SKU 7697,Timber & Wood,pcs,507,INR,3M,10k catalog row 7697
LRG-07698,Bulk SKU 7698,Glass & Aluminium,pcs,508,INR,Jindal,10k catalog row 7698
LRG-07699,Bulk SKU 7699,Sanitary Ware,pcs,509,INR,Saint-Gobain,10k catalog row 7699
LRG-07700,Bulk SKU 7700,Steel & Metal,pcs,510,INR,UltraTech,10k catalog row 7700
LRG-07701,Bulk SKU 7701,Tiles & Flooring,pcs,511,INR,Tata,10k catalog row 7701
LRG-07702,Bulk SKU 7702,Electrical Supplies,pcs,512,INR,Kajaria,10k catalog row 7702
LRG-07703,Bulk SKU 7703,Plumbing & HVAC,pcs,513,INR,Havells,10k catalog row 7703
LRG-07704,Bulk SKU 7704,Paint & Finishes,pcs,514,INR,Jaquar,10k catalog row 7704
LRG-07705,Bulk SKU 7705,Building Materials,pcs,515,INR,Asian Paints,10k catalog row 7705
LRG-07706,Bulk SKU 7706,Lighting & Fixtures,pcs,516,INR,Bosch,10k catalog row 7706
LRG-07707,Bulk SKU 7707,Timber & Wood,pcs,517,INR,3M,10k catalog row 7707
LRG-07708,Bulk SKU 7708,Glass & Aluminium,pcs,518,INR,Jindal,10k catalog row 7708
LRG-07709,Bulk SKU 7709,Sanitary Ware,pcs,519,INR,Saint-Gobain,10k catalog row 7709
LRG-07710,Bulk SKU 7710,Steel & Metal,pcs,520,INR,UltraTech,10k catalog row 7710
LRG-07711,Bulk SKU 7711,Tiles & Flooring,pcs,521,INR,Tata,10k catalog row 7711
LRG-07712,Bulk SKU 7712,Electrical Supplies,pcs,522,INR,Kajaria,10k catalog row 7712
LRG-07713,Bulk SKU 7713,Plumbing & HVAC,pcs,523,INR,Havells,10k catalog row 7713
LRG-07714,Bulk SKU 7714,Paint & Finishes,pcs,524,INR,Jaquar,10k catalog row 7714
LRG-07715,Bulk SKU 7715,Building Materials,pcs,525,INR,Asian Paints,10k catalog row 7715
LRG-07716,Bulk SKU 7716,Lighting & Fixtures,pcs,526,INR,Bosch,10k catalog row 7716
LRG-07717,Bulk SKU 7717,Timber & Wood,pcs,527,INR,3M,10k catalog row 7717
LRG-07718,Bulk SKU 7718,Glass & Aluminium,pcs,528,INR,Jindal,10k catalog row 7718
LRG-07719,Bulk SKU 7719,Sanitary Ware,pcs,529,INR,Saint-Gobain,10k catalog row 7719
LRG-07720,Bulk SKU 7720,Steel & Metal,pcs,530,INR,UltraTech,10k catalog row 7720
LRG-07721,Bulk SKU 7721,Tiles & Flooring,pcs,531,INR,Tata,10k catalog row 7721
LRG-07722,Bulk SKU 7722,Electrical Supplies,pcs,532,INR,Kajaria,10k catalog row 7722
LRG-07723,Bulk SKU 7723,Plumbing & HVAC,pcs,533,INR,Havells,10k catalog row 7723
LRG-07724,Bulk SKU 7724,Paint & Finishes,pcs,534,INR,Jaquar,10k catalog row 7724
LRG-07725,Bulk SKU 7725,Building Materials,pcs,535,INR,Asian Paints,10k catalog row 7725
LRG-07726,Bulk SKU 7726,Lighting & Fixtures,pcs,536,INR,Bosch,10k catalog row 7726
LRG-07727,Bulk SKU 7727,Timber & Wood,pcs,537,INR,3M,10k catalog row 7727
LRG-07728,Bulk SKU 7728,Glass & Aluminium,pcs,538,INR,Jindal,10k catalog row 7728
LRG-07729,Bulk SKU 7729,Sanitary Ware,pcs,539,INR,Saint-Gobain,10k catalog row 7729
LRG-07730,Bulk SKU 7730,Steel & Metal,pcs,540,INR,UltraTech,10k catalog row 7730
LRG-07731,Bulk SKU 7731,Tiles & Flooring,pcs,541,INR,Tata,10k catalog row 7731
LRG-07732,Bulk SKU 7732,Electrical Supplies,pcs,542,INR,Kajaria,10k catalog row 7732
LRG-07733,Bulk SKU 7733,Plumbing & HVAC,pcs,543,INR,Havells,10k catalog row 7733
LRG-07734,Bulk SKU 7734,Paint & Finishes,pcs,544,INR,Jaquar,10k catalog row 7734
LRG-07735,Bulk SKU 7735,Building Materials,pcs,545,INR,Asian Paints,10k catalog row 7735
LRG-07736,Bulk SKU 7736,Lighting & Fixtures,pcs,546,INR,Bosch,10k catalog row 7736
LRG-07737,Bulk SKU 7737,Timber & Wood,pcs,547,INR,3M,10k catalog row 7737
LRG-07738,Bulk SKU 7738,Glass & Aluminium,pcs,548,INR,Jindal,10k catalog row 7738
LRG-07739,Bulk SKU 7739,Sanitary Ware,pcs,549,INR,Saint-Gobain,10k catalog row 7739
LRG-07740,Bulk SKU 7740,Steel & Metal,pcs,550,INR,UltraTech,10k catalog row 7740
LRG-07741,Bulk SKU 7741,Tiles & Flooring,pcs,551,INR,Tata,10k catalog row 7741
LRG-07742,Bulk SKU 7742,Electrical Supplies,pcs,552,INR,Kajaria,10k catalog row 7742
LRG-07743,Bulk SKU 7743,Plumbing & HVAC,pcs,553,INR,Havells,10k catalog row 7743
LRG-07744,Bulk SKU 7744,Paint & Finishes,pcs,554,INR,Jaquar,10k catalog row 7744
LRG-07745,Bulk SKU 7745,Building Materials,pcs,555,INR,Asian Paints,10k catalog row 7745
LRG-07746,Bulk SKU 7746,Lighting & Fixtures,pcs,556,INR,Bosch,10k catalog row 7746
LRG-07747,Bulk SKU 7747,Timber & Wood,pcs,557,INR,3M,10k catalog row 7747
LRG-07748,Bulk SKU 7748,Glass & Aluminium,pcs,558,INR,Jindal,10k catalog row 7748
LRG-07749,Bulk SKU 7749,Sanitary Ware,pcs,559,INR,Saint-Gobain,10k catalog row 7749
LRG-07750,Bulk SKU 7750,Steel & Metal,pcs,560,INR,UltraTech,10k catalog row 7750
LRG-07751,Bulk SKU 7751,Tiles & Flooring,pcs,561,INR,Tata,10k catalog row 7751
LRG-07752,Bulk SKU 7752,Electrical Supplies,pcs,562,INR,Kajaria,10k catalog row 7752
LRG-07753,Bulk SKU 7753,Plumbing & HVAC,pcs,563,INR,Havells,10k catalog row 7753
LRG-07754,Bulk SKU 7754,Paint & Finishes,pcs,564,INR,Jaquar,10k catalog row 7754
LRG-07755,Bulk SKU 7755,Building Materials,pcs,565,INR,Asian Paints,10k catalog row 7755
LRG-07756,Bulk SKU 7756,Lighting & Fixtures,pcs,566,INR,Bosch,10k catalog row 7756
LRG-07757,Bulk SKU 7757,Timber & Wood,pcs,567,INR,3M,10k catalog row 7757
LRG-07758,Bulk SKU 7758,Glass & Aluminium,pcs,568,INR,Jindal,10k catalog row 7758
LRG-07759,Bulk SKU 7759,Sanitary Ware,pcs,569,INR,Saint-Gobain,10k catalog row 7759
LRG-07760,Bulk SKU 7760,Steel & Metal,pcs,570,INR,UltraTech,10k catalog row 7760
LRG-07761,Bulk SKU 7761,Tiles & Flooring,pcs,571,INR,Tata,10k catalog row 7761
LRG-07762,Bulk SKU 7762,Electrical Supplies,pcs,572,INR,Kajaria,10k catalog row 7762
LRG-07763,Bulk SKU 7763,Plumbing & HVAC,pcs,573,INR,Havells,10k catalog row 7763
LRG-07764,Bulk SKU 7764,Paint & Finishes,pcs,574,INR,Jaquar,10k catalog row 7764
LRG-07765,Bulk SKU 7765,Building Materials,pcs,575,INR,Asian Paints,10k catalog row 7765
LRG-07766,Bulk SKU 7766,Lighting & Fixtures,pcs,576,INR,Bosch,10k catalog row 7766
LRG-07767,Bulk SKU 7767,Timber & Wood,pcs,577,INR,3M,10k catalog row 7767
LRG-07768,Bulk SKU 7768,Glass & Aluminium,pcs,578,INR,Jindal,10k catalog row 7768
LRG-07769,Bulk SKU 7769,Sanitary Ware,pcs,579,INR,Saint-Gobain,10k catalog row 7769
LRG-07770,Bulk SKU 7770,Steel & Metal,pcs,580,INR,UltraTech,10k catalog row 7770
LRG-07771,Bulk SKU 7771,Tiles & Flooring,pcs,581,INR,Tata,10k catalog row 7771
LRG-07772,Bulk SKU 7772,Electrical Supplies,pcs,582,INR,Kajaria,10k catalog row 7772
LRG-07773,Bulk SKU 7773,Plumbing & HVAC,pcs,583,INR,Havells,10k catalog row 7773
LRG-07774,Bulk SKU 7774,Paint & Finishes,pcs,584,INR,Jaquar,10k catalog row 7774
LRG-07775,Bulk SKU 7775,Building Materials,pcs,585,INR,Asian Paints,10k catalog row 7775
LRG-07776,Bulk SKU 7776,Lighting & Fixtures,pcs,586,INR,Bosch,10k catalog row 7776
LRG-07777,Bulk SKU 7777,Timber & Wood,pcs,587,INR,3M,10k catalog row 7777
LRG-07778,Bulk SKU 7778,Glass & Aluminium,pcs,588,INR,Jindal,10k catalog row 7778
LRG-07779,Bulk SKU 7779,Sanitary Ware,pcs,589,INR,Saint-Gobain,10k catalog row 7779
LRG-07780,Bulk SKU 7780,Steel & Metal,pcs,590,INR,UltraTech,10k catalog row 7780
LRG-07781,Bulk SKU 7781,Tiles & Flooring,pcs,591,INR,Tata,10k catalog row 7781
LRG-07782,Bulk SKU 7782,Electrical Supplies,pcs,592,INR,Kajaria,10k catalog row 7782
LRG-07783,Bulk SKU 7783,Plumbing & HVAC,pcs,593,INR,Havells,10k catalog row 7783
LRG-07784,Bulk SKU 7784,Paint & Finishes,pcs,594,INR,Jaquar,10k catalog row 7784
LRG-07785,Bulk SKU 7785,Building Materials,pcs,595,INR,Asian Paints,10k catalog row 7785
LRG-07786,Bulk SKU 7786,Lighting & Fixtures,pcs,596,INR,Bosch,10k catalog row 7786
LRG-07787,Bulk SKU 7787,Timber & Wood,pcs,597,INR,3M,10k catalog row 7787
LRG-07788,Bulk SKU 7788,Glass & Aluminium,pcs,598,INR,Jindal,10k catalog row 7788
LRG-07789,Bulk SKU 7789,Sanitary Ware,pcs,599,INR,Saint-Gobain,10k catalog row 7789
LRG-07790,Bulk SKU 7790,Steel & Metal,pcs,600,INR,UltraTech,10k catalog row 7790
LRG-07791,Bulk SKU 7791,Tiles & Flooring,pcs,601,INR,Tata,10k catalog row 7791
LRG-07792,Bulk SKU 7792,Electrical Supplies,pcs,602,INR,Kajaria,10k catalog row 7792
LRG-07793,Bulk SKU 7793,Plumbing & HVAC,pcs,603,INR,Havells,10k catalog row 7793
LRG-07794,Bulk SKU 7794,Paint & Finishes,pcs,604,INR,Jaquar,10k catalog row 7794
LRG-07795,Bulk SKU 7795,Building Materials,pcs,605,INR,Asian Paints,10k catalog row 7795
LRG-07796,Bulk SKU 7796,Lighting & Fixtures,pcs,606,INR,Bosch,10k catalog row 7796
LRG-07797,Bulk SKU 7797,Timber & Wood,pcs,607,INR,3M,10k catalog row 7797
LRG-07798,Bulk SKU 7798,Glass & Aluminium,pcs,608,INR,Jindal,10k catalog row 7798
LRG-07799,Bulk SKU 7799,Sanitary Ware,pcs,609,INR,Saint-Gobain,10k catalog row 7799
LRG-07800,Bulk SKU 7800,Steel & Metal,pcs,610,INR,UltraTech,10k catalog row 7800
LRG-07801,Bulk SKU 7801,Tiles & Flooring,pcs,611,INR,Tata,10k catalog row 7801
LRG-07802,Bulk SKU 7802,Electrical Supplies,pcs,612,INR,Kajaria,10k catalog row 7802
LRG-07803,Bulk SKU 7803,Plumbing & HVAC,pcs,613,INR,Havells,10k catalog row 7803
LRG-07804,Bulk SKU 7804,Paint & Finishes,pcs,614,INR,Jaquar,10k catalog row 7804
LRG-07805,Bulk SKU 7805,Building Materials,pcs,615,INR,Asian Paints,10k catalog row 7805
LRG-07806,Bulk SKU 7806,Lighting & Fixtures,pcs,616,INR,Bosch,10k catalog row 7806
LRG-07807,Bulk SKU 7807,Timber & Wood,pcs,617,INR,3M,10k catalog row 7807
LRG-07808,Bulk SKU 7808,Glass & Aluminium,pcs,618,INR,Jindal,10k catalog row 7808
LRG-07809,Bulk SKU 7809,Sanitary Ware,pcs,619,INR,Saint-Gobain,10k catalog row 7809
LRG-07810,Bulk SKU 7810,Steel & Metal,pcs,620,INR,UltraTech,10k catalog row 7810
LRG-07811,Bulk SKU 7811,Tiles & Flooring,pcs,621,INR,Tata,10k catalog row 7811
LRG-07812,Bulk SKU 7812,Electrical Supplies,pcs,622,INR,Kajaria,10k catalog row 7812
LRG-07813,Bulk SKU 7813,Plumbing & HVAC,pcs,623,INR,Havells,10k catalog row 7813
LRG-07814,Bulk SKU 7814,Paint & Finishes,pcs,624,INR,Jaquar,10k catalog row 7814
LRG-07815,Bulk SKU 7815,Building Materials,pcs,625,INR,Asian Paints,10k catalog row 7815
LRG-07816,Bulk SKU 7816,Lighting & Fixtures,pcs,626,INR,Bosch,10k catalog row 7816
LRG-07817,Bulk SKU 7817,Timber & Wood,pcs,627,INR,3M,10k catalog row 7817
LRG-07818,Bulk SKU 7818,Glass & Aluminium,pcs,628,INR,Jindal,10k catalog row 7818
LRG-07819,Bulk SKU 7819,Sanitary Ware,pcs,629,INR,Saint-Gobain,10k catalog row 7819
LRG-07820,Bulk SKU 7820,Steel & Metal,pcs,630,INR,UltraTech,10k catalog row 7820
LRG-07821,Bulk SKU 7821,Tiles & Flooring,pcs,631,INR,Tata,10k catalog row 7821
LRG-07822,Bulk SKU 7822,Electrical Supplies,pcs,632,INR,Kajaria,10k catalog row 7822
LRG-07823,Bulk SKU 7823,Plumbing & HVAC,pcs,633,INR,Havells,10k catalog row 7823
LRG-07824,Bulk SKU 7824,Paint & Finishes,pcs,634,INR,Jaquar,10k catalog row 7824
LRG-07825,Bulk SKU 7825,Building Materials,pcs,635,INR,Asian Paints,10k catalog row 7825
LRG-07826,Bulk SKU 7826,Lighting & Fixtures,pcs,636,INR,Bosch,10k catalog row 7826
LRG-07827,Bulk SKU 7827,Timber & Wood,pcs,637,INR,3M,10k catalog row 7827
LRG-07828,Bulk SKU 7828,Glass & Aluminium,pcs,638,INR,Jindal,10k catalog row 7828
LRG-07829,Bulk SKU 7829,Sanitary Ware,pcs,639,INR,Saint-Gobain,10k catalog row 7829
LRG-07830,Bulk SKU 7830,Steel & Metal,pcs,640,INR,UltraTech,10k catalog row 7830
LRG-07831,Bulk SKU 7831,Tiles & Flooring,pcs,641,INR,Tata,10k catalog row 7831
LRG-07832,Bulk SKU 7832,Electrical Supplies,pcs,642,INR,Kajaria,10k catalog row 7832
LRG-07833,Bulk SKU 7833,Plumbing & HVAC,pcs,643,INR,Havells,10k catalog row 7833
LRG-07834,Bulk SKU 7834,Paint & Finishes,pcs,644,INR,Jaquar,10k catalog row 7834
LRG-07835,Bulk SKU 7835,Building Materials,pcs,645,INR,Asian Paints,10k catalog row 7835
LRG-07836,Bulk SKU 7836,Lighting & Fixtures,pcs,646,INR,Bosch,10k catalog row 7836
LRG-07837,Bulk SKU 7837,Timber & Wood,pcs,647,INR,3M,10k catalog row 7837
LRG-07838,Bulk SKU 7838,Glass & Aluminium,pcs,648,INR,Jindal,10k catalog row 7838
LRG-07839,Bulk SKU 7839,Sanitary Ware,pcs,649,INR,Saint-Gobain,10k catalog row 7839
LRG-07840,Bulk SKU 7840,Steel & Metal,pcs,650,INR,UltraTech,10k catalog row 7840
LRG-07841,Bulk SKU 7841,Tiles & Flooring,pcs,651,INR,Tata,10k catalog row 7841
LRG-07842,Bulk SKU 7842,Electrical Supplies,pcs,652,INR,Kajaria,10k catalog row 7842
LRG-07843,Bulk SKU 7843,Plumbing & HVAC,pcs,653,INR,Havells,10k catalog row 7843
LRG-07844,Bulk SKU 7844,Paint & Finishes,pcs,654,INR,Jaquar,10k catalog row 7844
LRG-07845,Bulk SKU 7845,Building Materials,pcs,655,INR,Asian Paints,10k catalog row 7845
LRG-07846,Bulk SKU 7846,Lighting & Fixtures,pcs,656,INR,Bosch,10k catalog row 7846
LRG-07847,Bulk SKU 7847,Timber & Wood,pcs,657,INR,3M,10k catalog row 7847
LRG-07848,Bulk SKU 7848,Glass & Aluminium,pcs,658,INR,Jindal,10k catalog row 7848
LRG-07849,Bulk SKU 7849,Sanitary Ware,pcs,659,INR,Saint-Gobain,10k catalog row 7849
LRG-07850,Bulk SKU 7850,Steel & Metal,pcs,660,INR,UltraTech,10k catalog row 7850
LRG-07851,Bulk SKU 7851,Tiles & Flooring,pcs,661,INR,Tata,10k catalog row 7851
LRG-07852,Bulk SKU 7852,Electrical Supplies,pcs,662,INR,Kajaria,10k catalog row 7852
LRG-07853,Bulk SKU 7853,Plumbing & HVAC,pcs,663,INR,Havells,10k catalog row 7853
LRG-07854,Bulk SKU 7854,Paint & Finishes,pcs,664,INR,Jaquar,10k catalog row 7854
LRG-07855,Bulk SKU 7855,Building Materials,pcs,665,INR,Asian Paints,10k catalog row 7855
LRG-07856,Bulk SKU 7856,Lighting & Fixtures,pcs,666,INR,Bosch,10k catalog row 7856
LRG-07857,Bulk SKU 7857,Timber & Wood,pcs,667,INR,3M,10k catalog row 7857
LRG-07858,Bulk SKU 7858,Glass & Aluminium,pcs,668,INR,Jindal,10k catalog row 7858
LRG-07859,Bulk SKU 7859,Sanitary Ware,pcs,669,INR,Saint-Gobain,10k catalog row 7859
LRG-07860,Bulk SKU 7860,Steel & Metal,pcs,670,INR,UltraTech,10k catalog row 7860
LRG-07861,Bulk SKU 7861,Tiles & Flooring,pcs,671,INR,Tata,10k catalog row 7861
LRG-07862,Bulk SKU 7862,Electrical Supplies,pcs,672,INR,Kajaria,10k catalog row 7862
LRG-07863,Bulk SKU 7863,Plumbing & HVAC,pcs,673,INR,Havells,10k catalog row 7863
LRG-07864,Bulk SKU 7864,Paint & Finishes,pcs,674,INR,Jaquar,10k catalog row 7864
LRG-07865,Bulk SKU 7865,Building Materials,pcs,675,INR,Asian Paints,10k catalog row 7865
LRG-07866,Bulk SKU 7866,Lighting & Fixtures,pcs,676,INR,Bosch,10k catalog row 7866
LRG-07867,Bulk SKU 7867,Timber & Wood,pcs,677,INR,3M,10k catalog row 7867
LRG-07868,Bulk SKU 7868,Glass & Aluminium,pcs,678,INR,Jindal,10k catalog row 7868
LRG-07869,Bulk SKU 7869,Sanitary Ware,pcs,679,INR,Saint-Gobain,10k catalog row 7869
LRG-07870,Bulk SKU 7870,Steel & Metal,pcs,680,INR,UltraTech,10k catalog row 7870
LRG-07871,Bulk SKU 7871,Tiles & Flooring,pcs,681,INR,Tata,10k catalog row 7871
LRG-07872,Bulk SKU 7872,Electrical Supplies,pcs,682,INR,Kajaria,10k catalog row 7872
LRG-07873,Bulk SKU 7873,Plumbing & HVAC,pcs,683,INR,Havells,10k catalog row 7873
LRG-07874,Bulk SKU 7874,Paint & Finishes,pcs,684,INR,Jaquar,10k catalog row 7874
LRG-07875,Bulk SKU 7875,Building Materials,pcs,685,INR,Asian Paints,10k catalog row 7875
LRG-07876,Bulk SKU 7876,Lighting & Fixtures,pcs,686,INR,Bosch,10k catalog row 7876
LRG-07877,Bulk SKU 7877,Timber & Wood,pcs,687,INR,3M,10k catalog row 7877
LRG-07878,Bulk SKU 7878,Glass & Aluminium,pcs,688,INR,Jindal,10k catalog row 7878
LRG-07879,Bulk SKU 7879,Sanitary Ware,pcs,689,INR,Saint-Gobain,10k catalog row 7879
LRG-07880,Bulk SKU 7880,Steel & Metal,pcs,690,INR,UltraTech,10k catalog row 7880
LRG-07881,Bulk SKU 7881,Tiles & Flooring,pcs,691,INR,Tata,10k catalog row 7881
LRG-07882,Bulk SKU 7882,Electrical Supplies,pcs,692,INR,Kajaria,10k catalog row 7882
LRG-07883,Bulk SKU 7883,Plumbing & HVAC,pcs,693,INR,Havells,10k catalog row 7883
LRG-07884,Bulk SKU 7884,Paint & Finishes,pcs,694,INR,Jaquar,10k catalog row 7884
LRG-07885,Bulk SKU 7885,Building Materials,pcs,695,INR,Asian Paints,10k catalog row 7885
LRG-07886,Bulk SKU 7886,Lighting & Fixtures,pcs,696,INR,Bosch,10k catalog row 7886
LRG-07887,Bulk SKU 7887,Timber & Wood,pcs,697,INR,3M,10k catalog row 7887
LRG-07888,Bulk SKU 7888,Glass & Aluminium,pcs,698,INR,Jindal,10k catalog row 7888
LRG-07889,Bulk SKU 7889,Sanitary Ware,pcs,699,INR,Saint-Gobain,10k catalog row 7889
LRG-07890,Bulk SKU 7890,Steel & Metal,pcs,700,INR,UltraTech,10k catalog row 7890
LRG-07891,Bulk SKU 7891,Tiles & Flooring,pcs,701,INR,Tata,10k catalog row 7891
LRG-07892,Bulk SKU 7892,Electrical Supplies,pcs,702,INR,Kajaria,10k catalog row 7892
LRG-07893,Bulk SKU 7893,Plumbing & HVAC,pcs,703,INR,Havells,10k catalog row 7893
LRG-07894,Bulk SKU 7894,Paint & Finishes,pcs,704,INR,Jaquar,10k catalog row 7894
LRG-07895,Bulk SKU 7895,Building Materials,pcs,705,INR,Asian Paints,10k catalog row 7895
LRG-07896,Bulk SKU 7896,Lighting & Fixtures,pcs,706,INR,Bosch,10k catalog row 7896
LRG-07897,Bulk SKU 7897,Timber & Wood,pcs,707,INR,3M,10k catalog row 7897
LRG-07898,Bulk SKU 7898,Glass & Aluminium,pcs,708,INR,Jindal,10k catalog row 7898
LRG-07899,Bulk SKU 7899,Sanitary Ware,pcs,709,INR,Saint-Gobain,10k catalog row 7899
LRG-07900,Bulk SKU 7900,Steel & Metal,pcs,710,INR,UltraTech,10k catalog row 7900
LRG-07901,Bulk SKU 7901,Tiles & Flooring,pcs,711,INR,Tata,10k catalog row 7901
LRG-07902,Bulk SKU 7902,Electrical Supplies,pcs,712,INR,Kajaria,10k catalog row 7902
LRG-07903,Bulk SKU 7903,Plumbing & HVAC,pcs,713,INR,Havells,10k catalog row 7903
LRG-07904,Bulk SKU 7904,Paint & Finishes,pcs,714,INR,Jaquar,10k catalog row 7904
LRG-07905,Bulk SKU 7905,Building Materials,pcs,715,INR,Asian Paints,10k catalog row 7905
LRG-07906,Bulk SKU 7906,Lighting & Fixtures,pcs,716,INR,Bosch,10k catalog row 7906
LRG-07907,Bulk SKU 7907,Timber & Wood,pcs,717,INR,3M,10k catalog row 7907
LRG-07908,Bulk SKU 7908,Glass & Aluminium,pcs,718,INR,Jindal,10k catalog row 7908
LRG-07909,Bulk SKU 7909,Sanitary Ware,pcs,719,INR,Saint-Gobain,10k catalog row 7909
LRG-07910,Bulk SKU 7910,Steel & Metal,pcs,720,INR,UltraTech,10k catalog row 7910
LRG-07911,Bulk SKU 7911,Tiles & Flooring,pcs,721,INR,Tata,10k catalog row 7911
LRG-07912,Bulk SKU 7912,Electrical Supplies,pcs,722,INR,Kajaria,10k catalog row 7912
LRG-07913,Bulk SKU 7913,Plumbing & HVAC,pcs,723,INR,Havells,10k catalog row 7913
LRG-07914,Bulk SKU 7914,Paint & Finishes,pcs,724,INR,Jaquar,10k catalog row 7914
LRG-07915,Bulk SKU 7915,Building Materials,pcs,725,INR,Asian Paints,10k catalog row 7915
LRG-07916,Bulk SKU 7916,Lighting & Fixtures,pcs,726,INR,Bosch,10k catalog row 7916
LRG-07917,Bulk SKU 7917,Timber & Wood,pcs,727,INR,3M,10k catalog row 7917
LRG-07918,Bulk SKU 7918,Glass & Aluminium,pcs,728,INR,Jindal,10k catalog row 7918
LRG-07919,Bulk SKU 7919,Sanitary Ware,pcs,729,INR,Saint-Gobain,10k catalog row 7919
LRG-07920,Bulk SKU 7920,Steel & Metal,pcs,730,INR,UltraTech,10k catalog row 7920
LRG-07921,Bulk SKU 7921,Tiles & Flooring,pcs,731,INR,Tata,10k catalog row 7921
LRG-07922,Bulk SKU 7922,Electrical Supplies,pcs,732,INR,Kajaria,10k catalog row 7922
LRG-07923,Bulk SKU 7923,Plumbing & HVAC,pcs,733,INR,Havells,10k catalog row 7923
LRG-07924,Bulk SKU 7924,Paint & Finishes,pcs,734,INR,Jaquar,10k catalog row 7924
LRG-07925,Bulk SKU 7925,Building Materials,pcs,735,INR,Asian Paints,10k catalog row 7925
LRG-07926,Bulk SKU 7926,Lighting & Fixtures,pcs,736,INR,Bosch,10k catalog row 7926
LRG-07927,Bulk SKU 7927,Timber & Wood,pcs,737,INR,3M,10k catalog row 7927
LRG-07928,Bulk SKU 7928,Glass & Aluminium,pcs,738,INR,Jindal,10k catalog row 7928
LRG-07929,Bulk SKU 7929,Sanitary Ware,pcs,739,INR,Saint-Gobain,10k catalog row 7929
LRG-07930,Bulk SKU 7930,Steel & Metal,pcs,740,INR,UltraTech,10k catalog row 7930
LRG-07931,Bulk SKU 7931,Tiles & Flooring,pcs,741,INR,Tata,10k catalog row 7931
LRG-07932,Bulk SKU 7932,Electrical Supplies,pcs,742,INR,Kajaria,10k catalog row 7932
LRG-07933,Bulk SKU 7933,Plumbing & HVAC,pcs,743,INR,Havells,10k catalog row 7933
LRG-07934,Bulk SKU 7934,Paint & Finishes,pcs,744,INR,Jaquar,10k catalog row 7934
LRG-07935,Bulk SKU 7935,Building Materials,pcs,745,INR,Asian Paints,10k catalog row 7935
LRG-07936,Bulk SKU 7936,Lighting & Fixtures,pcs,746,INR,Bosch,10k catalog row 7936
LRG-07937,Bulk SKU 7937,Timber & Wood,pcs,747,INR,3M,10k catalog row 7937
LRG-07938,Bulk SKU 7938,Glass & Aluminium,pcs,748,INR,Jindal,10k catalog row 7938
LRG-07939,Bulk SKU 7939,Sanitary Ware,pcs,749,INR,Saint-Gobain,10k catalog row 7939
LRG-07940,Bulk SKU 7940,Steel & Metal,pcs,750,INR,UltraTech,10k catalog row 7940
LRG-07941,Bulk SKU 7941,Tiles & Flooring,pcs,751,INR,Tata,10k catalog row 7941
LRG-07942,Bulk SKU 7942,Electrical Supplies,pcs,752,INR,Kajaria,10k catalog row 7942
LRG-07943,Bulk SKU 7943,Plumbing & HVAC,pcs,753,INR,Havells,10k catalog row 7943
LRG-07944,Bulk SKU 7944,Paint & Finishes,pcs,754,INR,Jaquar,10k catalog row 7944
LRG-07945,Bulk SKU 7945,Building Materials,pcs,755,INR,Asian Paints,10k catalog row 7945
LRG-07946,Bulk SKU 7946,Lighting & Fixtures,pcs,756,INR,Bosch,10k catalog row 7946
LRG-07947,Bulk SKU 7947,Timber & Wood,pcs,757,INR,3M,10k catalog row 7947
LRG-07948,Bulk SKU 7948,Glass & Aluminium,pcs,758,INR,Jindal,10k catalog row 7948
LRG-07949,Bulk SKU 7949,Sanitary Ware,pcs,759,INR,Saint-Gobain,10k catalog row 7949
LRG-07950,Bulk SKU 7950,Steel & Metal,pcs,760,INR,UltraTech,10k catalog row 7950
LRG-07951,Bulk SKU 7951,Tiles & Flooring,pcs,761,INR,Tata,10k catalog row 7951
LRG-07952,Bulk SKU 7952,Electrical Supplies,pcs,762,INR,Kajaria,10k catalog row 7952
LRG-07953,Bulk SKU 7953,Plumbing & HVAC,pcs,763,INR,Havells,10k catalog row 7953
LRG-07954,Bulk SKU 7954,Paint & Finishes,pcs,764,INR,Jaquar,10k catalog row 7954
LRG-07955,Bulk SKU 7955,Building Materials,pcs,765,INR,Asian Paints,10k catalog row 7955
LRG-07956,Bulk SKU 7956,Lighting & Fixtures,pcs,766,INR,Bosch,10k catalog row 7956
LRG-07957,Bulk SKU 7957,Timber & Wood,pcs,767,INR,3M,10k catalog row 7957
LRG-07958,Bulk SKU 7958,Glass & Aluminium,pcs,768,INR,Jindal,10k catalog row 7958
LRG-07959,Bulk SKU 7959,Sanitary Ware,pcs,769,INR,Saint-Gobain,10k catalog row 7959
LRG-07960,Bulk SKU 7960,Steel & Metal,pcs,770,INR,UltraTech,10k catalog row 7960
LRG-07961,Bulk SKU 7961,Tiles & Flooring,pcs,771,INR,Tata,10k catalog row 7961
LRG-07962,Bulk SKU 7962,Electrical Supplies,pcs,772,INR,Kajaria,10k catalog row 7962
LRG-07963,Bulk SKU 7963,Plumbing & HVAC,pcs,773,INR,Havells,10k catalog row 7963
LRG-07964,Bulk SKU 7964,Paint & Finishes,pcs,774,INR,Jaquar,10k catalog row 7964
LRG-07965,Bulk SKU 7965,Building Materials,pcs,775,INR,Asian Paints,10k catalog row 7965
LRG-07966,Bulk SKU 7966,Lighting & Fixtures,pcs,776,INR,Bosch,10k catalog row 7966
LRG-07967,Bulk SKU 7967,Timber & Wood,pcs,777,INR,3M,10k catalog row 7967
LRG-07968,Bulk SKU 7968,Glass & Aluminium,pcs,778,INR,Jindal,10k catalog row 7968
LRG-07969,Bulk SKU 7969,Sanitary Ware,pcs,779,INR,Saint-Gobain,10k catalog row 7969
LRG-07970,Bulk SKU 7970,Steel & Metal,pcs,780,INR,UltraTech,10k catalog row 7970
LRG-07971,Bulk SKU 7971,Tiles & Flooring,pcs,781,INR,Tata,10k catalog row 7971
LRG-07972,Bulk SKU 7972,Electrical Supplies,pcs,782,INR,Kajaria,10k catalog row 7972
LRG-07973,Bulk SKU 7973,Plumbing & HVAC,pcs,783,INR,Havells,10k catalog row 7973
LRG-07974,Bulk SKU 7974,Paint & Finishes,pcs,784,INR,Jaquar,10k catalog row 7974
LRG-07975,Bulk SKU 7975,Building Materials,pcs,785,INR,Asian Paints,10k catalog row 7975
LRG-07976,Bulk SKU 7976,Lighting & Fixtures,pcs,786,INR,Bosch,10k catalog row 7976
LRG-07977,Bulk SKU 7977,Timber & Wood,pcs,787,INR,3M,10k catalog row 7977
LRG-07978,Bulk SKU 7978,Glass & Aluminium,pcs,788,INR,Jindal,10k catalog row 7978
LRG-07979,Bulk SKU 7979,Sanitary Ware,pcs,789,INR,Saint-Gobain,10k catalog row 7979
LRG-07980,Bulk SKU 7980,Steel & Metal,pcs,790,INR,UltraTech,10k catalog row 7980
LRG-07981,Bulk SKU 7981,Tiles & Flooring,pcs,791,INR,Tata,10k catalog row 7981
LRG-07982,Bulk SKU 7982,Electrical Supplies,pcs,792,INR,Kajaria,10k catalog row 7982
LRG-07983,Bulk SKU 7983,Plumbing & HVAC,pcs,793,INR,Havells,10k catalog row 7983
LRG-07984,Bulk SKU 7984,Paint & Finishes,pcs,794,INR,Jaquar,10k catalog row 7984
LRG-07985,Bulk SKU 7985,Building Materials,pcs,795,INR,Asian Paints,10k catalog row 7985
LRG-07986,Bulk SKU 7986,Lighting & Fixtures,pcs,796,INR,Bosch,10k catalog row 7986
LRG-07987,Bulk SKU 7987,Timber & Wood,pcs,797,INR,3M,10k catalog row 7987
LRG-07988,Bulk SKU 7988,Glass & Aluminium,pcs,798,INR,Jindal,10k catalog row 7988
LRG-07989,Bulk SKU 7989,Sanitary Ware,pcs,799,INR,Saint-Gobain,10k catalog row 7989
LRG-07990,Bulk SKU 7990,Steel & Metal,pcs,800,INR,UltraTech,10k catalog row 7990
LRG-07991,Bulk SKU 7991,Tiles & Flooring,pcs,801,INR,Tata,10k catalog row 7991
LRG-07992,Bulk SKU 7992,Electrical Supplies,pcs,802,INR,Kajaria,10k catalog row 7992
LRG-07993,Bulk SKU 7993,Plumbing & HVAC,pcs,803,INR,Havells,10k catalog row 7993
LRG-07994,Bulk SKU 7994,Paint & Finishes,pcs,804,INR,Jaquar,10k catalog row 7994
LRG-07995,Bulk SKU 7995,Building Materials,pcs,805,INR,Asian Paints,10k catalog row 7995
LRG-07996,Bulk SKU 7996,Lighting & Fixtures,pcs,806,INR,Bosch,10k catalog row 7996
LRG-07997,Bulk SKU 7997,Timber & Wood,pcs,807,INR,3M,10k catalog row 7997
LRG-07998,Bulk SKU 7998,Glass & Aluminium,pcs,808,INR,Jindal,10k catalog row 7998
LRG-07999,Bulk SKU 7999,Sanitary Ware,pcs,809,INR,Saint-Gobain,10k catalog row 7999
LRG-08000,Bulk SKU 8000,Steel & Metal,pcs,810,INR,UltraTech,10k catalog row 8000
LRG-08001,Bulk SKU 8001,Tiles & Flooring,pcs,811,INR,Tata,10k catalog row 8001
LRG-08002,Bulk SKU 8002,Electrical Supplies,pcs,812,INR,Kajaria,10k catalog row 8002
LRG-08003,Bulk SKU 8003,Plumbing & HVAC,pcs,813,INR,Havells,10k catalog row 8003
LRG-08004,Bulk SKU 8004,Paint & Finishes,pcs,814,INR,Jaquar,10k catalog row 8004
LRG-08005,Bulk SKU 8005,Building Materials,pcs,815,INR,Asian Paints,10k catalog row 8005
LRG-08006,Bulk SKU 8006,Lighting & Fixtures,pcs,816,INR,Bosch,10k catalog row 8006
LRG-08007,Bulk SKU 8007,Timber & Wood,pcs,817,INR,3M,10k catalog row 8007
LRG-08008,Bulk SKU 8008,Glass & Aluminium,pcs,818,INR,Jindal,10k catalog row 8008
LRG-08009,Bulk SKU 8009,Sanitary Ware,pcs,819,INR,Saint-Gobain,10k catalog row 8009
LRG-08010,Bulk SKU 8010,Steel & Metal,pcs,820,INR,UltraTech,10k catalog row 8010
LRG-08011,Bulk SKU 8011,Tiles & Flooring,pcs,821,INR,Tata,10k catalog row 8011
LRG-08012,Bulk SKU 8012,Electrical Supplies,pcs,822,INR,Kajaria,10k catalog row 8012
LRG-08013,Bulk SKU 8013,Plumbing & HVAC,pcs,823,INR,Havells,10k catalog row 8013
LRG-08014,Bulk SKU 8014,Paint & Finishes,pcs,824,INR,Jaquar,10k catalog row 8014
LRG-08015,Bulk SKU 8015,Building Materials,pcs,825,INR,Asian Paints,10k catalog row 8015
LRG-08016,Bulk SKU 8016,Lighting & Fixtures,pcs,826,INR,Bosch,10k catalog row 8016
LRG-08017,Bulk SKU 8017,Timber & Wood,pcs,827,INR,3M,10k catalog row 8017
LRG-08018,Bulk SKU 8018,Glass & Aluminium,pcs,828,INR,Jindal,10k catalog row 8018
LRG-08019,Bulk SKU 8019,Sanitary Ware,pcs,829,INR,Saint-Gobain,10k catalog row 8019
LRG-08020,Bulk SKU 8020,Steel & Metal,pcs,830,INR,UltraTech,10k catalog row 8020
LRG-08021,Bulk SKU 8021,Tiles & Flooring,pcs,831,INR,Tata,10k catalog row 8021
LRG-08022,Bulk SKU 8022,Electrical Supplies,pcs,832,INR,Kajaria,10k catalog row 8022
LRG-08023,Bulk SKU 8023,Plumbing & HVAC,pcs,833,INR,Havells,10k catalog row 8023
LRG-08024,Bulk SKU 8024,Paint & Finishes,pcs,834,INR,Jaquar,10k catalog row 8024
LRG-08025,Bulk SKU 8025,Building Materials,pcs,835,INR,Asian Paints,10k catalog row 8025
LRG-08026,Bulk SKU 8026,Lighting & Fixtures,pcs,836,INR,Bosch,10k catalog row 8026
LRG-08027,Bulk SKU 8027,Timber & Wood,pcs,837,INR,3M,10k catalog row 8027
LRG-08028,Bulk SKU 8028,Glass & Aluminium,pcs,838,INR,Jindal,10k catalog row 8028
LRG-08029,Bulk SKU 8029,Sanitary Ware,pcs,839,INR,Saint-Gobain,10k catalog row 8029
LRG-08030,Bulk SKU 8030,Steel & Metal,pcs,840,INR,UltraTech,10k catalog row 8030
LRG-08031,Bulk SKU 8031,Tiles & Flooring,pcs,841,INR,Tata,10k catalog row 8031
LRG-08032,Bulk SKU 8032,Electrical Supplies,pcs,842,INR,Kajaria,10k catalog row 8032
LRG-08033,Bulk SKU 8033,Plumbing & HVAC,pcs,843,INR,Havells,10k catalog row 8033
LRG-08034,Bulk SKU 8034,Paint & Finishes,pcs,844,INR,Jaquar,10k catalog row 8034
LRG-08035,Bulk SKU 8035,Building Materials,pcs,845,INR,Asian Paints,10k catalog row 8035
LRG-08036,Bulk SKU 8036,Lighting & Fixtures,pcs,846,INR,Bosch,10k catalog row 8036
LRG-08037,Bulk SKU 8037,Timber & Wood,pcs,847,INR,3M,10k catalog row 8037
LRG-08038,Bulk SKU 8038,Glass & Aluminium,pcs,848,INR,Jindal,10k catalog row 8038
LRG-08039,Bulk SKU 8039,Sanitary Ware,pcs,849,INR,Saint-Gobain,10k catalog row 8039
LRG-08040,Bulk SKU 8040,Steel & Metal,pcs,850,INR,UltraTech,10k catalog row 8040
LRG-08041,Bulk SKU 8041,Tiles & Flooring,pcs,851,INR,Tata,10k catalog row 8041
LRG-08042,Bulk SKU 8042,Electrical Supplies,pcs,852,INR,Kajaria,10k catalog row 8042
LRG-08043,Bulk SKU 8043,Plumbing & HVAC,pcs,853,INR,Havells,10k catalog row 8043
LRG-08044,Bulk SKU 8044,Paint & Finishes,pcs,854,INR,Jaquar,10k catalog row 8044
LRG-08045,Bulk SKU 8045,Building Materials,pcs,855,INR,Asian Paints,10k catalog row 8045
LRG-08046,Bulk SKU 8046,Lighting & Fixtures,pcs,856,INR,Bosch,10k catalog row 8046
LRG-08047,Bulk SKU 8047,Timber & Wood,pcs,857,INR,3M,10k catalog row 8047
LRG-08048,Bulk SKU 8048,Glass & Aluminium,pcs,858,INR,Jindal,10k catalog row 8048
LRG-08049,Bulk SKU 8049,Sanitary Ware,pcs,859,INR,Saint-Gobain,10k catalog row 8049
LRG-08050,Bulk SKU 8050,Steel & Metal,pcs,860,INR,UltraTech,10k catalog row 8050
LRG-08051,Bulk SKU 8051,Tiles & Flooring,pcs,861,INR,Tata,10k catalog row 8051
LRG-08052,Bulk SKU 8052,Electrical Supplies,pcs,862,INR,Kajaria,10k catalog row 8052
LRG-08053,Bulk SKU 8053,Plumbing & HVAC,pcs,863,INR,Havells,10k catalog row 8053
LRG-08054,Bulk SKU 8054,Paint & Finishes,pcs,864,INR,Jaquar,10k catalog row 8054
LRG-08055,Bulk SKU 8055,Building Materials,pcs,865,INR,Asian Paints,10k catalog row 8055
LRG-08056,Bulk SKU 8056,Lighting & Fixtures,pcs,866,INR,Bosch,10k catalog row 8056
LRG-08057,Bulk SKU 8057,Timber & Wood,pcs,867,INR,3M,10k catalog row 8057
LRG-08058,Bulk SKU 8058,Glass & Aluminium,pcs,868,INR,Jindal,10k catalog row 8058
LRG-08059,Bulk SKU 8059,Sanitary Ware,pcs,869,INR,Saint-Gobain,10k catalog row 8059
LRG-08060,Bulk SKU 8060,Steel & Metal,pcs,870,INR,UltraTech,10k catalog row 8060
LRG-08061,Bulk SKU 8061,Tiles & Flooring,pcs,871,INR,Tata,10k catalog row 8061
LRG-08062,Bulk SKU 8062,Electrical Supplies,pcs,872,INR,Kajaria,10k catalog row 8062
LRG-08063,Bulk SKU 8063,Plumbing & HVAC,pcs,873,INR,Havells,10k catalog row 8063
LRG-08064,Bulk SKU 8064,Paint & Finishes,pcs,874,INR,Jaquar,10k catalog row 8064
LRG-08065,Bulk SKU 8065,Building Materials,pcs,875,INR,Asian Paints,10k catalog row 8065
LRG-08066,Bulk SKU 8066,Lighting & Fixtures,pcs,876,INR,Bosch,10k catalog row 8066
LRG-08067,Bulk SKU 8067,Timber & Wood,pcs,877,INR,3M,10k catalog row 8067
LRG-08068,Bulk SKU 8068,Glass & Aluminium,pcs,878,INR,Jindal,10k catalog row 8068
LRG-08069,Bulk SKU 8069,Sanitary Ware,pcs,879,INR,Saint-Gobain,10k catalog row 8069
LRG-08070,Bulk SKU 8070,Steel & Metal,pcs,880,INR,UltraTech,10k catalog row 8070
LRG-08071,Bulk SKU 8071,Tiles & Flooring,pcs,881,INR,Tata,10k catalog row 8071
LRG-08072,Bulk SKU 8072,Electrical Supplies,pcs,882,INR,Kajaria,10k catalog row 8072
LRG-08073,Bulk SKU 8073,Plumbing & HVAC,pcs,883,INR,Havells,10k catalog row 8073
LRG-08074,Bulk SKU 8074,Paint & Finishes,pcs,884,INR,Jaquar,10k catalog row 8074
LRG-08075,Bulk SKU 8075,Building Materials,pcs,885,INR,Asian Paints,10k catalog row 8075
LRG-08076,Bulk SKU 8076,Lighting & Fixtures,pcs,886,INR,Bosch,10k catalog row 8076
LRG-08077,Bulk SKU 8077,Timber & Wood,pcs,887,INR,3M,10k catalog row 8077
LRG-08078,Bulk SKU 8078,Glass & Aluminium,pcs,888,INR,Jindal,10k catalog row 8078
LRG-08079,Bulk SKU 8079,Sanitary Ware,pcs,889,INR,Saint-Gobain,10k catalog row 8079
LRG-08080,Bulk SKU 8080,Steel & Metal,pcs,890,INR,UltraTech,10k catalog row 8080
LRG-08081,Bulk SKU 8081,Tiles & Flooring,pcs,891,INR,Tata,10k catalog row 8081
LRG-08082,Bulk SKU 8082,Electrical Supplies,pcs,892,INR,Kajaria,10k catalog row 8082
LRG-08083,Bulk SKU 8083,Plumbing & HVAC,pcs,893,INR,Havells,10k catalog row 8083
LRG-08084,Bulk SKU 8084,Paint & Finishes,pcs,894,INR,Jaquar,10k catalog row 8084
LRG-08085,Bulk SKU 8085,Building Materials,pcs,895,INR,Asian Paints,10k catalog row 8085
LRG-08086,Bulk SKU 8086,Lighting & Fixtures,pcs,896,INR,Bosch,10k catalog row 8086
LRG-08087,Bulk SKU 8087,Timber & Wood,pcs,897,INR,3M,10k catalog row 8087
LRG-08088,Bulk SKU 8088,Glass & Aluminium,pcs,898,INR,Jindal,10k catalog row 8088
LRG-08089,Bulk SKU 8089,Sanitary Ware,pcs,899,INR,Saint-Gobain,10k catalog row 8089
LRG-08090,Bulk SKU 8090,Steel & Metal,pcs,900,INR,UltraTech,10k catalog row 8090
LRG-08091,Bulk SKU 8091,Tiles & Flooring,pcs,901,INR,Tata,10k catalog row 8091
LRG-08092,Bulk SKU 8092,Electrical Supplies,pcs,902,INR,Kajaria,10k catalog row 8092
LRG-08093,Bulk SKU 8093,Plumbing & HVAC,pcs,903,INR,Havells,10k catalog row 8093
LRG-08094,Bulk SKU 8094,Paint & Finishes,pcs,904,INR,Jaquar,10k catalog row 8094
LRG-08095,Bulk SKU 8095,Building Materials,pcs,905,INR,Asian Paints,10k catalog row 8095
LRG-08096,Bulk SKU 8096,Lighting & Fixtures,pcs,906,INR,Bosch,10k catalog row 8096
LRG-08097,Bulk SKU 8097,Timber & Wood,pcs,907,INR,3M,10k catalog row 8097
LRG-08098,Bulk SKU 8098,Glass & Aluminium,pcs,908,INR,Jindal,10k catalog row 8098
LRG-08099,Bulk SKU 8099,Sanitary Ware,pcs,909,INR,Saint-Gobain,10k catalog row 8099
LRG-08100,Bulk SKU 8100,Steel & Metal,pcs,10,INR,UltraTech,10k catalog row 8100
LRG-08101,Bulk SKU 8101,Tiles & Flooring,pcs,11,INR,Tata,10k catalog row 8101
LRG-08102,Bulk SKU 8102,Electrical Supplies,pcs,12,INR,Kajaria,10k catalog row 8102
LRG-08103,Bulk SKU 8103,Plumbing & HVAC,pcs,13,INR,Havells,10k catalog row 8103
LRG-08104,Bulk SKU 8104,Paint & Finishes,pcs,14,INR,Jaquar,10k catalog row 8104
LRG-08105,Bulk SKU 8105,Building Materials,pcs,15,INR,Asian Paints,10k catalog row 8105
LRG-08106,Bulk SKU 8106,Lighting & Fixtures,pcs,16,INR,Bosch,10k catalog row 8106
LRG-08107,Bulk SKU 8107,Timber & Wood,pcs,17,INR,3M,10k catalog row 8107
LRG-08108,Bulk SKU 8108,Glass & Aluminium,pcs,18,INR,Jindal,10k catalog row 8108
LRG-08109,Bulk SKU 8109,Sanitary Ware,pcs,19,INR,Saint-Gobain,10k catalog row 8109
LRG-08110,Bulk SKU 8110,Steel & Metal,pcs,20,INR,UltraTech,10k catalog row 8110
LRG-08111,Bulk SKU 8111,Tiles & Flooring,pcs,21,INR,Tata,10k catalog row 8111
LRG-08112,Bulk SKU 8112,Electrical Supplies,pcs,22,INR,Kajaria,10k catalog row 8112
LRG-08113,Bulk SKU 8113,Plumbing & HVAC,pcs,23,INR,Havells,10k catalog row 8113
LRG-08114,Bulk SKU 8114,Paint & Finishes,pcs,24,INR,Jaquar,10k catalog row 8114
LRG-08115,Bulk SKU 8115,Building Materials,pcs,25,INR,Asian Paints,10k catalog row 8115
LRG-08116,Bulk SKU 8116,Lighting & Fixtures,pcs,26,INR,Bosch,10k catalog row 8116
LRG-08117,Bulk SKU 8117,Timber & Wood,pcs,27,INR,3M,10k catalog row 8117
LRG-08118,Bulk SKU 8118,Glass & Aluminium,pcs,28,INR,Jindal,10k catalog row 8118
LRG-08119,Bulk SKU 8119,Sanitary Ware,pcs,29,INR,Saint-Gobain,10k catalog row 8119
LRG-08120,Bulk SKU 8120,Steel & Metal,pcs,30,INR,UltraTech,10k catalog row 8120
LRG-08121,Bulk SKU 8121,Tiles & Flooring,pcs,31,INR,Tata,10k catalog row 8121
LRG-08122,Bulk SKU 8122,Electrical Supplies,pcs,32,INR,Kajaria,10k catalog row 8122
LRG-08123,Bulk SKU 8123,Plumbing & HVAC,pcs,33,INR,Havells,10k catalog row 8123
LRG-08124,Bulk SKU 8124,Paint & Finishes,pcs,34,INR,Jaquar,10k catalog row 8124
LRG-08125,Bulk SKU 8125,Building Materials,pcs,35,INR,Asian Paints,10k catalog row 8125
LRG-08126,Bulk SKU 8126,Lighting & Fixtures,pcs,36,INR,Bosch,10k catalog row 8126
LRG-08127,Bulk SKU 8127,Timber & Wood,pcs,37,INR,3M,10k catalog row 8127
LRG-08128,Bulk SKU 8128,Glass & Aluminium,pcs,38,INR,Jindal,10k catalog row 8128
LRG-08129,Bulk SKU 8129,Sanitary Ware,pcs,39,INR,Saint-Gobain,10k catalog row 8129
LRG-08130,Bulk SKU 8130,Steel & Metal,pcs,40,INR,UltraTech,10k catalog row 8130
LRG-08131,Bulk SKU 8131,Tiles & Flooring,pcs,41,INR,Tata,10k catalog row 8131
LRG-08132,Bulk SKU 8132,Electrical Supplies,pcs,42,INR,Kajaria,10k catalog row 8132
LRG-08133,Bulk SKU 8133,Plumbing & HVAC,pcs,43,INR,Havells,10k catalog row 8133
LRG-08134,Bulk SKU 8134,Paint & Finishes,pcs,44,INR,Jaquar,10k catalog row 8134
LRG-08135,Bulk SKU 8135,Building Materials,pcs,45,INR,Asian Paints,10k catalog row 8135
LRG-08136,Bulk SKU 8136,Lighting & Fixtures,pcs,46,INR,Bosch,10k catalog row 8136
LRG-08137,Bulk SKU 8137,Timber & Wood,pcs,47,INR,3M,10k catalog row 8137
LRG-08138,Bulk SKU 8138,Glass & Aluminium,pcs,48,INR,Jindal,10k catalog row 8138
LRG-08139,Bulk SKU 8139,Sanitary Ware,pcs,49,INR,Saint-Gobain,10k catalog row 8139
LRG-08140,Bulk SKU 8140,Steel & Metal,pcs,50,INR,UltraTech,10k catalog row 8140
LRG-08141,Bulk SKU 8141,Tiles & Flooring,pcs,51,INR,Tata,10k catalog row 8141
LRG-08142,Bulk SKU 8142,Electrical Supplies,pcs,52,INR,Kajaria,10k catalog row 8142
LRG-08143,Bulk SKU 8143,Plumbing & HVAC,pcs,53,INR,Havells,10k catalog row 8143
LRG-08144,Bulk SKU 8144,Paint & Finishes,pcs,54,INR,Jaquar,10k catalog row 8144
LRG-08145,Bulk SKU 8145,Building Materials,pcs,55,INR,Asian Paints,10k catalog row 8145
LRG-08146,Bulk SKU 8146,Lighting & Fixtures,pcs,56,INR,Bosch,10k catalog row 8146
LRG-08147,Bulk SKU 8147,Timber & Wood,pcs,57,INR,3M,10k catalog row 8147
LRG-08148,Bulk SKU 8148,Glass & Aluminium,pcs,58,INR,Jindal,10k catalog row 8148
LRG-08149,Bulk SKU 8149,Sanitary Ware,pcs,59,INR,Saint-Gobain,10k catalog row 8149
LRG-08150,Bulk SKU 8150,Steel & Metal,pcs,60,INR,UltraTech,10k catalog row 8150
LRG-08151,Bulk SKU 8151,Tiles & Flooring,pcs,61,INR,Tata,10k catalog row 8151
LRG-08152,Bulk SKU 8152,Electrical Supplies,pcs,62,INR,Kajaria,10k catalog row 8152
LRG-08153,Bulk SKU 8153,Plumbing & HVAC,pcs,63,INR,Havells,10k catalog row 8153
LRG-08154,Bulk SKU 8154,Paint & Finishes,pcs,64,INR,Jaquar,10k catalog row 8154
LRG-08155,Bulk SKU 8155,Building Materials,pcs,65,INR,Asian Paints,10k catalog row 8155
LRG-08156,Bulk SKU 8156,Lighting & Fixtures,pcs,66,INR,Bosch,10k catalog row 8156
LRG-08157,Bulk SKU 8157,Timber & Wood,pcs,67,INR,3M,10k catalog row 8157
LRG-08158,Bulk SKU 8158,Glass & Aluminium,pcs,68,INR,Jindal,10k catalog row 8158
LRG-08159,Bulk SKU 8159,Sanitary Ware,pcs,69,INR,Saint-Gobain,10k catalog row 8159
LRG-08160,Bulk SKU 8160,Steel & Metal,pcs,70,INR,UltraTech,10k catalog row 8160
LRG-08161,Bulk SKU 8161,Tiles & Flooring,pcs,71,INR,Tata,10k catalog row 8161
LRG-08162,Bulk SKU 8162,Electrical Supplies,pcs,72,INR,Kajaria,10k catalog row 8162
LRG-08163,Bulk SKU 8163,Plumbing & HVAC,pcs,73,INR,Havells,10k catalog row 8163
LRG-08164,Bulk SKU 8164,Paint & Finishes,pcs,74,INR,Jaquar,10k catalog row 8164
LRG-08165,Bulk SKU 8165,Building Materials,pcs,75,INR,Asian Paints,10k catalog row 8165
LRG-08166,Bulk SKU 8166,Lighting & Fixtures,pcs,76,INR,Bosch,10k catalog row 8166
LRG-08167,Bulk SKU 8167,Timber & Wood,pcs,77,INR,3M,10k catalog row 8167
LRG-08168,Bulk SKU 8168,Glass & Aluminium,pcs,78,INR,Jindal,10k catalog row 8168
LRG-08169,Bulk SKU 8169,Sanitary Ware,pcs,79,INR,Saint-Gobain,10k catalog row 8169
LRG-08170,Bulk SKU 8170,Steel & Metal,pcs,80,INR,UltraTech,10k catalog row 8170
LRG-08171,Bulk SKU 8171,Tiles & Flooring,pcs,81,INR,Tata,10k catalog row 8171
LRG-08172,Bulk SKU 8172,Electrical Supplies,pcs,82,INR,Kajaria,10k catalog row 8172
LRG-08173,Bulk SKU 8173,Plumbing & HVAC,pcs,83,INR,Havells,10k catalog row 8173
LRG-08174,Bulk SKU 8174,Paint & Finishes,pcs,84,INR,Jaquar,10k catalog row 8174
LRG-08175,Bulk SKU 8175,Building Materials,pcs,85,INR,Asian Paints,10k catalog row 8175
LRG-08176,Bulk SKU 8176,Lighting & Fixtures,pcs,86,INR,Bosch,10k catalog row 8176
LRG-08177,Bulk SKU 8177,Timber & Wood,pcs,87,INR,3M,10k catalog row 8177
LRG-08178,Bulk SKU 8178,Glass & Aluminium,pcs,88,INR,Jindal,10k catalog row 8178
LRG-08179,Bulk SKU 8179,Sanitary Ware,pcs,89,INR,Saint-Gobain,10k catalog row 8179
LRG-08180,Bulk SKU 8180,Steel & Metal,pcs,90,INR,UltraTech,10k catalog row 8180
LRG-08181,Bulk SKU 8181,Tiles & Flooring,pcs,91,INR,Tata,10k catalog row 8181
LRG-08182,Bulk SKU 8182,Electrical Supplies,pcs,92,INR,Kajaria,10k catalog row 8182
LRG-08183,Bulk SKU 8183,Plumbing & HVAC,pcs,93,INR,Havells,10k catalog row 8183
LRG-08184,Bulk SKU 8184,Paint & Finishes,pcs,94,INR,Jaquar,10k catalog row 8184
LRG-08185,Bulk SKU 8185,Building Materials,pcs,95,INR,Asian Paints,10k catalog row 8185
LRG-08186,Bulk SKU 8186,Lighting & Fixtures,pcs,96,INR,Bosch,10k catalog row 8186
LRG-08187,Bulk SKU 8187,Timber & Wood,pcs,97,INR,3M,10k catalog row 8187
LRG-08188,Bulk SKU 8188,Glass & Aluminium,pcs,98,INR,Jindal,10k catalog row 8188
LRG-08189,Bulk SKU 8189,Sanitary Ware,pcs,99,INR,Saint-Gobain,10k catalog row 8189
LRG-08190,Bulk SKU 8190,Steel & Metal,pcs,100,INR,UltraTech,10k catalog row 8190
LRG-08191,Bulk SKU 8191,Tiles & Flooring,pcs,101,INR,Tata,10k catalog row 8191
LRG-08192,Bulk SKU 8192,Electrical Supplies,pcs,102,INR,Kajaria,10k catalog row 8192
LRG-08193,Bulk SKU 8193,Plumbing & HVAC,pcs,103,INR,Havells,10k catalog row 8193
LRG-08194,Bulk SKU 8194,Paint & Finishes,pcs,104,INR,Jaquar,10k catalog row 8194
LRG-08195,Bulk SKU 8195,Building Materials,pcs,105,INR,Asian Paints,10k catalog row 8195
LRG-08196,Bulk SKU 8196,Lighting & Fixtures,pcs,106,INR,Bosch,10k catalog row 8196
LRG-08197,Bulk SKU 8197,Timber & Wood,pcs,107,INR,3M,10k catalog row 8197
LRG-08198,Bulk SKU 8198,Glass & Aluminium,pcs,108,INR,Jindal,10k catalog row 8198
LRG-08199,Bulk SKU 8199,Sanitary Ware,pcs,109,INR,Saint-Gobain,10k catalog row 8199
LRG-08200,Bulk SKU 8200,Steel & Metal,pcs,110,INR,UltraTech,10k catalog row 8200
LRG-08201,Bulk SKU 8201,Tiles & Flooring,pcs,111,INR,Tata,10k catalog row 8201
LRG-08202,Bulk SKU 8202,Electrical Supplies,pcs,112,INR,Kajaria,10k catalog row 8202
LRG-08203,Bulk SKU 8203,Plumbing & HVAC,pcs,113,INR,Havells,10k catalog row 8203
LRG-08204,Bulk SKU 8204,Paint & Finishes,pcs,114,INR,Jaquar,10k catalog row 8204
LRG-08205,Bulk SKU 8205,Building Materials,pcs,115,INR,Asian Paints,10k catalog row 8205
LRG-08206,Bulk SKU 8206,Lighting & Fixtures,pcs,116,INR,Bosch,10k catalog row 8206
LRG-08207,Bulk SKU 8207,Timber & Wood,pcs,117,INR,3M,10k catalog row 8207
LRG-08208,Bulk SKU 8208,Glass & Aluminium,pcs,118,INR,Jindal,10k catalog row 8208
LRG-08209,Bulk SKU 8209,Sanitary Ware,pcs,119,INR,Saint-Gobain,10k catalog row 8209
LRG-08210,Bulk SKU 8210,Steel & Metal,pcs,120,INR,UltraTech,10k catalog row 8210
LRG-08211,Bulk SKU 8211,Tiles & Flooring,pcs,121,INR,Tata,10k catalog row 8211
LRG-08212,Bulk SKU 8212,Electrical Supplies,pcs,122,INR,Kajaria,10k catalog row 8212
LRG-08213,Bulk SKU 8213,Plumbing & HVAC,pcs,123,INR,Havells,10k catalog row 8213
LRG-08214,Bulk SKU 8214,Paint & Finishes,pcs,124,INR,Jaquar,10k catalog row 8214
LRG-08215,Bulk SKU 8215,Building Materials,pcs,125,INR,Asian Paints,10k catalog row 8215
LRG-08216,Bulk SKU 8216,Lighting & Fixtures,pcs,126,INR,Bosch,10k catalog row 8216
LRG-08217,Bulk SKU 8217,Timber & Wood,pcs,127,INR,3M,10k catalog row 8217
LRG-08218,Bulk SKU 8218,Glass & Aluminium,pcs,128,INR,Jindal,10k catalog row 8218
LRG-08219,Bulk SKU 8219,Sanitary Ware,pcs,129,INR,Saint-Gobain,10k catalog row 8219
LRG-08220,Bulk SKU 8220,Steel & Metal,pcs,130,INR,UltraTech,10k catalog row 8220
LRG-08221,Bulk SKU 8221,Tiles & Flooring,pcs,131,INR,Tata,10k catalog row 8221
LRG-08222,Bulk SKU 8222,Electrical Supplies,pcs,132,INR,Kajaria,10k catalog row 8222
LRG-08223,Bulk SKU 8223,Plumbing & HVAC,pcs,133,INR,Havells,10k catalog row 8223
LRG-08224,Bulk SKU 8224,Paint & Finishes,pcs,134,INR,Jaquar,10k catalog row 8224
LRG-08225,Bulk SKU 8225,Building Materials,pcs,135,INR,Asian Paints,10k catalog row 8225
LRG-08226,Bulk SKU 8226,Lighting & Fixtures,pcs,136,INR,Bosch,10k catalog row 8226
LRG-08227,Bulk SKU 8227,Timber & Wood,pcs,137,INR,3M,10k catalog row 8227
LRG-08228,Bulk SKU 8228,Glass & Aluminium,pcs,138,INR,Jindal,10k catalog row 8228
LRG-08229,Bulk SKU 8229,Sanitary Ware,pcs,139,INR,Saint-Gobain,10k catalog row 8229
LRG-08230,Bulk SKU 8230,Steel & Metal,pcs,140,INR,UltraTech,10k catalog row 8230
LRG-08231,Bulk SKU 8231,Tiles & Flooring,pcs,141,INR,Tata,10k catalog row 8231
LRG-08232,Bulk SKU 8232,Electrical Supplies,pcs,142,INR,Kajaria,10k catalog row 8232
LRG-08233,Bulk SKU 8233,Plumbing & HVAC,pcs,143,INR,Havells,10k catalog row 8233
LRG-08234,Bulk SKU 8234,Paint & Finishes,pcs,144,INR,Jaquar,10k catalog row 8234
LRG-08235,Bulk SKU 8235,Building Materials,pcs,145,INR,Asian Paints,10k catalog row 8235
LRG-08236,Bulk SKU 8236,Lighting & Fixtures,pcs,146,INR,Bosch,10k catalog row 8236
LRG-08237,Bulk SKU 8237,Timber & Wood,pcs,147,INR,3M,10k catalog row 8237
LRG-08238,Bulk SKU 8238,Glass & Aluminium,pcs,148,INR,Jindal,10k catalog row 8238
LRG-08239,Bulk SKU 8239,Sanitary Ware,pcs,149,INR,Saint-Gobain,10k catalog row 8239
LRG-08240,Bulk SKU 8240,Steel & Metal,pcs,150,INR,UltraTech,10k catalog row 8240
LRG-08241,Bulk SKU 8241,Tiles & Flooring,pcs,151,INR,Tata,10k catalog row 8241
LRG-08242,Bulk SKU 8242,Electrical Supplies,pcs,152,INR,Kajaria,10k catalog row 8242
LRG-08243,Bulk SKU 8243,Plumbing & HVAC,pcs,153,INR,Havells,10k catalog row 8243
LRG-08244,Bulk SKU 8244,Paint & Finishes,pcs,154,INR,Jaquar,10k catalog row 8244
LRG-08245,Bulk SKU 8245,Building Materials,pcs,155,INR,Asian Paints,10k catalog row 8245
LRG-08246,Bulk SKU 8246,Lighting & Fixtures,pcs,156,INR,Bosch,10k catalog row 8246
LRG-08247,Bulk SKU 8247,Timber & Wood,pcs,157,INR,3M,10k catalog row 8247
LRG-08248,Bulk SKU 8248,Glass & Aluminium,pcs,158,INR,Jindal,10k catalog row 8248
LRG-08249,Bulk SKU 8249,Sanitary Ware,pcs,159,INR,Saint-Gobain,10k catalog row 8249
LRG-08250,Bulk SKU 8250,Steel & Metal,pcs,160,INR,UltraTech,10k catalog row 8250
LRG-08251,Bulk SKU 8251,Tiles & Flooring,pcs,161,INR,Tata,10k catalog row 8251
LRG-08252,Bulk SKU 8252,Electrical Supplies,pcs,162,INR,Kajaria,10k catalog row 8252
LRG-08253,Bulk SKU 8253,Plumbing & HVAC,pcs,163,INR,Havells,10k catalog row 8253
LRG-08254,Bulk SKU 8254,Paint & Finishes,pcs,164,INR,Jaquar,10k catalog row 8254
LRG-08255,Bulk SKU 8255,Building Materials,pcs,165,INR,Asian Paints,10k catalog row 8255
LRG-08256,Bulk SKU 8256,Lighting & Fixtures,pcs,166,INR,Bosch,10k catalog row 8256
LRG-08257,Bulk SKU 8257,Timber & Wood,pcs,167,INR,3M,10k catalog row 8257
LRG-08258,Bulk SKU 8258,Glass & Aluminium,pcs,168,INR,Jindal,10k catalog row 8258
LRG-08259,Bulk SKU 8259,Sanitary Ware,pcs,169,INR,Saint-Gobain,10k catalog row 8259
LRG-08260,Bulk SKU 8260,Steel & Metal,pcs,170,INR,UltraTech,10k catalog row 8260
LRG-08261,Bulk SKU 8261,Tiles & Flooring,pcs,171,INR,Tata,10k catalog row 8261
LRG-08262,Bulk SKU 8262,Electrical Supplies,pcs,172,INR,Kajaria,10k catalog row 8262
LRG-08263,Bulk SKU 8263,Plumbing & HVAC,pcs,173,INR,Havells,10k catalog row 8263
LRG-08264,Bulk SKU 8264,Paint & Finishes,pcs,174,INR,Jaquar,10k catalog row 8264
LRG-08265,Bulk SKU 8265,Building Materials,pcs,175,INR,Asian Paints,10k catalog row 8265
LRG-08266,Bulk SKU 8266,Lighting & Fixtures,pcs,176,INR,Bosch,10k catalog row 8266
LRG-08267,Bulk SKU 8267,Timber & Wood,pcs,177,INR,3M,10k catalog row 8267
LRG-08268,Bulk SKU 8268,Glass & Aluminium,pcs,178,INR,Jindal,10k catalog row 8268
LRG-08269,Bulk SKU 8269,Sanitary Ware,pcs,179,INR,Saint-Gobain,10k catalog row 8269
LRG-08270,Bulk SKU 8270,Steel & Metal,pcs,180,INR,UltraTech,10k catalog row 8270
LRG-08271,Bulk SKU 8271,Tiles & Flooring,pcs,181,INR,Tata,10k catalog row 8271
LRG-08272,Bulk SKU 8272,Electrical Supplies,pcs,182,INR,Kajaria,10k catalog row 8272
LRG-08273,Bulk SKU 8273,Plumbing & HVAC,pcs,183,INR,Havells,10k catalog row 8273
LRG-08274,Bulk SKU 8274,Paint & Finishes,pcs,184,INR,Jaquar,10k catalog row 8274
LRG-08275,Bulk SKU 8275,Building Materials,pcs,185,INR,Asian Paints,10k catalog row 8275
LRG-08276,Bulk SKU 8276,Lighting & Fixtures,pcs,186,INR,Bosch,10k catalog row 8276
LRG-08277,Bulk SKU 8277,Timber & Wood,pcs,187,INR,3M,10k catalog row 8277
LRG-08278,Bulk SKU 8278,Glass & Aluminium,pcs,188,INR,Jindal,10k catalog row 8278
LRG-08279,Bulk SKU 8279,Sanitary Ware,pcs,189,INR,Saint-Gobain,10k catalog row 8279
LRG-08280,Bulk SKU 8280,Steel & Metal,pcs,190,INR,UltraTech,10k catalog row 8280
LRG-08281,Bulk SKU 8281,Tiles & Flooring,pcs,191,INR,Tata,10k catalog row 8281
LRG-08282,Bulk SKU 8282,Electrical Supplies,pcs,192,INR,Kajaria,10k catalog row 8282
LRG-08283,Bulk SKU 8283,Plumbing & HVAC,pcs,193,INR,Havells,10k catalog row 8283
LRG-08284,Bulk SKU 8284,Paint & Finishes,pcs,194,INR,Jaquar,10k catalog row 8284
LRG-08285,Bulk SKU 8285,Building Materials,pcs,195,INR,Asian Paints,10k catalog row 8285
LRG-08286,Bulk SKU 8286,Lighting & Fixtures,pcs,196,INR,Bosch,10k catalog row 8286
LRG-08287,Bulk SKU 8287,Timber & Wood,pcs,197,INR,3M,10k catalog row 8287
LRG-08288,Bulk SKU 8288,Glass & Aluminium,pcs,198,INR,Jindal,10k catalog row 8288
LRG-08289,Bulk SKU 8289,Sanitary Ware,pcs,199,INR,Saint-Gobain,10k catalog row 8289
LRG-08290,Bulk SKU 8290,Steel & Metal,pcs,200,INR,UltraTech,10k catalog row 8290
LRG-08291,Bulk SKU 8291,Tiles & Flooring,pcs,201,INR,Tata,10k catalog row 8291
LRG-08292,Bulk SKU 8292,Electrical Supplies,pcs,202,INR,Kajaria,10k catalog row 8292
LRG-08293,Bulk SKU 8293,Plumbing & HVAC,pcs,203,INR,Havells,10k catalog row 8293
LRG-08294,Bulk SKU 8294,Paint & Finishes,pcs,204,INR,Jaquar,10k catalog row 8294
LRG-08295,Bulk SKU 8295,Building Materials,pcs,205,INR,Asian Paints,10k catalog row 8295
LRG-08296,Bulk SKU 8296,Lighting & Fixtures,pcs,206,INR,Bosch,10k catalog row 8296
LRG-08297,Bulk SKU 8297,Timber & Wood,pcs,207,INR,3M,10k catalog row 8297
LRG-08298,Bulk SKU 8298,Glass & Aluminium,pcs,208,INR,Jindal,10k catalog row 8298
LRG-08299,Bulk SKU 8299,Sanitary Ware,pcs,209,INR,Saint-Gobain,10k catalog row 8299
LRG-08300,Bulk SKU 8300,Steel & Metal,pcs,210,INR,UltraTech,10k catalog row 8300
LRG-08301,Bulk SKU 8301,Tiles & Flooring,pcs,211,INR,Tata,10k catalog row 8301
LRG-08302,Bulk SKU 8302,Electrical Supplies,pcs,212,INR,Kajaria,10k catalog row 8302
LRG-08303,Bulk SKU 8303,Plumbing & HVAC,pcs,213,INR,Havells,10k catalog row 8303
LRG-08304,Bulk SKU 8304,Paint & Finishes,pcs,214,INR,Jaquar,10k catalog row 8304
LRG-08305,Bulk SKU 8305,Building Materials,pcs,215,INR,Asian Paints,10k catalog row 8305
LRG-08306,Bulk SKU 8306,Lighting & Fixtures,pcs,216,INR,Bosch,10k catalog row 8306
LRG-08307,Bulk SKU 8307,Timber & Wood,pcs,217,INR,3M,10k catalog row 8307
LRG-08308,Bulk SKU 8308,Glass & Aluminium,pcs,218,INR,Jindal,10k catalog row 8308
LRG-08309,Bulk SKU 8309,Sanitary Ware,pcs,219,INR,Saint-Gobain,10k catalog row 8309
LRG-08310,Bulk SKU 8310,Steel & Metal,pcs,220,INR,UltraTech,10k catalog row 8310
LRG-08311,Bulk SKU 8311,Tiles & Flooring,pcs,221,INR,Tata,10k catalog row 8311
LRG-08312,Bulk SKU 8312,Electrical Supplies,pcs,222,INR,Kajaria,10k catalog row 8312
LRG-08313,Bulk SKU 8313,Plumbing & HVAC,pcs,223,INR,Havells,10k catalog row 8313
LRG-08314,Bulk SKU 8314,Paint & Finishes,pcs,224,INR,Jaquar,10k catalog row 8314
LRG-08315,Bulk SKU 8315,Building Materials,pcs,225,INR,Asian Paints,10k catalog row 8315
LRG-08316,Bulk SKU 8316,Lighting & Fixtures,pcs,226,INR,Bosch,10k catalog row 8316
LRG-08317,Bulk SKU 8317,Timber & Wood,pcs,227,INR,3M,10k catalog row 8317
LRG-08318,Bulk SKU 8318,Glass & Aluminium,pcs,228,INR,Jindal,10k catalog row 8318
LRG-08319,Bulk SKU 8319,Sanitary Ware,pcs,229,INR,Saint-Gobain,10k catalog row 8319
LRG-08320,Bulk SKU 8320,Steel & Metal,pcs,230,INR,UltraTech,10k catalog row 8320
LRG-08321,Bulk SKU 8321,Tiles & Flooring,pcs,231,INR,Tata,10k catalog row 8321
LRG-08322,Bulk SKU 8322,Electrical Supplies,pcs,232,INR,Kajaria,10k catalog row 8322
LRG-08323,Bulk SKU 8323,Plumbing & HVAC,pcs,233,INR,Havells,10k catalog row 8323
LRG-08324,Bulk SKU 8324,Paint & Finishes,pcs,234,INR,Jaquar,10k catalog row 8324
LRG-08325,Bulk SKU 8325,Building Materials,pcs,235,INR,Asian Paints,10k catalog row 8325
LRG-08326,Bulk SKU 8326,Lighting & Fixtures,pcs,236,INR,Bosch,10k catalog row 8326
LRG-08327,Bulk SKU 8327,Timber & Wood,pcs,237,INR,3M,10k catalog row 8327
LRG-08328,Bulk SKU 8328,Glass & Aluminium,pcs,238,INR,Jindal,10k catalog row 8328
LRG-08329,Bulk SKU 8329,Sanitary Ware,pcs,239,INR,Saint-Gobain,10k catalog row 8329
LRG-08330,Bulk SKU 8330,Steel & Metal,pcs,240,INR,UltraTech,10k catalog row 8330
LRG-08331,Bulk SKU 8331,Tiles & Flooring,pcs,241,INR,Tata,10k catalog row 8331
LRG-08332,Bulk SKU 8332,Electrical Supplies,pcs,242,INR,Kajaria,10k catalog row 8332
LRG-08333,Bulk SKU 8333,Plumbing & HVAC,pcs,243,INR,Havells,10k catalog row 8333
LRG-08334,Bulk SKU 8334,Paint & Finishes,pcs,244,INR,Jaquar,10k catalog row 8334
LRG-08335,Bulk SKU 8335,Building Materials,pcs,245,INR,Asian Paints,10k catalog row 8335
LRG-08336,Bulk SKU 8336,Lighting & Fixtures,pcs,246,INR,Bosch,10k catalog row 8336
LRG-08337,Bulk SKU 8337,Timber & Wood,pcs,247,INR,3M,10k catalog row 8337
LRG-08338,Bulk SKU 8338,Glass & Aluminium,pcs,248,INR,Jindal,10k catalog row 8338
LRG-08339,Bulk SKU 8339,Sanitary Ware,pcs,249,INR,Saint-Gobain,10k catalog row 8339
LRG-08340,Bulk SKU 8340,Steel & Metal,pcs,250,INR,UltraTech,10k catalog row 8340
LRG-08341,Bulk SKU 8341,Tiles & Flooring,pcs,251,INR,Tata,10k catalog row 8341
LRG-08342,Bulk SKU 8342,Electrical Supplies,pcs,252,INR,Kajaria,10k catalog row 8342
LRG-08343,Bulk SKU 8343,Plumbing & HVAC,pcs,253,INR,Havells,10k catalog row 8343
LRG-08344,Bulk SKU 8344,Paint & Finishes,pcs,254,INR,Jaquar,10k catalog row 8344
LRG-08345,Bulk SKU 8345,Building Materials,pcs,255,INR,Asian Paints,10k catalog row 8345
LRG-08346,Bulk SKU 8346,Lighting & Fixtures,pcs,256,INR,Bosch,10k catalog row 8346
LRG-08347,Bulk SKU 8347,Timber & Wood,pcs,257,INR,3M,10k catalog row 8347
LRG-08348,Bulk SKU 8348,Glass & Aluminium,pcs,258,INR,Jindal,10k catalog row 8348
LRG-08349,Bulk SKU 8349,Sanitary Ware,pcs,259,INR,Saint-Gobain,10k catalog row 8349
LRG-08350,Bulk SKU 8350,Steel & Metal,pcs,260,INR,UltraTech,10k catalog row 8350
LRG-08351,Bulk SKU 8351,Tiles & Flooring,pcs,261,INR,Tata,10k catalog row 8351
LRG-08352,Bulk SKU 8352,Electrical Supplies,pcs,262,INR,Kajaria,10k catalog row 8352
LRG-08353,Bulk SKU 8353,Plumbing & HVAC,pcs,263,INR,Havells,10k catalog row 8353
LRG-08354,Bulk SKU 8354,Paint & Finishes,pcs,264,INR,Jaquar,10k catalog row 8354
LRG-08355,Bulk SKU 8355,Building Materials,pcs,265,INR,Asian Paints,10k catalog row 8355
LRG-08356,Bulk SKU 8356,Lighting & Fixtures,pcs,266,INR,Bosch,10k catalog row 8356
LRG-08357,Bulk SKU 8357,Timber & Wood,pcs,267,INR,3M,10k catalog row 8357
LRG-08358,Bulk SKU 8358,Glass & Aluminium,pcs,268,INR,Jindal,10k catalog row 8358
LRG-08359,Bulk SKU 8359,Sanitary Ware,pcs,269,INR,Saint-Gobain,10k catalog row 8359
LRG-08360,Bulk SKU 8360,Steel & Metal,pcs,270,INR,UltraTech,10k catalog row 8360
LRG-08361,Bulk SKU 8361,Tiles & Flooring,pcs,271,INR,Tata,10k catalog row 8361
LRG-08362,Bulk SKU 8362,Electrical Supplies,pcs,272,INR,Kajaria,10k catalog row 8362
LRG-08363,Bulk SKU 8363,Plumbing & HVAC,pcs,273,INR,Havells,10k catalog row 8363
LRG-08364,Bulk SKU 8364,Paint & Finishes,pcs,274,INR,Jaquar,10k catalog row 8364
LRG-08365,Bulk SKU 8365,Building Materials,pcs,275,INR,Asian Paints,10k catalog row 8365
LRG-08366,Bulk SKU 8366,Lighting & Fixtures,pcs,276,INR,Bosch,10k catalog row 8366
LRG-08367,Bulk SKU 8367,Timber & Wood,pcs,277,INR,3M,10k catalog row 8367
LRG-08368,Bulk SKU 8368,Glass & Aluminium,pcs,278,INR,Jindal,10k catalog row 8368
LRG-08369,Bulk SKU 8369,Sanitary Ware,pcs,279,INR,Saint-Gobain,10k catalog row 8369
LRG-08370,Bulk SKU 8370,Steel & Metal,pcs,280,INR,UltraTech,10k catalog row 8370
LRG-08371,Bulk SKU 8371,Tiles & Flooring,pcs,281,INR,Tata,10k catalog row 8371
LRG-08372,Bulk SKU 8372,Electrical Supplies,pcs,282,INR,Kajaria,10k catalog row 8372
LRG-08373,Bulk SKU 8373,Plumbing & HVAC,pcs,283,INR,Havells,10k catalog row 8373
LRG-08374,Bulk SKU 8374,Paint & Finishes,pcs,284,INR,Jaquar,10k catalog row 8374
LRG-08375,Bulk SKU 8375,Building Materials,pcs,285,INR,Asian Paints,10k catalog row 8375
LRG-08376,Bulk SKU 8376,Lighting & Fixtures,pcs,286,INR,Bosch,10k catalog row 8376
LRG-08377,Bulk SKU 8377,Timber & Wood,pcs,287,INR,3M,10k catalog row 8377
LRG-08378,Bulk SKU 8378,Glass & Aluminium,pcs,288,INR,Jindal,10k catalog row 8378
LRG-08379,Bulk SKU 8379,Sanitary Ware,pcs,289,INR,Saint-Gobain,10k catalog row 8379
LRG-08380,Bulk SKU 8380,Steel & Metal,pcs,290,INR,UltraTech,10k catalog row 8380
LRG-08381,Bulk SKU 8381,Tiles & Flooring,pcs,291,INR,Tata,10k catalog row 8381
LRG-08382,Bulk SKU 8382,Electrical Supplies,pcs,292,INR,Kajaria,10k catalog row 8382
LRG-08383,Bulk SKU 8383,Plumbing & HVAC,pcs,293,INR,Havells,10k catalog row 8383
LRG-08384,Bulk SKU 8384,Paint & Finishes,pcs,294,INR,Jaquar,10k catalog row 8384
LRG-08385,Bulk SKU 8385,Building Materials,pcs,295,INR,Asian Paints,10k catalog row 8385
LRG-08386,Bulk SKU 8386,Lighting & Fixtures,pcs,296,INR,Bosch,10k catalog row 8386
LRG-08387,Bulk SKU 8387,Timber & Wood,pcs,297,INR,3M,10k catalog row 8387
LRG-08388,Bulk SKU 8388,Glass & Aluminium,pcs,298,INR,Jindal,10k catalog row 8388
LRG-08389,Bulk SKU 8389,Sanitary Ware,pcs,299,INR,Saint-Gobain,10k catalog row 8389
LRG-08390,Bulk SKU 8390,Steel & Metal,pcs,300,INR,UltraTech,10k catalog row 8390
LRG-08391,Bulk SKU 8391,Tiles & Flooring,pcs,301,INR,Tata,10k catalog row 8391
LRG-08392,Bulk SKU 8392,Electrical Supplies,pcs,302,INR,Kajaria,10k catalog row 8392
LRG-08393,Bulk SKU 8393,Plumbing & HVAC,pcs,303,INR,Havells,10k catalog row 8393
LRG-08394,Bulk SKU 8394,Paint & Finishes,pcs,304,INR,Jaquar,10k catalog row 8394
LRG-08395,Bulk SKU 8395,Building Materials,pcs,305,INR,Asian Paints,10k catalog row 8395
LRG-08396,Bulk SKU 8396,Lighting & Fixtures,pcs,306,INR,Bosch,10k catalog row 8396
LRG-08397,Bulk SKU 8397,Timber & Wood,pcs,307,INR,3M,10k catalog row 8397
LRG-08398,Bulk SKU 8398,Glass & Aluminium,pcs,308,INR,Jindal,10k catalog row 8398
LRG-08399,Bulk SKU 8399,Sanitary Ware,pcs,309,INR,Saint-Gobain,10k catalog row 8399
LRG-08400,Bulk SKU 8400,Steel & Metal,pcs,310,INR,UltraTech,10k catalog row 8400
LRG-08401,Bulk SKU 8401,Tiles & Flooring,pcs,311,INR,Tata,10k catalog row 8401
LRG-08402,Bulk SKU 8402,Electrical Supplies,pcs,312,INR,Kajaria,10k catalog row 8402
LRG-08403,Bulk SKU 8403,Plumbing & HVAC,pcs,313,INR,Havells,10k catalog row 8403
LRG-08404,Bulk SKU 8404,Paint & Finishes,pcs,314,INR,Jaquar,10k catalog row 8404
LRG-08405,Bulk SKU 8405,Building Materials,pcs,315,INR,Asian Paints,10k catalog row 8405
LRG-08406,Bulk SKU 8406,Lighting & Fixtures,pcs,316,INR,Bosch,10k catalog row 8406
LRG-08407,Bulk SKU 8407,Timber & Wood,pcs,317,INR,3M,10k catalog row 8407
LRG-08408,Bulk SKU 8408,Glass & Aluminium,pcs,318,INR,Jindal,10k catalog row 8408
LRG-08409,Bulk SKU 8409,Sanitary Ware,pcs,319,INR,Saint-Gobain,10k catalog row 8409
LRG-08410,Bulk SKU 8410,Steel & Metal,pcs,320,INR,UltraTech,10k catalog row 8410
LRG-08411,Bulk SKU 8411,Tiles & Flooring,pcs,321,INR,Tata,10k catalog row 8411
LRG-08412,Bulk SKU 8412,Electrical Supplies,pcs,322,INR,Kajaria,10k catalog row 8412
LRG-08413,Bulk SKU 8413,Plumbing & HVAC,pcs,323,INR,Havells,10k catalog row 8413
LRG-08414,Bulk SKU 8414,Paint & Finishes,pcs,324,INR,Jaquar,10k catalog row 8414
LRG-08415,Bulk SKU 8415,Building Materials,pcs,325,INR,Asian Paints,10k catalog row 8415
LRG-08416,Bulk SKU 8416,Lighting & Fixtures,pcs,326,INR,Bosch,10k catalog row 8416
LRG-08417,Bulk SKU 8417,Timber & Wood,pcs,327,INR,3M,10k catalog row 8417
LRG-08418,Bulk SKU 8418,Glass & Aluminium,pcs,328,INR,Jindal,10k catalog row 8418
LRG-08419,Bulk SKU 8419,Sanitary Ware,pcs,329,INR,Saint-Gobain,10k catalog row 8419
LRG-08420,Bulk SKU 8420,Steel & Metal,pcs,330,INR,UltraTech,10k catalog row 8420
LRG-08421,Bulk SKU 8421,Tiles & Flooring,pcs,331,INR,Tata,10k catalog row 8421
LRG-08422,Bulk SKU 8422,Electrical Supplies,pcs,332,INR,Kajaria,10k catalog row 8422
LRG-08423,Bulk SKU 8423,Plumbing & HVAC,pcs,333,INR,Havells,10k catalog row 8423
LRG-08424,Bulk SKU 8424,Paint & Finishes,pcs,334,INR,Jaquar,10k catalog row 8424
LRG-08425,Bulk SKU 8425,Building Materials,pcs,335,INR,Asian Paints,10k catalog row 8425
LRG-08426,Bulk SKU 8426,Lighting & Fixtures,pcs,336,INR,Bosch,10k catalog row 8426
LRG-08427,Bulk SKU 8427,Timber & Wood,pcs,337,INR,3M,10k catalog row 8427
LRG-08428,Bulk SKU 8428,Glass & Aluminium,pcs,338,INR,Jindal,10k catalog row 8428
LRG-08429,Bulk SKU 8429,Sanitary Ware,pcs,339,INR,Saint-Gobain,10k catalog row 8429
LRG-08430,Bulk SKU 8430,Steel & Metal,pcs,340,INR,UltraTech,10k catalog row 8430
LRG-08431,Bulk SKU 8431,Tiles & Flooring,pcs,341,INR,Tata,10k catalog row 8431
LRG-08432,Bulk SKU 8432,Electrical Supplies,pcs,342,INR,Kajaria,10k catalog row 8432
LRG-08433,Bulk SKU 8433,Plumbing & HVAC,pcs,343,INR,Havells,10k catalog row 8433
LRG-08434,Bulk SKU 8434,Paint & Finishes,pcs,344,INR,Jaquar,10k catalog row 8434
LRG-08435,Bulk SKU 8435,Building Materials,pcs,345,INR,Asian Paints,10k catalog row 8435
LRG-08436,Bulk SKU 8436,Lighting & Fixtures,pcs,346,INR,Bosch,10k catalog row 8436
LRG-08437,Bulk SKU 8437,Timber & Wood,pcs,347,INR,3M,10k catalog row 8437
LRG-08438,Bulk SKU 8438,Glass & Aluminium,pcs,348,INR,Jindal,10k catalog row 8438
LRG-08439,Bulk SKU 8439,Sanitary Ware,pcs,349,INR,Saint-Gobain,10k catalog row 8439
LRG-08440,Bulk SKU 8440,Steel & Metal,pcs,350,INR,UltraTech,10k catalog row 8440
LRG-08441,Bulk SKU 8441,Tiles & Flooring,pcs,351,INR,Tata,10k catalog row 8441
LRG-08442,Bulk SKU 8442,Electrical Supplies,pcs,352,INR,Kajaria,10k catalog row 8442
LRG-08443,Bulk SKU 8443,Plumbing & HVAC,pcs,353,INR,Havells,10k catalog row 8443
LRG-08444,Bulk SKU 8444,Paint & Finishes,pcs,354,INR,Jaquar,10k catalog row 8444
LRG-08445,Bulk SKU 8445,Building Materials,pcs,355,INR,Asian Paints,10k catalog row 8445
LRG-08446,Bulk SKU 8446,Lighting & Fixtures,pcs,356,INR,Bosch,10k catalog row 8446
LRG-08447,Bulk SKU 8447,Timber & Wood,pcs,357,INR,3M,10k catalog row 8447
LRG-08448,Bulk SKU 8448,Glass & Aluminium,pcs,358,INR,Jindal,10k catalog row 8448
LRG-08449,Bulk SKU 8449,Sanitary Ware,pcs,359,INR,Saint-Gobain,10k catalog row 8449
LRG-08450,Bulk SKU 8450,Steel & Metal,pcs,360,INR,UltraTech,10k catalog row 8450
LRG-08451,Bulk SKU 8451,Tiles & Flooring,pcs,361,INR,Tata,10k catalog row 8451
LRG-08452,Bulk SKU 8452,Electrical Supplies,pcs,362,INR,Kajaria,10k catalog row 8452
LRG-08453,Bulk SKU 8453,Plumbing & HVAC,pcs,363,INR,Havells,10k catalog row 8453
LRG-08454,Bulk SKU 8454,Paint & Finishes,pcs,364,INR,Jaquar,10k catalog row 8454
LRG-08455,Bulk SKU 8455,Building Materials,pcs,365,INR,Asian Paints,10k catalog row 8455
LRG-08456,Bulk SKU 8456,Lighting & Fixtures,pcs,366,INR,Bosch,10k catalog row 8456
LRG-08457,Bulk SKU 8457,Timber & Wood,pcs,367,INR,3M,10k catalog row 8457
LRG-08458,Bulk SKU 8458,Glass & Aluminium,pcs,368,INR,Jindal,10k catalog row 8458
LRG-08459,Bulk SKU 8459,Sanitary Ware,pcs,369,INR,Saint-Gobain,10k catalog row 8459
LRG-08460,Bulk SKU 8460,Steel & Metal,pcs,370,INR,UltraTech,10k catalog row 8460
LRG-08461,Bulk SKU 8461,Tiles & Flooring,pcs,371,INR,Tata,10k catalog row 8461
LRG-08462,Bulk SKU 8462,Electrical Supplies,pcs,372,INR,Kajaria,10k catalog row 8462
LRG-08463,Bulk SKU 8463,Plumbing & HVAC,pcs,373,INR,Havells,10k catalog row 8463
LRG-08464,Bulk SKU 8464,Paint & Finishes,pcs,374,INR,Jaquar,10k catalog row 8464
LRG-08465,Bulk SKU 8465,Building Materials,pcs,375,INR,Asian Paints,10k catalog row 8465
LRG-08466,Bulk SKU 8466,Lighting & Fixtures,pcs,376,INR,Bosch,10k catalog row 8466
LRG-08467,Bulk SKU 8467,Timber & Wood,pcs,377,INR,3M,10k catalog row 8467
LRG-08468,Bulk SKU 8468,Glass & Aluminium,pcs,378,INR,Jindal,10k catalog row 8468
LRG-08469,Bulk SKU 8469,Sanitary Ware,pcs,379,INR,Saint-Gobain,10k catalog row 8469
LRG-08470,Bulk SKU 8470,Steel & Metal,pcs,380,INR,UltraTech,10k catalog row 8470
LRG-08471,Bulk SKU 8471,Tiles & Flooring,pcs,381,INR,Tata,10k catalog row 8471
LRG-08472,Bulk SKU 8472,Electrical Supplies,pcs,382,INR,Kajaria,10k catalog row 8472
LRG-08473,Bulk SKU 8473,Plumbing & HVAC,pcs,383,INR,Havells,10k catalog row 8473
LRG-08474,Bulk SKU 8474,Paint & Finishes,pcs,384,INR,Jaquar,10k catalog row 8474
LRG-08475,Bulk SKU 8475,Building Materials,pcs,385,INR,Asian Paints,10k catalog row 8475
LRG-08476,Bulk SKU 8476,Lighting & Fixtures,pcs,386,INR,Bosch,10k catalog row 8476
LRG-08477,Bulk SKU 8477,Timber & Wood,pcs,387,INR,3M,10k catalog row 8477
LRG-08478,Bulk SKU 8478,Glass & Aluminium,pcs,388,INR,Jindal,10k catalog row 8478
LRG-08479,Bulk SKU 8479,Sanitary Ware,pcs,389,INR,Saint-Gobain,10k catalog row 8479
LRG-08480,Bulk SKU 8480,Steel & Metal,pcs,390,INR,UltraTech,10k catalog row 8480
LRG-08481,Bulk SKU 8481,Tiles & Flooring,pcs,391,INR,Tata,10k catalog row 8481
LRG-08482,Bulk SKU 8482,Electrical Supplies,pcs,392,INR,Kajaria,10k catalog row 8482
LRG-08483,Bulk SKU 8483,Plumbing & HVAC,pcs,393,INR,Havells,10k catalog row 8483
LRG-08484,Bulk SKU 8484,Paint & Finishes,pcs,394,INR,Jaquar,10k catalog row 8484
LRG-08485,Bulk SKU 8485,Building Materials,pcs,395,INR,Asian Paints,10k catalog row 8485
LRG-08486,Bulk SKU 8486,Lighting & Fixtures,pcs,396,INR,Bosch,10k catalog row 8486
LRG-08487,Bulk SKU 8487,Timber & Wood,pcs,397,INR,3M,10k catalog row 8487
LRG-08488,Bulk SKU 8488,Glass & Aluminium,pcs,398,INR,Jindal,10k catalog row 8488
LRG-08489,Bulk SKU 8489,Sanitary Ware,pcs,399,INR,Saint-Gobain,10k catalog row 8489
LRG-08490,Bulk SKU 8490,Steel & Metal,pcs,400,INR,UltraTech,10k catalog row 8490
LRG-08491,Bulk SKU 8491,Tiles & Flooring,pcs,401,INR,Tata,10k catalog row 8491
LRG-08492,Bulk SKU 8492,Electrical Supplies,pcs,402,INR,Kajaria,10k catalog row 8492
LRG-08493,Bulk SKU 8493,Plumbing & HVAC,pcs,403,INR,Havells,10k catalog row 8493
LRG-08494,Bulk SKU 8494,Paint & Finishes,pcs,404,INR,Jaquar,10k catalog row 8494
LRG-08495,Bulk SKU 8495,Building Materials,pcs,405,INR,Asian Paints,10k catalog row 8495
LRG-08496,Bulk SKU 8496,Lighting & Fixtures,pcs,406,INR,Bosch,10k catalog row 8496
LRG-08497,Bulk SKU 8497,Timber & Wood,pcs,407,INR,3M,10k catalog row 8497
LRG-08498,Bulk SKU 8498,Glass & Aluminium,pcs,408,INR,Jindal,10k catalog row 8498
LRG-08499,Bulk SKU 8499,Sanitary Ware,pcs,409,INR,Saint-Gobain,10k catalog row 8499
LRG-08500,Bulk SKU 8500,Steel & Metal,pcs,410,INR,UltraTech,10k catalog row 8500
LRG-08501,Bulk SKU 8501,Tiles & Flooring,pcs,411,INR,Tata,10k catalog row 8501
LRG-08502,Bulk SKU 8502,Electrical Supplies,pcs,412,INR,Kajaria,10k catalog row 8502
LRG-08503,Bulk SKU 8503,Plumbing & HVAC,pcs,413,INR,Havells,10k catalog row 8503
LRG-08504,Bulk SKU 8504,Paint & Finishes,pcs,414,INR,Jaquar,10k catalog row 8504
LRG-08505,Bulk SKU 8505,Building Materials,pcs,415,INR,Asian Paints,10k catalog row 8505
LRG-08506,Bulk SKU 8506,Lighting & Fixtures,pcs,416,INR,Bosch,10k catalog row 8506
LRG-08507,Bulk SKU 8507,Timber & Wood,pcs,417,INR,3M,10k catalog row 8507
LRG-08508,Bulk SKU 8508,Glass & Aluminium,pcs,418,INR,Jindal,10k catalog row 8508
LRG-08509,Bulk SKU 8509,Sanitary Ware,pcs,419,INR,Saint-Gobain,10k catalog row 8509
LRG-08510,Bulk SKU 8510,Steel & Metal,pcs,420,INR,UltraTech,10k catalog row 8510
LRG-08511,Bulk SKU 8511,Tiles & Flooring,pcs,421,INR,Tata,10k catalog row 8511
LRG-08512,Bulk SKU 8512,Electrical Supplies,pcs,422,INR,Kajaria,10k catalog row 8512
LRG-08513,Bulk SKU 8513,Plumbing & HVAC,pcs,423,INR,Havells,10k catalog row 8513
LRG-08514,Bulk SKU 8514,Paint & Finishes,pcs,424,INR,Jaquar,10k catalog row 8514
LRG-08515,Bulk SKU 8515,Building Materials,pcs,425,INR,Asian Paints,10k catalog row 8515
LRG-08516,Bulk SKU 8516,Lighting & Fixtures,pcs,426,INR,Bosch,10k catalog row 8516
LRG-08517,Bulk SKU 8517,Timber & Wood,pcs,427,INR,3M,10k catalog row 8517
LRG-08518,Bulk SKU 8518,Glass & Aluminium,pcs,428,INR,Jindal,10k catalog row 8518
LRG-08519,Bulk SKU 8519,Sanitary Ware,pcs,429,INR,Saint-Gobain,10k catalog row 8519
LRG-08520,Bulk SKU 8520,Steel & Metal,pcs,430,INR,UltraTech,10k catalog row 8520
LRG-08521,Bulk SKU 8521,Tiles & Flooring,pcs,431,INR,Tata,10k catalog row 8521
LRG-08522,Bulk SKU 8522,Electrical Supplies,pcs,432,INR,Kajaria,10k catalog row 8522
LRG-08523,Bulk SKU 8523,Plumbing & HVAC,pcs,433,INR,Havells,10k catalog row 8523
LRG-08524,Bulk SKU 8524,Paint & Finishes,pcs,434,INR,Jaquar,10k catalog row 8524
LRG-08525,Bulk SKU 8525,Building Materials,pcs,435,INR,Asian Paints,10k catalog row 8525
LRG-08526,Bulk SKU 8526,Lighting & Fixtures,pcs,436,INR,Bosch,10k catalog row 8526
LRG-08527,Bulk SKU 8527,Timber & Wood,pcs,437,INR,3M,10k catalog row 8527
LRG-08528,Bulk SKU 8528,Glass & Aluminium,pcs,438,INR,Jindal,10k catalog row 8528
LRG-08529,Bulk SKU 8529,Sanitary Ware,pcs,439,INR,Saint-Gobain,10k catalog row 8529
LRG-08530,Bulk SKU 8530,Steel & Metal,pcs,440,INR,UltraTech,10k catalog row 8530
LRG-08531,Bulk SKU 8531,Tiles & Flooring,pcs,441,INR,Tata,10k catalog row 8531
LRG-08532,Bulk SKU 8532,Electrical Supplies,pcs,442,INR,Kajaria,10k catalog row 8532
LRG-08533,Bulk SKU 8533,Plumbing & HVAC,pcs,443,INR,Havells,10k catalog row 8533
LRG-08534,Bulk SKU 8534,Paint & Finishes,pcs,444,INR,Jaquar,10k catalog row 8534
LRG-08535,Bulk SKU 8535,Building Materials,pcs,445,INR,Asian Paints,10k catalog row 8535
LRG-08536,Bulk SKU 8536,Lighting & Fixtures,pcs,446,INR,Bosch,10k catalog row 8536
LRG-08537,Bulk SKU 8537,Timber & Wood,pcs,447,INR,3M,10k catalog row 8537
LRG-08538,Bulk SKU 8538,Glass & Aluminium,pcs,448,INR,Jindal,10k catalog row 8538
LRG-08539,Bulk SKU 8539,Sanitary Ware,pcs,449,INR,Saint-Gobain,10k catalog row 8539
LRG-08540,Bulk SKU 8540,Steel & Metal,pcs,450,INR,UltraTech,10k catalog row 8540
LRG-08541,Bulk SKU 8541,Tiles & Flooring,pcs,451,INR,Tata,10k catalog row 8541
LRG-08542,Bulk SKU 8542,Electrical Supplies,pcs,452,INR,Kajaria,10k catalog row 8542
LRG-08543,Bulk SKU 8543,Plumbing & HVAC,pcs,453,INR,Havells,10k catalog row 8543
LRG-08544,Bulk SKU 8544,Paint & Finishes,pcs,454,INR,Jaquar,10k catalog row 8544
LRG-08545,Bulk SKU 8545,Building Materials,pcs,455,INR,Asian Paints,10k catalog row 8545
LRG-08546,Bulk SKU 8546,Lighting & Fixtures,pcs,456,INR,Bosch,10k catalog row 8546
LRG-08547,Bulk SKU 8547,Timber & Wood,pcs,457,INR,3M,10k catalog row 8547
LRG-08548,Bulk SKU 8548,Glass & Aluminium,pcs,458,INR,Jindal,10k catalog row 8548
LRG-08549,Bulk SKU 8549,Sanitary Ware,pcs,459,INR,Saint-Gobain,10k catalog row 8549
LRG-08550,Bulk SKU 8550,Steel & Metal,pcs,460,INR,UltraTech,10k catalog row 8550
LRG-08551,Bulk SKU 8551,Tiles & Flooring,pcs,461,INR,Tata,10k catalog row 8551
LRG-08552,Bulk SKU 8552,Electrical Supplies,pcs,462,INR,Kajaria,10k catalog row 8552
LRG-08553,Bulk SKU 8553,Plumbing & HVAC,pcs,463,INR,Havells,10k catalog row 8553
LRG-08554,Bulk SKU 8554,Paint & Finishes,pcs,464,INR,Jaquar,10k catalog row 8554
LRG-08555,Bulk SKU 8555,Building Materials,pcs,465,INR,Asian Paints,10k catalog row 8555
LRG-08556,Bulk SKU 8556,Lighting & Fixtures,pcs,466,INR,Bosch,10k catalog row 8556
LRG-08557,Bulk SKU 8557,Timber & Wood,pcs,467,INR,3M,10k catalog row 8557
LRG-08558,Bulk SKU 8558,Glass & Aluminium,pcs,468,INR,Jindal,10k catalog row 8558
LRG-08559,Bulk SKU 8559,Sanitary Ware,pcs,469,INR,Saint-Gobain,10k catalog row 8559
LRG-08560,Bulk SKU 8560,Steel & Metal,pcs,470,INR,UltraTech,10k catalog row 8560
LRG-08561,Bulk SKU 8561,Tiles & Flooring,pcs,471,INR,Tata,10k catalog row 8561
LRG-08562,Bulk SKU 8562,Electrical Supplies,pcs,472,INR,Kajaria,10k catalog row 8562
LRG-08563,Bulk SKU 8563,Plumbing & HVAC,pcs,473,INR,Havells,10k catalog row 8563
LRG-08564,Bulk SKU 8564,Paint & Finishes,pcs,474,INR,Jaquar,10k catalog row 8564
LRG-08565,Bulk SKU 8565,Building Materials,pcs,475,INR,Asian Paints,10k catalog row 8565
LRG-08566,Bulk SKU 8566,Lighting & Fixtures,pcs,476,INR,Bosch,10k catalog row 8566
LRG-08567,Bulk SKU 8567,Timber & Wood,pcs,477,INR,3M,10k catalog row 8567
LRG-08568,Bulk SKU 8568,Glass & Aluminium,pcs,478,INR,Jindal,10k catalog row 8568
LRG-08569,Bulk SKU 8569,Sanitary Ware,pcs,479,INR,Saint-Gobain,10k catalog row 8569
LRG-08570,Bulk SKU 8570,Steel & Metal,pcs,480,INR,UltraTech,10k catalog row 8570
LRG-08571,Bulk SKU 8571,Tiles & Flooring,pcs,481,INR,Tata,10k catalog row 8571
LRG-08572,Bulk SKU 8572,Electrical Supplies,pcs,482,INR,Kajaria,10k catalog row 8572
LRG-08573,Bulk SKU 8573,Plumbing & HVAC,pcs,483,INR,Havells,10k catalog row 8573
LRG-08574,Bulk SKU 8574,Paint & Finishes,pcs,484,INR,Jaquar,10k catalog row 8574
LRG-08575,Bulk SKU 8575,Building Materials,pcs,485,INR,Asian Paints,10k catalog row 8575
LRG-08576,Bulk SKU 8576,Lighting & Fixtures,pcs,486,INR,Bosch,10k catalog row 8576
LRG-08577,Bulk SKU 8577,Timber & Wood,pcs,487,INR,3M,10k catalog row 8577
LRG-08578,Bulk SKU 8578,Glass & Aluminium,pcs,488,INR,Jindal,10k catalog row 8578
LRG-08579,Bulk SKU 8579,Sanitary Ware,pcs,489,INR,Saint-Gobain,10k catalog row 8579
LRG-08580,Bulk SKU 8580,Steel & Metal,pcs,490,INR,UltraTech,10k catalog row 8580
LRG-08581,Bulk SKU 8581,Tiles & Flooring,pcs,491,INR,Tata,10k catalog row 8581
LRG-08582,Bulk SKU 8582,Electrical Supplies,pcs,492,INR,Kajaria,10k catalog row 8582
LRG-08583,Bulk SKU 8583,Plumbing & HVAC,pcs,493,INR,Havells,10k catalog row 8583
LRG-08584,Bulk SKU 8584,Paint & Finishes,pcs,494,INR,Jaquar,10k catalog row 8584
LRG-08585,Bulk SKU 8585,Building Materials,pcs,495,INR,Asian Paints,10k catalog row 8585
LRG-08586,Bulk SKU 8586,Lighting & Fixtures,pcs,496,INR,Bosch,10k catalog row 8586
LRG-08587,Bulk SKU 8587,Timber & Wood,pcs,497,INR,3M,10k catalog row 8587
LRG-08588,Bulk SKU 8588,Glass & Aluminium,pcs,498,INR,Jindal,10k catalog row 8588
LRG-08589,Bulk SKU 8589,Sanitary Ware,pcs,499,INR,Saint-Gobain,10k catalog row 8589
LRG-08590,Bulk SKU 8590,Steel & Metal,pcs,500,INR,UltraTech,10k catalog row 8590
LRG-08591,Bulk SKU 8591,Tiles & Flooring,pcs,501,INR,Tata,10k catalog row 8591
LRG-08592,Bulk SKU 8592,Electrical Supplies,pcs,502,INR,Kajaria,10k catalog row 8592
LRG-08593,Bulk SKU 8593,Plumbing & HVAC,pcs,503,INR,Havells,10k catalog row 8593
LRG-08594,Bulk SKU 8594,Paint & Finishes,pcs,504,INR,Jaquar,10k catalog row 8594
LRG-08595,Bulk SKU 8595,Building Materials,pcs,505,INR,Asian Paints,10k catalog row 8595
LRG-08596,Bulk SKU 8596,Lighting & Fixtures,pcs,506,INR,Bosch,10k catalog row 8596
LRG-08597,Bulk SKU 8597,Timber & Wood,pcs,507,INR,3M,10k catalog row 8597
LRG-08598,Bulk SKU 8598,Glass & Aluminium,pcs,508,INR,Jindal,10k catalog row 8598
LRG-08599,Bulk SKU 8599,Sanitary Ware,pcs,509,INR,Saint-Gobain,10k catalog row 8599
LRG-08600,Bulk SKU 8600,Steel & Metal,pcs,510,INR,UltraTech,10k catalog row 8600
LRG-08601,Bulk SKU 8601,Tiles & Flooring,pcs,511,INR,Tata,10k catalog row 8601
LRG-08602,Bulk SKU 8602,Electrical Supplies,pcs,512,INR,Kajaria,10k catalog row 8602
LRG-08603,Bulk SKU 8603,Plumbing & HVAC,pcs,513,INR,Havells,10k catalog row 8603
LRG-08604,Bulk SKU 8604,Paint & Finishes,pcs,514,INR,Jaquar,10k catalog row 8604
LRG-08605,Bulk SKU 8605,Building Materials,pcs,515,INR,Asian Paints,10k catalog row 8605
LRG-08606,Bulk SKU 8606,Lighting & Fixtures,pcs,516,INR,Bosch,10k catalog row 8606
LRG-08607,Bulk SKU 8607,Timber & Wood,pcs,517,INR,3M,10k catalog row 8607
LRG-08608,Bulk SKU 8608,Glass & Aluminium,pcs,518,INR,Jindal,10k catalog row 8608
LRG-08609,Bulk SKU 8609,Sanitary Ware,pcs,519,INR,Saint-Gobain,10k catalog row 8609
LRG-08610,Bulk SKU 8610,Steel & Metal,pcs,520,INR,UltraTech,10k catalog row 8610
LRG-08611,Bulk SKU 8611,Tiles & Flooring,pcs,521,INR,Tata,10k catalog row 8611
LRG-08612,Bulk SKU 8612,Electrical Supplies,pcs,522,INR,Kajaria,10k catalog row 8612
LRG-08613,Bulk SKU 8613,Plumbing & HVAC,pcs,523,INR,Havells,10k catalog row 8613
LRG-08614,Bulk SKU 8614,Paint & Finishes,pcs,524,INR,Jaquar,10k catalog row 8614
LRG-08615,Bulk SKU 8615,Building Materials,pcs,525,INR,Asian Paints,10k catalog row 8615
LRG-08616,Bulk SKU 8616,Lighting & Fixtures,pcs,526,INR,Bosch,10k catalog row 8616
LRG-08617,Bulk SKU 8617,Timber & Wood,pcs,527,INR,3M,10k catalog row 8617
LRG-08618,Bulk SKU 8618,Glass & Aluminium,pcs,528,INR,Jindal,10k catalog row 8618
LRG-08619,Bulk SKU 8619,Sanitary Ware,pcs,529,INR,Saint-Gobain,10k catalog row 8619
LRG-08620,Bulk SKU 8620,Steel & Metal,pcs,530,INR,UltraTech,10k catalog row 8620
LRG-08621,Bulk SKU 8621,Tiles & Flooring,pcs,531,INR,Tata,10k catalog row 8621
LRG-08622,Bulk SKU 8622,Electrical Supplies,pcs,532,INR,Kajaria,10k catalog row 8622
LRG-08623,Bulk SKU 8623,Plumbing & HVAC,pcs,533,INR,Havells,10k catalog row 8623
LRG-08624,Bulk SKU 8624,Paint & Finishes,pcs,534,INR,Jaquar,10k catalog row 8624
LRG-08625,Bulk SKU 8625,Building Materials,pcs,535,INR,Asian Paints,10k catalog row 8625
LRG-08626,Bulk SKU 8626,Lighting & Fixtures,pcs,536,INR,Bosch,10k catalog row 8626
LRG-08627,Bulk SKU 8627,Timber & Wood,pcs,537,INR,3M,10k catalog row 8627
LRG-08628,Bulk SKU 8628,Glass & Aluminium,pcs,538,INR,Jindal,10k catalog row 8628
LRG-08629,Bulk SKU 8629,Sanitary Ware,pcs,539,INR,Saint-Gobain,10k catalog row 8629
LRG-08630,Bulk SKU 8630,Steel & Metal,pcs,540,INR,UltraTech,10k catalog row 8630
LRG-08631,Bulk SKU 8631,Tiles & Flooring,pcs,541,INR,Tata,10k catalog row 8631
LRG-08632,Bulk SKU 8632,Electrical Supplies,pcs,542,INR,Kajaria,10k catalog row 8632
LRG-08633,Bulk SKU 8633,Plumbing & HVAC,pcs,543,INR,Havells,10k catalog row 8633
LRG-08634,Bulk SKU 8634,Paint & Finishes,pcs,544,INR,Jaquar,10k catalog row 8634
LRG-08635,Bulk SKU 8635,Building Materials,pcs,545,INR,Asian Paints,10k catalog row 8635
LRG-08636,Bulk SKU 8636,Lighting & Fixtures,pcs,546,INR,Bosch,10k catalog row 8636
LRG-08637,Bulk SKU 8637,Timber & Wood,pcs,547,INR,3M,10k catalog row 8637
LRG-08638,Bulk SKU 8638,Glass & Aluminium,pcs,548,INR,Jindal,10k catalog row 8638
LRG-08639,Bulk SKU 8639,Sanitary Ware,pcs,549,INR,Saint-Gobain,10k catalog row 8639
LRG-08640,Bulk SKU 8640,Steel & Metal,pcs,550,INR,UltraTech,10k catalog row 8640
LRG-08641,Bulk SKU 8641,Tiles & Flooring,pcs,551,INR,Tata,10k catalog row 8641
LRG-08642,Bulk SKU 8642,Electrical Supplies,pcs,552,INR,Kajaria,10k catalog row 8642
LRG-08643,Bulk SKU 8643,Plumbing & HVAC,pcs,553,INR,Havells,10k catalog row 8643
LRG-08644,Bulk SKU 8644,Paint & Finishes,pcs,554,INR,Jaquar,10k catalog row 8644
LRG-08645,Bulk SKU 8645,Building Materials,pcs,555,INR,Asian Paints,10k catalog row 8645
LRG-08646,Bulk SKU 8646,Lighting & Fixtures,pcs,556,INR,Bosch,10k catalog row 8646
LRG-08647,Bulk SKU 8647,Timber & Wood,pcs,557,INR,3M,10k catalog row 8647
LRG-08648,Bulk SKU 8648,Glass & Aluminium,pcs,558,INR,Jindal,10k catalog row 8648
LRG-08649,Bulk SKU 8649,Sanitary Ware,pcs,559,INR,Saint-Gobain,10k catalog row 8649
LRG-08650,Bulk SKU 8650,Steel & Metal,pcs,560,INR,UltraTech,10k catalog row 8650
LRG-08651,Bulk SKU 8651,Tiles & Flooring,pcs,561,INR,Tata,10k catalog row 8651
LRG-08652,Bulk SKU 8652,Electrical Supplies,pcs,562,INR,Kajaria,10k catalog row 8652
LRG-08653,Bulk SKU 8653,Plumbing & HVAC,pcs,563,INR,Havells,10k catalog row 8653
LRG-08654,Bulk SKU 8654,Paint & Finishes,pcs,564,INR,Jaquar,10k catalog row 8654
LRG-08655,Bulk SKU 8655,Building Materials,pcs,565,INR,Asian Paints,10k catalog row 8655
LRG-08656,Bulk SKU 8656,Lighting & Fixtures,pcs,566,INR,Bosch,10k catalog row 8656
LRG-08657,Bulk SKU 8657,Timber & Wood,pcs,567,INR,3M,10k catalog row 8657
LRG-08658,Bulk SKU 8658,Glass & Aluminium,pcs,568,INR,Jindal,10k catalog row 8658
LRG-08659,Bulk SKU 8659,Sanitary Ware,pcs,569,INR,Saint-Gobain,10k catalog row 8659
LRG-08660,Bulk SKU 8660,Steel & Metal,pcs,570,INR,UltraTech,10k catalog row 8660
LRG-08661,Bulk SKU 8661,Tiles & Flooring,pcs,571,INR,Tata,10k catalog row 8661
LRG-08662,Bulk SKU 8662,Electrical Supplies,pcs,572,INR,Kajaria,10k catalog row 8662
LRG-08663,Bulk SKU 8663,Plumbing & HVAC,pcs,573,INR,Havells,10k catalog row 8663
LRG-08664,Bulk SKU 8664,Paint & Finishes,pcs,574,INR,Jaquar,10k catalog row 8664
LRG-08665,Bulk SKU 8665,Building Materials,pcs,575,INR,Asian Paints,10k catalog row 8665
LRG-08666,Bulk SKU 8666,Lighting & Fixtures,pcs,576,INR,Bosch,10k catalog row 8666
LRG-08667,Bulk SKU 8667,Timber & Wood,pcs,577,INR,3M,10k catalog row 8667
LRG-08668,Bulk SKU 8668,Glass & Aluminium,pcs,578,INR,Jindal,10k catalog row 8668
LRG-08669,Bulk SKU 8669,Sanitary Ware,pcs,579,INR,Saint-Gobain,10k catalog row 8669
LRG-08670,Bulk SKU 8670,Steel & Metal,pcs,580,INR,UltraTech,10k catalog row 8670
LRG-08671,Bulk SKU 8671,Tiles & Flooring,pcs,581,INR,Tata,10k catalog row 8671
LRG-08672,Bulk SKU 8672,Electrical Supplies,pcs,582,INR,Kajaria,10k catalog row 8672
LRG-08673,Bulk SKU 8673,Plumbing & HVAC,pcs,583,INR,Havells,10k catalog row 8673
LRG-08674,Bulk SKU 8674,Paint & Finishes,pcs,584,INR,Jaquar,10k catalog row 8674
LRG-08675,Bulk SKU 8675,Building Materials,pcs,585,INR,Asian Paints,10k catalog row 8675
LRG-08676,Bulk SKU 8676,Lighting & Fixtures,pcs,586,INR,Bosch,10k catalog row 8676
LRG-08677,Bulk SKU 8677,Timber & Wood,pcs,587,INR,3M,10k catalog row 8677
LRG-08678,Bulk SKU 8678,Glass & Aluminium,pcs,588,INR,Jindal,10k catalog row 8678
LRG-08679,Bulk SKU 8679,Sanitary Ware,pcs,589,INR,Saint-Gobain,10k catalog row 8679
LRG-08680,Bulk SKU 8680,Steel & Metal,pcs,590,INR,UltraTech,10k catalog row 8680
LRG-08681,Bulk SKU 8681,Tiles & Flooring,pcs,591,INR,Tata,10k catalog row 8681
LRG-08682,Bulk SKU 8682,Electrical Supplies,pcs,592,INR,Kajaria,10k catalog row 8682
LRG-08683,Bulk SKU 8683,Plumbing & HVAC,pcs,593,INR,Havells,10k catalog row 8683
LRG-08684,Bulk SKU 8684,Paint & Finishes,pcs,594,INR,Jaquar,10k catalog row 8684
LRG-08685,Bulk SKU 8685,Building Materials,pcs,595,INR,Asian Paints,10k catalog row 8685
LRG-08686,Bulk SKU 8686,Lighting & Fixtures,pcs,596,INR,Bosch,10k catalog row 8686
LRG-08687,Bulk SKU 8687,Timber & Wood,pcs,597,INR,3M,10k catalog row 8687
LRG-08688,Bulk SKU 8688,Glass & Aluminium,pcs,598,INR,Jindal,10k catalog row 8688
LRG-08689,Bulk SKU 8689,Sanitary Ware,pcs,599,INR,Saint-Gobain,10k catalog row 8689
LRG-08690,Bulk SKU 8690,Steel & Metal,pcs,600,INR,UltraTech,10k catalog row 8690
LRG-08691,Bulk SKU 8691,Tiles & Flooring,pcs,601,INR,Tata,10k catalog row 8691
LRG-08692,Bulk SKU 8692,Electrical Supplies,pcs,602,INR,Kajaria,10k catalog row 8692
LRG-08693,Bulk SKU 8693,Plumbing & HVAC,pcs,603,INR,Havells,10k catalog row 8693
LRG-08694,Bulk SKU 8694,Paint & Finishes,pcs,604,INR,Jaquar,10k catalog row 8694
LRG-08695,Bulk SKU 8695,Building Materials,pcs,605,INR,Asian Paints,10k catalog row 8695
LRG-08696,Bulk SKU 8696,Lighting & Fixtures,pcs,606,INR,Bosch,10k catalog row 8696
LRG-08697,Bulk SKU 8697,Timber & Wood,pcs,607,INR,3M,10k catalog row 8697
LRG-08698,Bulk SKU 8698,Glass & Aluminium,pcs,608,INR,Jindal,10k catalog row 8698
LRG-08699,Bulk SKU 8699,Sanitary Ware,pcs,609,INR,Saint-Gobain,10k catalog row 8699
LRG-08700,Bulk SKU 8700,Steel & Metal,pcs,610,INR,UltraTech,10k catalog row 8700
LRG-08701,Bulk SKU 8701,Tiles & Flooring,pcs,611,INR,Tata,10k catalog row 8701
LRG-08702,Bulk SKU 8702,Electrical Supplies,pcs,612,INR,Kajaria,10k catalog row 8702
LRG-08703,Bulk SKU 8703,Plumbing & HVAC,pcs,613,INR,Havells,10k catalog row 8703
LRG-08704,Bulk SKU 8704,Paint & Finishes,pcs,614,INR,Jaquar,10k catalog row 8704
LRG-08705,Bulk SKU 8705,Building Materials,pcs,615,INR,Asian Paints,10k catalog row 8705
LRG-08706,Bulk SKU 8706,Lighting & Fixtures,pcs,616,INR,Bosch,10k catalog row 8706
LRG-08707,Bulk SKU 8707,Timber & Wood,pcs,617,INR,3M,10k catalog row 8707
LRG-08708,Bulk SKU 8708,Glass & Aluminium,pcs,618,INR,Jindal,10k catalog row 8708
LRG-08709,Bulk SKU 8709,Sanitary Ware,pcs,619,INR,Saint-Gobain,10k catalog row 8709
LRG-08710,Bulk SKU 8710,Steel & Metal,pcs,620,INR,UltraTech,10k catalog row 8710
LRG-08711,Bulk SKU 8711,Tiles & Flooring,pcs,621,INR,Tata,10k catalog row 8711
LRG-08712,Bulk SKU 8712,Electrical Supplies,pcs,622,INR,Kajaria,10k catalog row 8712
LRG-08713,Bulk SKU 8713,Plumbing & HVAC,pcs,623,INR,Havells,10k catalog row 8713
LRG-08714,Bulk SKU 8714,Paint & Finishes,pcs,624,INR,Jaquar,10k catalog row 8714
LRG-08715,Bulk SKU 8715,Building Materials,pcs,625,INR,Asian Paints,10k catalog row 8715
LRG-08716,Bulk SKU 8716,Lighting & Fixtures,pcs,626,INR,Bosch,10k catalog row 8716
LRG-08717,Bulk SKU 8717,Timber & Wood,pcs,627,INR,3M,10k catalog row 8717
LRG-08718,Bulk SKU 8718,Glass & Aluminium,pcs,628,INR,Jindal,10k catalog row 8718
LRG-08719,Bulk SKU 8719,Sanitary Ware,pcs,629,INR,Saint-Gobain,10k catalog row 8719
LRG-08720,Bulk SKU 8720,Steel & Metal,pcs,630,INR,UltraTech,10k catalog row 8720
LRG-08721,Bulk SKU 8721,Tiles & Flooring,pcs,631,INR,Tata,10k catalog row 8721
LRG-08722,Bulk SKU 8722,Electrical Supplies,pcs,632,INR,Kajaria,10k catalog row 8722
LRG-08723,Bulk SKU 8723,Plumbing & HVAC,pcs,633,INR,Havells,10k catalog row 8723
LRG-08724,Bulk SKU 8724,Paint & Finishes,pcs,634,INR,Jaquar,10k catalog row 8724
LRG-08725,Bulk SKU 8725,Building Materials,pcs,635,INR,Asian Paints,10k catalog row 8725
LRG-08726,Bulk SKU 8726,Lighting & Fixtures,pcs,636,INR,Bosch,10k catalog row 8726
LRG-08727,Bulk SKU 8727,Timber & Wood,pcs,637,INR,3M,10k catalog row 8727
LRG-08728,Bulk SKU 8728,Glass & Aluminium,pcs,638,INR,Jindal,10k catalog row 8728
LRG-08729,Bulk SKU 8729,Sanitary Ware,pcs,639,INR,Saint-Gobain,10k catalog row 8729
LRG-08730,Bulk SKU 8730,Steel & Metal,pcs,640,INR,UltraTech,10k catalog row 8730
LRG-08731,Bulk SKU 8731,Tiles & Flooring,pcs,641,INR,Tata,10k catalog row 8731
LRG-08732,Bulk SKU 8732,Electrical Supplies,pcs,642,INR,Kajaria,10k catalog row 8732
LRG-08733,Bulk SKU 8733,Plumbing & HVAC,pcs,643,INR,Havells,10k catalog row 8733
LRG-08734,Bulk SKU 8734,Paint & Finishes,pcs,644,INR,Jaquar,10k catalog row 8734
LRG-08735,Bulk SKU 8735,Building Materials,pcs,645,INR,Asian Paints,10k catalog row 8735
LRG-08736,Bulk SKU 8736,Lighting & Fixtures,pcs,646,INR,Bosch,10k catalog row 8736
LRG-08737,Bulk SKU 8737,Timber & Wood,pcs,647,INR,3M,10k catalog row 8737
LRG-08738,Bulk SKU 8738,Glass & Aluminium,pcs,648,INR,Jindal,10k catalog row 8738
LRG-08739,Bulk SKU 8739,Sanitary Ware,pcs,649,INR,Saint-Gobain,10k catalog row 8739
LRG-08740,Bulk SKU 8740,Steel & Metal,pcs,650,INR,UltraTech,10k catalog row 8740
LRG-08741,Bulk SKU 8741,Tiles & Flooring,pcs,651,INR,Tata,10k catalog row 8741
LRG-08742,Bulk SKU 8742,Electrical Supplies,pcs,652,INR,Kajaria,10k catalog row 8742
LRG-08743,Bulk SKU 8743,Plumbing & HVAC,pcs,653,INR,Havells,10k catalog row 8743
LRG-08744,Bulk SKU 8744,Paint & Finishes,pcs,654,INR,Jaquar,10k catalog row 8744
LRG-08745,Bulk SKU 8745,Building Materials,pcs,655,INR,Asian Paints,10k catalog row 8745
LRG-08746,Bulk SKU 8746,Lighting & Fixtures,pcs,656,INR,Bosch,10k catalog row 8746
LRG-08747,Bulk SKU 8747,Timber & Wood,pcs,657,INR,3M,10k catalog row 8747
LRG-08748,Bulk SKU 8748,Glass & Aluminium,pcs,658,INR,Jindal,10k catalog row 8748
LRG-08749,Bulk SKU 8749,Sanitary Ware,pcs,659,INR,Saint-Gobain,10k catalog row 8749
LRG-08750,Bulk SKU 8750,Steel & Metal,pcs,660,INR,UltraTech,10k catalog row 8750
LRG-08751,Bulk SKU 8751,Tiles & Flooring,pcs,661,INR,Tata,10k catalog row 8751
LRG-08752,Bulk SKU 8752,Electrical Supplies,pcs,662,INR,Kajaria,10k catalog row 8752
LRG-08753,Bulk SKU 8753,Plumbing & HVAC,pcs,663,INR,Havells,10k catalog row 8753
LRG-08754,Bulk SKU 8754,Paint & Finishes,pcs,664,INR,Jaquar,10k catalog row 8754
LRG-08755,Bulk SKU 8755,Building Materials,pcs,665,INR,Asian Paints,10k catalog row 8755
LRG-08756,Bulk SKU 8756,Lighting & Fixtures,pcs,666,INR,Bosch,10k catalog row 8756
LRG-08757,Bulk SKU 8757,Timber & Wood,pcs,667,INR,3M,10k catalog row 8757
LRG-08758,Bulk SKU 8758,Glass & Aluminium,pcs,668,INR,Jindal,10k catalog row 8758
LRG-08759,Bulk SKU 8759,Sanitary Ware,pcs,669,INR,Saint-Gobain,10k catalog row 8759
LRG-08760,Bulk SKU 8760,Steel & Metal,pcs,670,INR,UltraTech,10k catalog row 8760
LRG-08761,Bulk SKU 8761,Tiles & Flooring,pcs,671,INR,Tata,10k catalog row 8761
LRG-08762,Bulk SKU 8762,Electrical Supplies,pcs,672,INR,Kajaria,10k catalog row 8762
LRG-08763,Bulk SKU 8763,Plumbing & HVAC,pcs,673,INR,Havells,10k catalog row 8763
LRG-08764,Bulk SKU 8764,Paint & Finishes,pcs,674,INR,Jaquar,10k catalog row 8764
LRG-08765,Bulk SKU 8765,Building Materials,pcs,675,INR,Asian Paints,10k catalog row 8765
LRG-08766,Bulk SKU 8766,Lighting & Fixtures,pcs,676,INR,Bosch,10k catalog row 8766
LRG-08767,Bulk SKU 8767,Timber & Wood,pcs,677,INR,3M,10k catalog row 8767
LRG-08768,Bulk SKU 8768,Glass & Aluminium,pcs,678,INR,Jindal,10k catalog row 8768
LRG-08769,Bulk SKU 8769,Sanitary Ware,pcs,679,INR,Saint-Gobain,10k catalog row 8769
LRG-08770,Bulk SKU 8770,Steel & Metal,pcs,680,INR,UltraTech,10k catalog row 8770
LRG-08771,Bulk SKU 8771,Tiles & Flooring,pcs,681,INR,Tata,10k catalog row 8771
LRG-08772,Bulk SKU 8772,Electrical Supplies,pcs,682,INR,Kajaria,10k catalog row 8772
LRG-08773,Bulk SKU 8773,Plumbing & HVAC,pcs,683,INR,Havells,10k catalog row 8773
LRG-08774,Bulk SKU 8774,Paint & Finishes,pcs,684,INR,Jaquar,10k catalog row 8774
LRG-08775,Bulk SKU 8775,Building Materials,pcs,685,INR,Asian Paints,10k catalog row 8775
LRG-08776,Bulk SKU 8776,Lighting & Fixtures,pcs,686,INR,Bosch,10k catalog row 8776
LRG-08777,Bulk SKU 8777,Timber & Wood,pcs,687,INR,3M,10k catalog row 8777
LRG-08778,Bulk SKU 8778,Glass & Aluminium,pcs,688,INR,Jindal,10k catalog row 8778
LRG-08779,Bulk SKU 8779,Sanitary Ware,pcs,689,INR,Saint-Gobain,10k catalog row 8779
LRG-08780,Bulk SKU 8780,Steel & Metal,pcs,690,INR,UltraTech,10k catalog row 8780
LRG-08781,Bulk SKU 8781,Tiles & Flooring,pcs,691,INR,Tata,10k catalog row 8781
LRG-08782,Bulk SKU 8782,Electrical Supplies,pcs,692,INR,Kajaria,10k catalog row 8782
LRG-08783,Bulk SKU 8783,Plumbing & HVAC,pcs,693,INR,Havells,10k catalog row 8783
LRG-08784,Bulk SKU 8784,Paint & Finishes,pcs,694,INR,Jaquar,10k catalog row 8784
LRG-08785,Bulk SKU 8785,Building Materials,pcs,695,INR,Asian Paints,10k catalog row 8785
LRG-08786,Bulk SKU 8786,Lighting & Fixtures,pcs,696,INR,Bosch,10k catalog row 8786
LRG-08787,Bulk SKU 8787,Timber & Wood,pcs,697,INR,3M,10k catalog row 8787
LRG-08788,Bulk SKU 8788,Glass & Aluminium,pcs,698,INR,Jindal,10k catalog row 8788
LRG-08789,Bulk SKU 8789,Sanitary Ware,pcs,699,INR,Saint-Gobain,10k catalog row 8789
LRG-08790,Bulk SKU 8790,Steel & Metal,pcs,700,INR,UltraTech,10k catalog row 8790
LRG-08791,Bulk SKU 8791,Tiles & Flooring,pcs,701,INR,Tata,10k catalog row 8791
LRG-08792,Bulk SKU 8792,Electrical Supplies,pcs,702,INR,Kajaria,10k catalog row 8792
LRG-08793,Bulk SKU 8793,Plumbing & HVAC,pcs,703,INR,Havells,10k catalog row 8793
LRG-08794,Bulk SKU 8794,Paint & Finishes,pcs,704,INR,Jaquar,10k catalog row 8794
LRG-08795,Bulk SKU 8795,Building Materials,pcs,705,INR,Asian Paints,10k catalog row 8795
LRG-08796,Bulk SKU 8796,Lighting & Fixtures,pcs,706,INR,Bosch,10k catalog row 8796
LRG-08797,Bulk SKU 8797,Timber & Wood,pcs,707,INR,3M,10k catalog row 8797
LRG-08798,Bulk SKU 8798,Glass & Aluminium,pcs,708,INR,Jindal,10k catalog row 8798
LRG-08799,Bulk SKU 8799,Sanitary Ware,pcs,709,INR,Saint-Gobain,10k catalog row 8799
LRG-08800,Bulk SKU 8800,Steel & Metal,pcs,710,INR,UltraTech,10k catalog row 8800
LRG-08801,Bulk SKU 8801,Tiles & Flooring,pcs,711,INR,Tata,10k catalog row 8801
LRG-08802,Bulk SKU 8802,Electrical Supplies,pcs,712,INR,Kajaria,10k catalog row 8802
LRG-08803,Bulk SKU 8803,Plumbing & HVAC,pcs,713,INR,Havells,10k catalog row 8803
LRG-08804,Bulk SKU 8804,Paint & Finishes,pcs,714,INR,Jaquar,10k catalog row 8804
LRG-08805,Bulk SKU 8805,Building Materials,pcs,715,INR,Asian Paints,10k catalog row 8805
LRG-08806,Bulk SKU 8806,Lighting & Fixtures,pcs,716,INR,Bosch,10k catalog row 8806
LRG-08807,Bulk SKU 8807,Timber & Wood,pcs,717,INR,3M,10k catalog row 8807
LRG-08808,Bulk SKU 8808,Glass & Aluminium,pcs,718,INR,Jindal,10k catalog row 8808
LRG-08809,Bulk SKU 8809,Sanitary Ware,pcs,719,INR,Saint-Gobain,10k catalog row 8809
LRG-08810,Bulk SKU 8810,Steel & Metal,pcs,720,INR,UltraTech,10k catalog row 8810
LRG-08811,Bulk SKU 8811,Tiles & Flooring,pcs,721,INR,Tata,10k catalog row 8811
LRG-08812,Bulk SKU 8812,Electrical Supplies,pcs,722,INR,Kajaria,10k catalog row 8812
LRG-08813,Bulk SKU 8813,Plumbing & HVAC,pcs,723,INR,Havells,10k catalog row 8813
LRG-08814,Bulk SKU 8814,Paint & Finishes,pcs,724,INR,Jaquar,10k catalog row 8814
LRG-08815,Bulk SKU 8815,Building Materials,pcs,725,INR,Asian Paints,10k catalog row 8815
LRG-08816,Bulk SKU 8816,Lighting & Fixtures,pcs,726,INR,Bosch,10k catalog row 8816
LRG-08817,Bulk SKU 8817,Timber & Wood,pcs,727,INR,3M,10k catalog row 8817
LRG-08818,Bulk SKU 8818,Glass & Aluminium,pcs,728,INR,Jindal,10k catalog row 8818
LRG-08819,Bulk SKU 8819,Sanitary Ware,pcs,729,INR,Saint-Gobain,10k catalog row 8819
LRG-08820,Bulk SKU 8820,Steel & Metal,pcs,730,INR,UltraTech,10k catalog row 8820
LRG-08821,Bulk SKU 8821,Tiles & Flooring,pcs,731,INR,Tata,10k catalog row 8821
LRG-08822,Bulk SKU 8822,Electrical Supplies,pcs,732,INR,Kajaria,10k catalog row 8822
LRG-08823,Bulk SKU 8823,Plumbing & HVAC,pcs,733,INR,Havells,10k catalog row 8823
LRG-08824,Bulk SKU 8824,Paint & Finishes,pcs,734,INR,Jaquar,10k catalog row 8824
LRG-08825,Bulk SKU 8825,Building Materials,pcs,735,INR,Asian Paints,10k catalog row 8825
LRG-08826,Bulk SKU 8826,Lighting & Fixtures,pcs,736,INR,Bosch,10k catalog row 8826
LRG-08827,Bulk SKU 8827,Timber & Wood,pcs,737,INR,3M,10k catalog row 8827
LRG-08828,Bulk SKU 8828,Glass & Aluminium,pcs,738,INR,Jindal,10k catalog row 8828
LRG-08829,Bulk SKU 8829,Sanitary Ware,pcs,739,INR,Saint-Gobain,10k catalog row 8829
LRG-08830,Bulk SKU 8830,Steel & Metal,pcs,740,INR,UltraTech,10k catalog row 8830
LRG-08831,Bulk SKU 8831,Tiles & Flooring,pcs,741,INR,Tata,10k catalog row 8831
LRG-08832,Bulk SKU 8832,Electrical Supplies,pcs,742,INR,Kajaria,10k catalog row 8832
LRG-08833,Bulk SKU 8833,Plumbing & HVAC,pcs,743,INR,Havells,10k catalog row 8833
LRG-08834,Bulk SKU 8834,Paint & Finishes,pcs,744,INR,Jaquar,10k catalog row 8834
LRG-08835,Bulk SKU 8835,Building Materials,pcs,745,INR,Asian Paints,10k catalog row 8835
LRG-08836,Bulk SKU 8836,Lighting & Fixtures,pcs,746,INR,Bosch,10k catalog row 8836
LRG-08837,Bulk SKU 8837,Timber & Wood,pcs,747,INR,3M,10k catalog row 8837
LRG-08838,Bulk SKU 8838,Glass & Aluminium,pcs,748,INR,Jindal,10k catalog row 8838
LRG-08839,Bulk SKU 8839,Sanitary Ware,pcs,749,INR,Saint-Gobain,10k catalog row 8839
LRG-08840,Bulk SKU 8840,Steel & Metal,pcs,750,INR,UltraTech,10k catalog row 8840
LRG-08841,Bulk SKU 8841,Tiles & Flooring,pcs,751,INR,Tata,10k catalog row 8841
LRG-08842,Bulk SKU 8842,Electrical Supplies,pcs,752,INR,Kajaria,10k catalog row 8842
LRG-08843,Bulk SKU 8843,Plumbing & HVAC,pcs,753,INR,Havells,10k catalog row 8843
LRG-08844,Bulk SKU 8844,Paint & Finishes,pcs,754,INR,Jaquar,10k catalog row 8844
LRG-08845,Bulk SKU 8845,Building Materials,pcs,755,INR,Asian Paints,10k catalog row 8845
LRG-08846,Bulk SKU 8846,Lighting & Fixtures,pcs,756,INR,Bosch,10k catalog row 8846
LRG-08847,Bulk SKU 8847,Timber & Wood,pcs,757,INR,3M,10k catalog row 8847
LRG-08848,Bulk SKU 8848,Glass & Aluminium,pcs,758,INR,Jindal,10k catalog row 8848
LRG-08849,Bulk SKU 8849,Sanitary Ware,pcs,759,INR,Saint-Gobain,10k catalog row 8849
LRG-08850,Bulk SKU 8850,Steel & Metal,pcs,760,INR,UltraTech,10k catalog row 8850
LRG-08851,Bulk SKU 8851,Tiles & Flooring,pcs,761,INR,Tata,10k catalog row 8851
LRG-08852,Bulk SKU 8852,Electrical Supplies,pcs,762,INR,Kajaria,10k catalog row 8852
LRG-08853,Bulk SKU 8853,Plumbing & HVAC,pcs,763,INR,Havells,10k catalog row 8853
LRG-08854,Bulk SKU 8854,Paint & Finishes,pcs,764,INR,Jaquar,10k catalog row 8854
LRG-08855,Bulk SKU 8855,Building Materials,pcs,765,INR,Asian Paints,10k catalog row 8855
LRG-08856,Bulk SKU 8856,Lighting & Fixtures,pcs,766,INR,Bosch,10k catalog row 8856
LRG-08857,Bulk SKU 8857,Timber & Wood,pcs,767,INR,3M,10k catalog row 8857
LRG-08858,Bulk SKU 8858,Glass & Aluminium,pcs,768,INR,Jindal,10k catalog row 8858
LRG-08859,Bulk SKU 8859,Sanitary Ware,pcs,769,INR,Saint-Gobain,10k catalog row 8859
LRG-08860,Bulk SKU 8860,Steel & Metal,pcs,770,INR,UltraTech,10k catalog row 8860
LRG-08861,Bulk SKU 8861,Tiles & Flooring,pcs,771,INR,Tata,10k catalog row 8861
LRG-08862,Bulk SKU 8862,Electrical Supplies,pcs,772,INR,Kajaria,10k catalog row 8862
LRG-08863,Bulk SKU 8863,Plumbing & HVAC,pcs,773,INR,Havells,10k catalog row 8863
LRG-08864,Bulk SKU 8864,Paint & Finishes,pcs,774,INR,Jaquar,10k catalog row 8864
LRG-08865,Bulk SKU 8865,Building Materials,pcs,775,INR,Asian Paints,10k catalog row 8865
LRG-08866,Bulk SKU 8866,Lighting & Fixtures,pcs,776,INR,Bosch,10k catalog row 8866
LRG-08867,Bulk SKU 8867,Timber & Wood,pcs,777,INR,3M,10k catalog row 8867
LRG-08868,Bulk SKU 8868,Glass & Aluminium,pcs,778,INR,Jindal,10k catalog row 8868
LRG-08869,Bulk SKU 8869,Sanitary Ware,pcs,779,INR,Saint-Gobain,10k catalog row 8869
LRG-08870,Bulk SKU 8870,Steel & Metal,pcs,780,INR,UltraTech,10k catalog row 8870
LRG-08871,Bulk SKU 8871,Tiles & Flooring,pcs,781,INR,Tata,10k catalog row 8871
LRG-08872,Bulk SKU 8872,Electrical Supplies,pcs,782,INR,Kajaria,10k catalog row 8872
LRG-08873,Bulk SKU 8873,Plumbing & HVAC,pcs,783,INR,Havells,10k catalog row 8873
LRG-08874,Bulk SKU 8874,Paint & Finishes,pcs,784,INR,Jaquar,10k catalog row 8874
LRG-08875,Bulk SKU 8875,Building Materials,pcs,785,INR,Asian Paints,10k catalog row 8875
LRG-08876,Bulk SKU 8876,Lighting & Fixtures,pcs,786,INR,Bosch,10k catalog row 8876
LRG-08877,Bulk SKU 8877,Timber & Wood,pcs,787,INR,3M,10k catalog row 8877
LRG-08878,Bulk SKU 8878,Glass & Aluminium,pcs,788,INR,Jindal,10k catalog row 8878
LRG-08879,Bulk SKU 8879,Sanitary Ware,pcs,789,INR,Saint-Gobain,10k catalog row 8879
LRG-08880,Bulk SKU 8880,Steel & Metal,pcs,790,INR,UltraTech,10k catalog row 8880
LRG-08881,Bulk SKU 8881,Tiles & Flooring,pcs,791,INR,Tata,10k catalog row 8881
LRG-08882,Bulk SKU 8882,Electrical Supplies,pcs,792,INR,Kajaria,10k catalog row 8882
LRG-08883,Bulk SKU 8883,Plumbing & HVAC,pcs,793,INR,Havells,10k catalog row 8883
LRG-08884,Bulk SKU 8884,Paint & Finishes,pcs,794,INR,Jaquar,10k catalog row 8884
LRG-08885,Bulk SKU 8885,Building Materials,pcs,795,INR,Asian Paints,10k catalog row 8885
LRG-08886,Bulk SKU 8886,Lighting & Fixtures,pcs,796,INR,Bosch,10k catalog row 8886
LRG-08887,Bulk SKU 8887,Timber & Wood,pcs,797,INR,3M,10k catalog row 8887
LRG-08888,Bulk SKU 8888,Glass & Aluminium,pcs,798,INR,Jindal,10k catalog row 8888
LRG-08889,Bulk SKU 8889,Sanitary Ware,pcs,799,INR,Saint-Gobain,10k catalog row 8889
LRG-08890,Bulk SKU 8890,Steel & Metal,pcs,800,INR,UltraTech,10k catalog row 8890
LRG-08891,Bulk SKU 8891,Tiles & Flooring,pcs,801,INR,Tata,10k catalog row 8891
LRG-08892,Bulk SKU 8892,Electrical Supplies,pcs,802,INR,Kajaria,10k catalog row 8892
LRG-08893,Bulk SKU 8893,Plumbing & HVAC,pcs,803,INR,Havells,10k catalog row 8893
LRG-08894,Bulk SKU 8894,Paint & Finishes,pcs,804,INR,Jaquar,10k catalog row 8894
LRG-08895,Bulk SKU 8895,Building Materials,pcs,805,INR,Asian Paints,10k catalog row 8895
LRG-08896,Bulk SKU 8896,Lighting & Fixtures,pcs,806,INR,Bosch,10k catalog row 8896
LRG-08897,Bulk SKU 8897,Timber & Wood,pcs,807,INR,3M,10k catalog row 8897
LRG-08898,Bulk SKU 8898,Glass & Aluminium,pcs,808,INR,Jindal,10k catalog row 8898
LRG-08899,Bulk SKU 8899,Sanitary Ware,pcs,809,INR,Saint-Gobain,10k catalog row 8899
LRG-08900,Bulk SKU 8900,Steel & Metal,pcs,810,INR,UltraTech,10k catalog row 8900
LRG-08901,Bulk SKU 8901,Tiles & Flooring,pcs,811,INR,Tata,10k catalog row 8901
LRG-08902,Bulk SKU 8902,Electrical Supplies,pcs,812,INR,Kajaria,10k catalog row 8902
LRG-08903,Bulk SKU 8903,Plumbing & HVAC,pcs,813,INR,Havells,10k catalog row 8903
LRG-08904,Bulk SKU 8904,Paint & Finishes,pcs,814,INR,Jaquar,10k catalog row 8904
LRG-08905,Bulk SKU 8905,Building Materials,pcs,815,INR,Asian Paints,10k catalog row 8905
LRG-08906,Bulk SKU 8906,Lighting & Fixtures,pcs,816,INR,Bosch,10k catalog row 8906
LRG-08907,Bulk SKU 8907,Timber & Wood,pcs,817,INR,3M,10k catalog row 8907
LRG-08908,Bulk SKU 8908,Glass & Aluminium,pcs,818,INR,Jindal,10k catalog row 8908
LRG-08909,Bulk SKU 8909,Sanitary Ware,pcs,819,INR,Saint-Gobain,10k catalog row 8909
LRG-08910,Bulk SKU 8910,Steel & Metal,pcs,820,INR,UltraTech,10k catalog row 8910
LRG-08911,Bulk SKU 8911,Tiles & Flooring,pcs,821,INR,Tata,10k catalog row 8911
LRG-08912,Bulk SKU 8912,Electrical Supplies,pcs,822,INR,Kajaria,10k catalog row 8912
LRG-08913,Bulk SKU 8913,Plumbing & HVAC,pcs,823,INR,Havells,10k catalog row 8913
LRG-08914,Bulk SKU 8914,Paint & Finishes,pcs,824,INR,Jaquar,10k catalog row 8914
LRG-08915,Bulk SKU 8915,Building Materials,pcs,825,INR,Asian Paints,10k catalog row 8915
LRG-08916,Bulk SKU 8916,Lighting & Fixtures,pcs,826,INR,Bosch,10k catalog row 8916
LRG-08917,Bulk SKU 8917,Timber & Wood,pcs,827,INR,3M,10k catalog row 8917
LRG-08918,Bulk SKU 8918,Glass & Aluminium,pcs,828,INR,Jindal,10k catalog row 8918
LRG-08919,Bulk SKU 8919,Sanitary Ware,pcs,829,INR,Saint-Gobain,10k catalog row 8919
LRG-08920,Bulk SKU 8920,Steel & Metal,pcs,830,INR,UltraTech,10k catalog row 8920
LRG-08921,Bulk SKU 8921,Tiles & Flooring,pcs,831,INR,Tata,10k catalog row 8921
LRG-08922,Bulk SKU 8922,Electrical Supplies,pcs,832,INR,Kajaria,10k catalog row 8922
LRG-08923,Bulk SKU 8923,Plumbing & HVAC,pcs,833,INR,Havells,10k catalog row 8923
LRG-08924,Bulk SKU 8924,Paint & Finishes,pcs,834,INR,Jaquar,10k catalog row 8924
LRG-08925,Bulk SKU 8925,Building Materials,pcs,835,INR,Asian Paints,10k catalog row 8925
LRG-08926,Bulk SKU 8926,Lighting & Fixtures,pcs,836,INR,Bosch,10k catalog row 8926
LRG-08927,Bulk SKU 8927,Timber & Wood,pcs,837,INR,3M,10k catalog row 8927
LRG-08928,Bulk SKU 8928,Glass & Aluminium,pcs,838,INR,Jindal,10k catalog row 8928
LRG-08929,Bulk SKU 8929,Sanitary Ware,pcs,839,INR,Saint-Gobain,10k catalog row 8929
LRG-08930,Bulk SKU 8930,Steel & Metal,pcs,840,INR,UltraTech,10k catalog row 8930
LRG-08931,Bulk SKU 8931,Tiles & Flooring,pcs,841,INR,Tata,10k catalog row 8931
LRG-08932,Bulk SKU 8932,Electrical Supplies,pcs,842,INR,Kajaria,10k catalog row 8932
LRG-08933,Bulk SKU 8933,Plumbing & HVAC,pcs,843,INR,Havells,10k catalog row 8933
LRG-08934,Bulk SKU 8934,Paint & Finishes,pcs,844,INR,Jaquar,10k catalog row 8934
LRG-08935,Bulk SKU 8935,Building Materials,pcs,845,INR,Asian Paints,10k catalog row 8935
LRG-08936,Bulk SKU 8936,Lighting & Fixtures,pcs,846,INR,Bosch,10k catalog row 8936
LRG-08937,Bulk SKU 8937,Timber & Wood,pcs,847,INR,3M,10k catalog row 8937
LRG-08938,Bulk SKU 8938,Glass & Aluminium,pcs,848,INR,Jindal,10k catalog row 8938
LRG-08939,Bulk SKU 8939,Sanitary Ware,pcs,849,INR,Saint-Gobain,10k catalog row 8939
LRG-08940,Bulk SKU 8940,Steel & Metal,pcs,850,INR,UltraTech,10k catalog row 8940
LRG-08941,Bulk SKU 8941,Tiles & Flooring,pcs,851,INR,Tata,10k catalog row 8941
LRG-08942,Bulk SKU 8942,Electrical Supplies,pcs,852,INR,Kajaria,10k catalog row 8942
LRG-08943,Bulk SKU 8943,Plumbing & HVAC,pcs,853,INR,Havells,10k catalog row 8943
LRG-08944,Bulk SKU 8944,Paint & Finishes,pcs,854,INR,Jaquar,10k catalog row 8944
LRG-08945,Bulk SKU 8945,Building Materials,pcs,855,INR,Asian Paints,10k catalog row 8945
LRG-08946,Bulk SKU 8946,Lighting & Fixtures,pcs,856,INR,Bosch,10k catalog row 8946
LRG-08947,Bulk SKU 8947,Timber & Wood,pcs,857,INR,3M,10k catalog row 8947
LRG-08948,Bulk SKU 8948,Glass & Aluminium,pcs,858,INR,Jindal,10k catalog row 8948
LRG-08949,Bulk SKU 8949,Sanitary Ware,pcs,859,INR,Saint-Gobain,10k catalog row 8949
LRG-08950,Bulk SKU 8950,Steel & Metal,pcs,860,INR,UltraTech,10k catalog row 8950
LRG-08951,Bulk SKU 8951,Tiles & Flooring,pcs,861,INR,Tata,10k catalog row 8951
LRG-08952,Bulk SKU 8952,Electrical Supplies,pcs,862,INR,Kajaria,10k catalog row 8952
LRG-08953,Bulk SKU 8953,Plumbing & HVAC,pcs,863,INR,Havells,10k catalog row 8953
LRG-08954,Bulk SKU 8954,Paint & Finishes,pcs,864,INR,Jaquar,10k catalog row 8954
LRG-08955,Bulk SKU 8955,Building Materials,pcs,865,INR,Asian Paints,10k catalog row 8955
LRG-08956,Bulk SKU 8956,Lighting & Fixtures,pcs,866,INR,Bosch,10k catalog row 8956
LRG-08957,Bulk SKU 8957,Timber & Wood,pcs,867,INR,3M,10k catalog row 8957
LRG-08958,Bulk SKU 8958,Glass & Aluminium,pcs,868,INR,Jindal,10k catalog row 8958
LRG-08959,Bulk SKU 8959,Sanitary Ware,pcs,869,INR,Saint-Gobain,10k catalog row 8959
LRG-08960,Bulk SKU 8960,Steel & Metal,pcs,870,INR,UltraTech,10k catalog row 8960
LRG-08961,Bulk SKU 8961,Tiles & Flooring,pcs,871,INR,Tata,10k catalog row 8961
LRG-08962,Bulk SKU 8962,Electrical Supplies,pcs,872,INR,Kajaria,10k catalog row 8962
LRG-08963,Bulk SKU 8963,Plumbing & HVAC,pcs,873,INR,Havells,10k catalog row 8963
LRG-08964,Bulk SKU 8964,Paint & Finishes,pcs,874,INR,Jaquar,10k catalog row 8964
LRG-08965,Bulk SKU 8965,Building Materials,pcs,875,INR,Asian Paints,10k catalog row 8965
LRG-08966,Bulk SKU 8966,Lighting & Fixtures,pcs,876,INR,Bosch,10k catalog row 8966
LRG-08967,Bulk SKU 8967,Timber & Wood,pcs,877,INR,3M,10k catalog row 8967
LRG-08968,Bulk SKU 8968,Glass & Aluminium,pcs,878,INR,Jindal,10k catalog row 8968
LRG-08969,Bulk SKU 8969,Sanitary Ware,pcs,879,INR,Saint-Gobain,10k catalog row 8969
LRG-08970,Bulk SKU 8970,Steel & Metal,pcs,880,INR,UltraTech,10k catalog row 8970
LRG-08971,Bulk SKU 8971,Tiles & Flooring,pcs,881,INR,Tata,10k catalog row 8971
LRG-08972,Bulk SKU 8972,Electrical Supplies,pcs,882,INR,Kajaria,10k catalog row 8972
LRG-08973,Bulk SKU 8973,Plumbing & HVAC,pcs,883,INR,Havells,10k catalog row 8973
LRG-08974,Bulk SKU 8974,Paint & Finishes,pcs,884,INR,Jaquar,10k catalog row 8974
LRG-08975,Bulk SKU 8975,Building Materials,pcs,885,INR,Asian Paints,10k catalog row 8975
LRG-08976,Bulk SKU 8976,Lighting & Fixtures,pcs,886,INR,Bosch,10k catalog row 8976
LRG-08977,Bulk SKU 8977,Timber & Wood,pcs,887,INR,3M,10k catalog row 8977
LRG-08978,Bulk SKU 8978,Glass & Aluminium,pcs,888,INR,Jindal,10k catalog row 8978
LRG-08979,Bulk SKU 8979,Sanitary Ware,pcs,889,INR,Saint-Gobain,10k catalog row 8979
LRG-08980,Bulk SKU 8980,Steel & Metal,pcs,890,INR,UltraTech,10k catalog row 8980
LRG-08981,Bulk SKU 8981,Tiles & Flooring,pcs,891,INR,Tata,10k catalog row 8981
LRG-08982,Bulk SKU 8982,Electrical Supplies,pcs,892,INR,Kajaria,10k catalog row 8982
LRG-08983,Bulk SKU 8983,Plumbing & HVAC,pcs,893,INR,Havells,10k catalog row 8983
LRG-08984,Bulk SKU 8984,Paint & Finishes,pcs,894,INR,Jaquar,10k catalog row 8984
LRG-08985,Bulk SKU 8985,Building Materials,pcs,895,INR,Asian Paints,10k catalog row 8985
LRG-08986,Bulk SKU 8986,Lighting & Fixtures,pcs,896,INR,Bosch,10k catalog row 8986
LRG-08987,Bulk SKU 8987,Timber & Wood,pcs,897,INR,3M,10k catalog row 8987
LRG-08988,Bulk SKU 8988,Glass & Aluminium,pcs,898,INR,Jindal,10k catalog row 8988
LRG-08989,Bulk SKU 8989,Sanitary Ware,pcs,899,INR,Saint-Gobain,10k catalog row 8989
LRG-08990,Bulk SKU 8990,Steel & Metal,pcs,900,INR,UltraTech,10k catalog row 8990
LRG-08991,Bulk SKU 8991,Tiles & Flooring,pcs,901,INR,Tata,10k catalog row 8991
LRG-08992,Bulk SKU 8992,Electrical Supplies,pcs,902,INR,Kajaria,10k catalog row 8992
LRG-08993,Bulk SKU 8993,Plumbing & HVAC,pcs,903,INR,Havells,10k catalog row 8993
LRG-08994,Bulk SKU 8994,Paint & Finishes,pcs,904,INR,Jaquar,10k catalog row 8994
LRG-08995,Bulk SKU 8995,Building Materials,pcs,905,INR,Asian Paints,10k catalog row 8995
LRG-08996,Bulk SKU 8996,Lighting & Fixtures,pcs,906,INR,Bosch,10k catalog row 8996
LRG-08997,Bulk SKU 8997,Timber & Wood,pcs,907,INR,3M,10k catalog row 8997
LRG-08998,Bulk SKU 8998,Glass & Aluminium,pcs,908,INR,Jindal,10k catalog row 8998
LRG-08999,Bulk SKU 8999,Sanitary Ware,pcs,909,INR,Saint-Gobain,10k catalog row 8999
LRG-09000,Bulk SKU 9000,Steel & Metal,pcs,10,INR,UltraTech,10k catalog row 9000
LRG-09001,Bulk SKU 9001,Tiles & Flooring,pcs,11,INR,Tata,10k catalog row 9001
LRG-09002,Bulk SKU 9002,Electrical Supplies,pcs,12,INR,Kajaria,10k catalog row 9002
LRG-09003,Bulk SKU 9003,Plumbing & HVAC,pcs,13,INR,Havells,10k catalog row 9003
LRG-09004,Bulk SKU 9004,Paint & Finishes,pcs,14,INR,Jaquar,10k catalog row 9004
LRG-09005,Bulk SKU 9005,Building Materials,pcs,15,INR,Asian Paints,10k catalog row 9005
LRG-09006,Bulk SKU 9006,Lighting & Fixtures,pcs,16,INR,Bosch,10k catalog row 9006
LRG-09007,Bulk SKU 9007,Timber & Wood,pcs,17,INR,3M,10k catalog row 9007
LRG-09008,Bulk SKU 9008,Glass & Aluminium,pcs,18,INR,Jindal,10k catalog row 9008
LRG-09009,Bulk SKU 9009,Sanitary Ware,pcs,19,INR,Saint-Gobain,10k catalog row 9009
LRG-09010,Bulk SKU 9010,Steel & Metal,pcs,20,INR,UltraTech,10k catalog row 9010
LRG-09011,Bulk SKU 9011,Tiles & Flooring,pcs,21,INR,Tata,10k catalog row 9011
LRG-09012,Bulk SKU 9012,Electrical Supplies,pcs,22,INR,Kajaria,10k catalog row 9012
LRG-09013,Bulk SKU 9013,Plumbing & HVAC,pcs,23,INR,Havells,10k catalog row 9013
LRG-09014,Bulk SKU 9014,Paint & Finishes,pcs,24,INR,Jaquar,10k catalog row 9014
LRG-09015,Bulk SKU 9015,Building Materials,pcs,25,INR,Asian Paints,10k catalog row 9015
LRG-09016,Bulk SKU 9016,Lighting & Fixtures,pcs,26,INR,Bosch,10k catalog row 9016
LRG-09017,Bulk SKU 9017,Timber & Wood,pcs,27,INR,3M,10k catalog row 9017
LRG-09018,Bulk SKU 9018,Glass & Aluminium,pcs,28,INR,Jindal,10k catalog row 9018
LRG-09019,Bulk SKU 9019,Sanitary Ware,pcs,29,INR,Saint-Gobain,10k catalog row 9019
LRG-09020,Bulk SKU 9020,Steel & Metal,pcs,30,INR,UltraTech,10k catalog row 9020
LRG-09021,Bulk SKU 9021,Tiles & Flooring,pcs,31,INR,Tata,10k catalog row 9021
LRG-09022,Bulk SKU 9022,Electrical Supplies,pcs,32,INR,Kajaria,10k catalog row 9022
LRG-09023,Bulk SKU 9023,Plumbing & HVAC,pcs,33,INR,Havells,10k catalog row 9023
LRG-09024,Bulk SKU 9024,Paint & Finishes,pcs,34,INR,Jaquar,10k catalog row 9024
LRG-09025,Bulk SKU 9025,Building Materials,pcs,35,INR,Asian Paints,10k catalog row 9025
LRG-09026,Bulk SKU 9026,Lighting & Fixtures,pcs,36,INR,Bosch,10k catalog row 9026
LRG-09027,Bulk SKU 9027,Timber & Wood,pcs,37,INR,3M,10k catalog row 9027
LRG-09028,Bulk SKU 9028,Glass & Aluminium,pcs,38,INR,Jindal,10k catalog row 9028
LRG-09029,Bulk SKU 9029,Sanitary Ware,pcs,39,INR,Saint-Gobain,10k catalog row 9029
LRG-09030,Bulk SKU 9030,Steel & Metal,pcs,40,INR,UltraTech,10k catalog row 9030
LRG-09031,Bulk SKU 9031,Tiles & Flooring,pcs,41,INR,Tata,10k catalog row 9031
LRG-09032,Bulk SKU 9032,Electrical Supplies,pcs,42,INR,Kajaria,10k catalog row 9032
LRG-09033,Bulk SKU 9033,Plumbing & HVAC,pcs,43,INR,Havells,10k catalog row 9033
LRG-09034,Bulk SKU 9034,Paint & Finishes,pcs,44,INR,Jaquar,10k catalog row 9034
LRG-09035,Bulk SKU 9035,Building Materials,pcs,45,INR,Asian Paints,10k catalog row 9035
LRG-09036,Bulk SKU 9036,Lighting & Fixtures,pcs,46,INR,Bosch,10k catalog row 9036
LRG-09037,Bulk SKU 9037,Timber & Wood,pcs,47,INR,3M,10k catalog row 9037
LRG-09038,Bulk SKU 9038,Glass & Aluminium,pcs,48,INR,Jindal,10k catalog row 9038
LRG-09039,Bulk SKU 9039,Sanitary Ware,pcs,49,INR,Saint-Gobain,10k catalog row 9039
LRG-09040,Bulk SKU 9040,Steel & Metal,pcs,50,INR,UltraTech,10k catalog row 9040
LRG-09041,Bulk SKU 9041,Tiles & Flooring,pcs,51,INR,Tata,10k catalog row 9041
LRG-09042,Bulk SKU 9042,Electrical Supplies,pcs,52,INR,Kajaria,10k catalog row 9042
LRG-09043,Bulk SKU 9043,Plumbing & HVAC,pcs,53,INR,Havells,10k catalog row 9043
LRG-09044,Bulk SKU 9044,Paint & Finishes,pcs,54,INR,Jaquar,10k catalog row 9044
LRG-09045,Bulk SKU 9045,Building Materials,pcs,55,INR,Asian Paints,10k catalog row 9045
LRG-09046,Bulk SKU 9046,Lighting & Fixtures,pcs,56,INR,Bosch,10k catalog row 9046
LRG-09047,Bulk SKU 9047,Timber & Wood,pcs,57,INR,3M,10k catalog row 9047
LRG-09048,Bulk SKU 9048,Glass & Aluminium,pcs,58,INR,Jindal,10k catalog row 9048
LRG-09049,Bulk SKU 9049,Sanitary Ware,pcs,59,INR,Saint-Gobain,10k catalog row 9049
LRG-09050,Bulk SKU 9050,Steel & Metal,pcs,60,INR,UltraTech,10k catalog row 9050
LRG-09051,Bulk SKU 9051,Tiles & Flooring,pcs,61,INR,Tata,10k catalog row 9051
LRG-09052,Bulk SKU 9052,Electrical Supplies,pcs,62,INR,Kajaria,10k catalog row 9052
LRG-09053,Bulk SKU 9053,Plumbing & HVAC,pcs,63,INR,Havells,10k catalog row 9053
LRG-09054,Bulk SKU 9054,Paint & Finishes,pcs,64,INR,Jaquar,10k catalog row 9054
LRG-09055,Bulk SKU 9055,Building Materials,pcs,65,INR,Asian Paints,10k catalog row 9055
LRG-09056,Bulk SKU 9056,Lighting & Fixtures,pcs,66,INR,Bosch,10k catalog row 9056
LRG-09057,Bulk SKU 9057,Timber & Wood,pcs,67,INR,3M,10k catalog row 9057
LRG-09058,Bulk SKU 9058,Glass & Aluminium,pcs,68,INR,Jindal,10k catalog row 9058
LRG-09059,Bulk SKU 9059,Sanitary Ware,pcs,69,INR,Saint-Gobain,10k catalog row 9059
LRG-09060,Bulk SKU 9060,Steel & Metal,pcs,70,INR,UltraTech,10k catalog row 9060
LRG-09061,Bulk SKU 9061,Tiles & Flooring,pcs,71,INR,Tata,10k catalog row 9061
LRG-09062,Bulk SKU 9062,Electrical Supplies,pcs,72,INR,Kajaria,10k catalog row 9062
LRG-09063,Bulk SKU 9063,Plumbing & HVAC,pcs,73,INR,Havells,10k catalog row 9063
LRG-09064,Bulk SKU 9064,Paint & Finishes,pcs,74,INR,Jaquar,10k catalog row 9064
LRG-09065,Bulk SKU 9065,Building Materials,pcs,75,INR,Asian Paints,10k catalog row 9065
LRG-09066,Bulk SKU 9066,Lighting & Fixtures,pcs,76,INR,Bosch,10k catalog row 9066
LRG-09067,Bulk SKU 9067,Timber & Wood,pcs,77,INR,3M,10k catalog row 9067
LRG-09068,Bulk SKU 9068,Glass & Aluminium,pcs,78,INR,Jindal,10k catalog row 9068
LRG-09069,Bulk SKU 9069,Sanitary Ware,pcs,79,INR,Saint-Gobain,10k catalog row 9069
LRG-09070,Bulk SKU 9070,Steel & Metal,pcs,80,INR,UltraTech,10k catalog row 9070
LRG-09071,Bulk SKU 9071,Tiles & Flooring,pcs,81,INR,Tata,10k catalog row 9071
LRG-09072,Bulk SKU 9072,Electrical Supplies,pcs,82,INR,Kajaria,10k catalog row 9072
LRG-09073,Bulk SKU 9073,Plumbing & HVAC,pcs,83,INR,Havells,10k catalog row 9073
LRG-09074,Bulk SKU 9074,Paint & Finishes,pcs,84,INR,Jaquar,10k catalog row 9074
LRG-09075,Bulk SKU 9075,Building Materials,pcs,85,INR,Asian Paints,10k catalog row 9075
LRG-09076,Bulk SKU 9076,Lighting & Fixtures,pcs,86,INR,Bosch,10k catalog row 9076
LRG-09077,Bulk SKU 9077,Timber & Wood,pcs,87,INR,3M,10k catalog row 9077
LRG-09078,Bulk SKU 9078,Glass & Aluminium,pcs,88,INR,Jindal,10k catalog row 9078
LRG-09079,Bulk SKU 9079,Sanitary Ware,pcs,89,INR,Saint-Gobain,10k catalog row 9079
LRG-09080,Bulk SKU 9080,Steel & Metal,pcs,90,INR,UltraTech,10k catalog row 9080
LRG-09081,Bulk SKU 9081,Tiles & Flooring,pcs,91,INR,Tata,10k catalog row 9081
LRG-09082,Bulk SKU 9082,Electrical Supplies,pcs,92,INR,Kajaria,10k catalog row 9082
LRG-09083,Bulk SKU 9083,Plumbing & HVAC,pcs,93,INR,Havells,10k catalog row 9083
LRG-09084,Bulk SKU 9084,Paint & Finishes,pcs,94,INR,Jaquar,10k catalog row 9084
LRG-09085,Bulk SKU 9085,Building Materials,pcs,95,INR,Asian Paints,10k catalog row 9085
LRG-09086,Bulk SKU 9086,Lighting & Fixtures,pcs,96,INR,Bosch,10k catalog row 9086
LRG-09087,Bulk SKU 9087,Timber & Wood,pcs,97,INR,3M,10k catalog row 9087
LRG-09088,Bulk SKU 9088,Glass & Aluminium,pcs,98,INR,Jindal,10k catalog row 9088
LRG-09089,Bulk SKU 9089,Sanitary Ware,pcs,99,INR,Saint-Gobain,10k catalog row 9089
LRG-09090,Bulk SKU 9090,Steel & Metal,pcs,100,INR,UltraTech,10k catalog row 9090
LRG-09091,Bulk SKU 9091,Tiles & Flooring,pcs,101,INR,Tata,10k catalog row 9091
LRG-09092,Bulk SKU 9092,Electrical Supplies,pcs,102,INR,Kajaria,10k catalog row 9092
LRG-09093,Bulk SKU 9093,Plumbing & HVAC,pcs,103,INR,Havells,10k catalog row 9093
LRG-09094,Bulk SKU 9094,Paint & Finishes,pcs,104,INR,Jaquar,10k catalog row 9094
LRG-09095,Bulk SKU 9095,Building Materials,pcs,105,INR,Asian Paints,10k catalog row 9095
LRG-09096,Bulk SKU 9096,Lighting & Fixtures,pcs,106,INR,Bosch,10k catalog row 9096
LRG-09097,Bulk SKU 9097,Timber & Wood,pcs,107,INR,3M,10k catalog row 9097
LRG-09098,Bulk SKU 9098,Glass & Aluminium,pcs,108,INR,Jindal,10k catalog row 9098
LRG-09099,Bulk SKU 9099,Sanitary Ware,pcs,109,INR,Saint-Gobain,10k catalog row 9099
LRG-09100,Bulk SKU 9100,Steel & Metal,pcs,110,INR,UltraTech,10k catalog row 9100
LRG-09101,Bulk SKU 9101,Tiles & Flooring,pcs,111,INR,Tata,10k catalog row 9101
LRG-09102,Bulk SKU 9102,Electrical Supplies,pcs,112,INR,Kajaria,10k catalog row 9102
LRG-09103,Bulk SKU 9103,Plumbing & HVAC,pcs,113,INR,Havells,10k catalog row 9103
LRG-09104,Bulk SKU 9104,Paint & Finishes,pcs,114,INR,Jaquar,10k catalog row 9104
LRG-09105,Bulk SKU 9105,Building Materials,pcs,115,INR,Asian Paints,10k catalog row 9105
LRG-09106,Bulk SKU 9106,Lighting & Fixtures,pcs,116,INR,Bosch,10k catalog row 9106
LRG-09107,Bulk SKU 9107,Timber & Wood,pcs,117,INR,3M,10k catalog row 9107
LRG-09108,Bulk SKU 9108,Glass & Aluminium,pcs,118,INR,Jindal,10k catalog row 9108
LRG-09109,Bulk SKU 9109,Sanitary Ware,pcs,119,INR,Saint-Gobain,10k catalog row 9109
LRG-09110,Bulk SKU 9110,Steel & Metal,pcs,120,INR,UltraTech,10k catalog row 9110
LRG-09111,Bulk SKU 9111,Tiles & Flooring,pcs,121,INR,Tata,10k catalog row 9111
LRG-09112,Bulk SKU 9112,Electrical Supplies,pcs,122,INR,Kajaria,10k catalog row 9112
LRG-09113,Bulk SKU 9113,Plumbing & HVAC,pcs,123,INR,Havells,10k catalog row 9113
LRG-09114,Bulk SKU 9114,Paint & Finishes,pcs,124,INR,Jaquar,10k catalog row 9114
LRG-09115,Bulk SKU 9115,Building Materials,pcs,125,INR,Asian Paints,10k catalog row 9115
LRG-09116,Bulk SKU 9116,Lighting & Fixtures,pcs,126,INR,Bosch,10k catalog row 9116
LRG-09117,Bulk SKU 9117,Timber & Wood,pcs,127,INR,3M,10k catalog row 9117
LRG-09118,Bulk SKU 9118,Glass & Aluminium,pcs,128,INR,Jindal,10k catalog row 9118
LRG-09119,Bulk SKU 9119,Sanitary Ware,pcs,129,INR,Saint-Gobain,10k catalog row 9119
LRG-09120,Bulk SKU 9120,Steel & Metal,pcs,130,INR,UltraTech,10k catalog row 9120
LRG-09121,Bulk SKU 9121,Tiles & Flooring,pcs,131,INR,Tata,10k catalog row 9121
LRG-09122,Bulk SKU 9122,Electrical Supplies,pcs,132,INR,Kajaria,10k catalog row 9122
LRG-09123,Bulk SKU 9123,Plumbing & HVAC,pcs,133,INR,Havells,10k catalog row 9123
LRG-09124,Bulk SKU 9124,Paint & Finishes,pcs,134,INR,Jaquar,10k catalog row 9124
LRG-09125,Bulk SKU 9125,Building Materials,pcs,135,INR,Asian Paints,10k catalog row 9125
LRG-09126,Bulk SKU 9126,Lighting & Fixtures,pcs,136,INR,Bosch,10k catalog row 9126
LRG-09127,Bulk SKU 9127,Timber & Wood,pcs,137,INR,3M,10k catalog row 9127
LRG-09128,Bulk SKU 9128,Glass & Aluminium,pcs,138,INR,Jindal,10k catalog row 9128
LRG-09129,Bulk SKU 9129,Sanitary Ware,pcs,139,INR,Saint-Gobain,10k catalog row 9129
LRG-09130,Bulk SKU 9130,Steel & Metal,pcs,140,INR,UltraTech,10k catalog row 9130
LRG-09131,Bulk SKU 9131,Tiles & Flooring,pcs,141,INR,Tata,10k catalog row 9131
LRG-09132,Bulk SKU 9132,Electrical Supplies,pcs,142,INR,Kajaria,10k catalog row 9132
LRG-09133,Bulk SKU 9133,Plumbing & HVAC,pcs,143,INR,Havells,10k catalog row 9133
LRG-09134,Bulk SKU 9134,Paint & Finishes,pcs,144,INR,Jaquar,10k catalog row 9134
LRG-09135,Bulk SKU 9135,Building Materials,pcs,145,INR,Asian Paints,10k catalog row 9135
LRG-09136,Bulk SKU 9136,Lighting & Fixtures,pcs,146,INR,Bosch,10k catalog row 9136
LRG-09137,Bulk SKU 9137,Timber & Wood,pcs,147,INR,3M,10k catalog row 9137
LRG-09138,Bulk SKU 9138,Glass & Aluminium,pcs,148,INR,Jindal,10k catalog row 9138
LRG-09139,Bulk SKU 9139,Sanitary Ware,pcs,149,INR,Saint-Gobain,10k catalog row 9139
LRG-09140,Bulk SKU 9140,Steel & Metal,pcs,150,INR,UltraTech,10k catalog row 9140
LRG-09141,Bulk SKU 9141,Tiles & Flooring,pcs,151,INR,Tata,10k catalog row 9141
LRG-09142,Bulk SKU 9142,Electrical Supplies,pcs,152,INR,Kajaria,10k catalog row 9142
LRG-09143,Bulk SKU 9143,Plumbing & HVAC,pcs,153,INR,Havells,10k catalog row 9143
LRG-09144,Bulk SKU 9144,Paint & Finishes,pcs,154,INR,Jaquar,10k catalog row 9144
LRG-09145,Bulk SKU 9145,Building Materials,pcs,155,INR,Asian Paints,10k catalog row 9145
LRG-09146,Bulk SKU 9146,Lighting & Fixtures,pcs,156,INR,Bosch,10k catalog row 9146
LRG-09147,Bulk SKU 9147,Timber & Wood,pcs,157,INR,3M,10k catalog row 9147
LRG-09148,Bulk SKU 9148,Glass & Aluminium,pcs,158,INR,Jindal,10k catalog row 9148
LRG-09149,Bulk SKU 9149,Sanitary Ware,pcs,159,INR,Saint-Gobain,10k catalog row 9149
LRG-09150,Bulk SKU 9150,Steel & Metal,pcs,160,INR,UltraTech,10k catalog row 9150
LRG-09151,Bulk SKU 9151,Tiles & Flooring,pcs,161,INR,Tata,10k catalog row 9151
LRG-09152,Bulk SKU 9152,Electrical Supplies,pcs,162,INR,Kajaria,10k catalog row 9152
LRG-09153,Bulk SKU 9153,Plumbing & HVAC,pcs,163,INR,Havells,10k catalog row 9153
LRG-09154,Bulk SKU 9154,Paint & Finishes,pcs,164,INR,Jaquar,10k catalog row 9154
LRG-09155,Bulk SKU 9155,Building Materials,pcs,165,INR,Asian Paints,10k catalog row 9155
LRG-09156,Bulk SKU 9156,Lighting & Fixtures,pcs,166,INR,Bosch,10k catalog row 9156
LRG-09157,Bulk SKU 9157,Timber & Wood,pcs,167,INR,3M,10k catalog row 9157
LRG-09158,Bulk SKU 9158,Glass & Aluminium,pcs,168,INR,Jindal,10k catalog row 9158
LRG-09159,Bulk SKU 9159,Sanitary Ware,pcs,169,INR,Saint-Gobain,10k catalog row 9159
LRG-09160,Bulk SKU 9160,Steel & Metal,pcs,170,INR,UltraTech,10k catalog row 9160
LRG-09161,Bulk SKU 9161,Tiles & Flooring,pcs,171,INR,Tata,10k catalog row 9161
LRG-09162,Bulk SKU 9162,Electrical Supplies,pcs,172,INR,Kajaria,10k catalog row 9162
LRG-09163,Bulk SKU 9163,Plumbing & HVAC,pcs,173,INR,Havells,10k catalog row 9163
LRG-09164,Bulk SKU 9164,Paint & Finishes,pcs,174,INR,Jaquar,10k catalog row 9164
LRG-09165,Bulk SKU 9165,Building Materials,pcs,175,INR,Asian Paints,10k catalog row 9165
LRG-09166,Bulk SKU 9166,Lighting & Fixtures,pcs,176,INR,Bosch,10k catalog row 9166
LRG-09167,Bulk SKU 9167,Timber & Wood,pcs,177,INR,3M,10k catalog row 9167
LRG-09168,Bulk SKU 9168,Glass & Aluminium,pcs,178,INR,Jindal,10k catalog row 9168
LRG-09169,Bulk SKU 9169,Sanitary Ware,pcs,179,INR,Saint-Gobain,10k catalog row 9169
LRG-09170,Bulk SKU 9170,Steel & Metal,pcs,180,INR,UltraTech,10k catalog row 9170
LRG-09171,Bulk SKU 9171,Tiles & Flooring,pcs,181,INR,Tata,10k catalog row 9171
LRG-09172,Bulk SKU 9172,Electrical Supplies,pcs,182,INR,Kajaria,10k catalog row 9172
LRG-09173,Bulk SKU 9173,Plumbing & HVAC,pcs,183,INR,Havells,10k catalog row 9173
LRG-09174,Bulk SKU 9174,Paint & Finishes,pcs,184,INR,Jaquar,10k catalog row 9174
LRG-09175,Bulk SKU 9175,Building Materials,pcs,185,INR,Asian Paints,10k catalog row 9175
LRG-09176,Bulk SKU 9176,Lighting & Fixtures,pcs,186,INR,Bosch,10k catalog row 9176
LRG-09177,Bulk SKU 9177,Timber & Wood,pcs,187,INR,3M,10k catalog row 9177
LRG-09178,Bulk SKU 9178,Glass & Aluminium,pcs,188,INR,Jindal,10k catalog row 9178
LRG-09179,Bulk SKU 9179,Sanitary Ware,pcs,189,INR,Saint-Gobain,10k catalog row 9179
LRG-09180,Bulk SKU 9180,Steel & Metal,pcs,190,INR,UltraTech,10k catalog row 9180
LRG-09181,Bulk SKU 9181,Tiles & Flooring,pcs,191,INR,Tata,10k catalog row 9181
LRG-09182,Bulk SKU 9182,Electrical Supplies,pcs,192,INR,Kajaria,10k catalog row 9182
LRG-09183,Bulk SKU 9183,Plumbing & HVAC,pcs,193,INR,Havells,10k catalog row 9183
LRG-09184,Bulk SKU 9184,Paint & Finishes,pcs,194,INR,Jaquar,10k catalog row 9184
LRG-09185,Bulk SKU 9185,Building Materials,pcs,195,INR,Asian Paints,10k catalog row 9185
LRG-09186,Bulk SKU 9186,Lighting & Fixtures,pcs,196,INR,Bosch,10k catalog row 9186
LRG-09187,Bulk SKU 9187,Timber & Wood,pcs,197,INR,3M,10k catalog row 9187
LRG-09188,Bulk SKU 9188,Glass & Aluminium,pcs,198,INR,Jindal,10k catalog row 9188
LRG-09189,Bulk SKU 9189,Sanitary Ware,pcs,199,INR,Saint-Gobain,10k catalog row 9189
LRG-09190,Bulk SKU 9190,Steel & Metal,pcs,200,INR,UltraTech,10k catalog row 9190
LRG-09191,Bulk SKU 9191,Tiles & Flooring,pcs,201,INR,Tata,10k catalog row 9191
LRG-09192,Bulk SKU 9192,Electrical Supplies,pcs,202,INR,Kajaria,10k catalog row 9192
LRG-09193,Bulk SKU 9193,Plumbing & HVAC,pcs,203,INR,Havells,10k catalog row 9193
LRG-09194,Bulk SKU 9194,Paint & Finishes,pcs,204,INR,Jaquar,10k catalog row 9194
LRG-09195,Bulk SKU 9195,Building Materials,pcs,205,INR,Asian Paints,10k catalog row 9195
LRG-09196,Bulk SKU 9196,Lighting & Fixtures,pcs,206,INR,Bosch,10k catalog row 9196
LRG-09197,Bulk SKU 9197,Timber & Wood,pcs,207,INR,3M,10k catalog row 9197
LRG-09198,Bulk SKU 9198,Glass & Aluminium,pcs,208,INR,Jindal,10k catalog row 9198
LRG-09199,Bulk SKU 9199,Sanitary Ware,pcs,209,INR,Saint-Gobain,10k catalog row 9199
LRG-09200,Bulk SKU 9200,Steel & Metal,pcs,210,INR,UltraTech,10k catalog row 9200
LRG-09201,Bulk SKU 9201,Tiles & Flooring,pcs,211,INR,Tata,10k catalog row 9201
LRG-09202,Bulk SKU 9202,Electrical Supplies,pcs,212,INR,Kajaria,10k catalog row 9202
LRG-09203,Bulk SKU 9203,Plumbing & HVAC,pcs,213,INR,Havells,10k catalog row 9203
LRG-09204,Bulk SKU 9204,Paint & Finishes,pcs,214,INR,Jaquar,10k catalog row 9204
LRG-09205,Bulk SKU 9205,Building Materials,pcs,215,INR,Asian Paints,10k catalog row 9205
LRG-09206,Bulk SKU 9206,Lighting & Fixtures,pcs,216,INR,Bosch,10k catalog row 9206
LRG-09207,Bulk SKU 9207,Timber & Wood,pcs,217,INR,3M,10k catalog row 9207
LRG-09208,Bulk SKU 9208,Glass & Aluminium,pcs,218,INR,Jindal,10k catalog row 9208
LRG-09209,Bulk SKU 9209,Sanitary Ware,pcs,219,INR,Saint-Gobain,10k catalog row 9209
LRG-09210,Bulk SKU 9210,Steel & Metal,pcs,220,INR,UltraTech,10k catalog row 9210
LRG-09211,Bulk SKU 9211,Tiles & Flooring,pcs,221,INR,Tata,10k catalog row 9211
LRG-09212,Bulk SKU 9212,Electrical Supplies,pcs,222,INR,Kajaria,10k catalog row 9212
LRG-09213,Bulk SKU 9213,Plumbing & HVAC,pcs,223,INR,Havells,10k catalog row 9213
LRG-09214,Bulk SKU 9214,Paint & Finishes,pcs,224,INR,Jaquar,10k catalog row 9214
LRG-09215,Bulk SKU 9215,Building Materials,pcs,225,INR,Asian Paints,10k catalog row 9215
LRG-09216,Bulk SKU 9216,Lighting & Fixtures,pcs,226,INR,Bosch,10k catalog row 9216
LRG-09217,Bulk SKU 9217,Timber & Wood,pcs,227,INR,3M,10k catalog row 9217
LRG-09218,Bulk SKU 9218,Glass & Aluminium,pcs,228,INR,Jindal,10k catalog row 9218
LRG-09219,Bulk SKU 9219,Sanitary Ware,pcs,229,INR,Saint-Gobain,10k catalog row 9219
LRG-09220,Bulk SKU 9220,Steel & Metal,pcs,230,INR,UltraTech,10k catalog row 9220
LRG-09221,Bulk SKU 9221,Tiles & Flooring,pcs,231,INR,Tata,10k catalog row 9221
LRG-09222,Bulk SKU 9222,Electrical Supplies,pcs,232,INR,Kajaria,10k catalog row 9222
LRG-09223,Bulk SKU 9223,Plumbing & HVAC,pcs,233,INR,Havells,10k catalog row 9223
LRG-09224,Bulk SKU 9224,Paint & Finishes,pcs,234,INR,Jaquar,10k catalog row 9224
LRG-09225,Bulk SKU 9225,Building Materials,pcs,235,INR,Asian Paints,10k catalog row 9225
LRG-09226,Bulk SKU 9226,Lighting & Fixtures,pcs,236,INR,Bosch,10k catalog row 9226
LRG-09227,Bulk SKU 9227,Timber & Wood,pcs,237,INR,3M,10k catalog row 9227
LRG-09228,Bulk SKU 9228,Glass & Aluminium,pcs,238,INR,Jindal,10k catalog row 9228
LRG-09229,Bulk SKU 9229,Sanitary Ware,pcs,239,INR,Saint-Gobain,10k catalog row 9229
LRG-09230,Bulk SKU 9230,Steel & Metal,pcs,240,INR,UltraTech,10k catalog row 9230
LRG-09231,Bulk SKU 9231,Tiles & Flooring,pcs,241,INR,Tata,10k catalog row 9231
LRG-09232,Bulk SKU 9232,Electrical Supplies,pcs,242,INR,Kajaria,10k catalog row 9232
LRG-09233,Bulk SKU 9233,Plumbing & HVAC,pcs,243,INR,Havells,10k catalog row 9233
LRG-09234,Bulk SKU 9234,Paint & Finishes,pcs,244,INR,Jaquar,10k catalog row 9234
LRG-09235,Bulk SKU 9235,Building Materials,pcs,245,INR,Asian Paints,10k catalog row 9235
LRG-09236,Bulk SKU 9236,Lighting & Fixtures,pcs,246,INR,Bosch,10k catalog row 9236
LRG-09237,Bulk SKU 9237,Timber & Wood,pcs,247,INR,3M,10k catalog row 9237
LRG-09238,Bulk SKU 9238,Glass & Aluminium,pcs,248,INR,Jindal,10k catalog row 9238
LRG-09239,Bulk SKU 9239,Sanitary Ware,pcs,249,INR,Saint-Gobain,10k catalog row 9239
LRG-09240,Bulk SKU 9240,Steel & Metal,pcs,250,INR,UltraTech,10k catalog row 9240
LRG-09241,Bulk SKU 9241,Tiles & Flooring,pcs,251,INR,Tata,10k catalog row 9241
LRG-09242,Bulk SKU 9242,Electrical Supplies,pcs,252,INR,Kajaria,10k catalog row 9242
LRG-09243,Bulk SKU 9243,Plumbing & HVAC,pcs,253,INR,Havells,10k catalog row 9243
LRG-09244,Bulk SKU 9244,Paint & Finishes,pcs,254,INR,Jaquar,10k catalog row 9244
LRG-09245,Bulk SKU 9245,Building Materials,pcs,255,INR,Asian Paints,10k catalog row 9245
LRG-09246,Bulk SKU 9246,Lighting & Fixtures,pcs,256,INR,Bosch,10k catalog row 9246
LRG-09247,Bulk SKU 9247,Timber & Wood,pcs,257,INR,3M,10k catalog row 9247
LRG-09248,Bulk SKU 9248,Glass & Aluminium,pcs,258,INR,Jindal,10k catalog row 9248
LRG-09249,Bulk SKU 9249,Sanitary Ware,pcs,259,INR,Saint-Gobain,10k catalog row 9249
LRG-09250,Bulk SKU 9250,Steel & Metal,pcs,260,INR,UltraTech,10k catalog row 9250
LRG-09251,Bulk SKU 9251,Tiles & Flooring,pcs,261,INR,Tata,10k catalog row 9251
LRG-09252,Bulk SKU 9252,Electrical Supplies,pcs,262,INR,Kajaria,10k catalog row 9252
LRG-09253,Bulk SKU 9253,Plumbing & HVAC,pcs,263,INR,Havells,10k catalog row 9253
LRG-09254,Bulk SKU 9254,Paint & Finishes,pcs,264,INR,Jaquar,10k catalog row 9254
LRG-09255,Bulk SKU 9255,Building Materials,pcs,265,INR,Asian Paints,10k catalog row 9255
LRG-09256,Bulk SKU 9256,Lighting & Fixtures,pcs,266,INR,Bosch,10k catalog row 9256
LRG-09257,Bulk SKU 9257,Timber & Wood,pcs,267,INR,3M,10k catalog row 9257
LRG-09258,Bulk SKU 9258,Glass & Aluminium,pcs,268,INR,Jindal,10k catalog row 9258
LRG-09259,Bulk SKU 9259,Sanitary Ware,pcs,269,INR,Saint-Gobain,10k catalog row 9259
LRG-09260,Bulk SKU 9260,Steel & Metal,pcs,270,INR,UltraTech,10k catalog row 9260
LRG-09261,Bulk SKU 9261,Tiles & Flooring,pcs,271,INR,Tata,10k catalog row 9261
LRG-09262,Bulk SKU 9262,Electrical Supplies,pcs,272,INR,Kajaria,10k catalog row 9262
LRG-09263,Bulk SKU 9263,Plumbing & HVAC,pcs,273,INR,Havells,10k catalog row 9263
LRG-09264,Bulk SKU 9264,Paint & Finishes,pcs,274,INR,Jaquar,10k catalog row 9264
LRG-09265,Bulk SKU 9265,Building Materials,pcs,275,INR,Asian Paints,10k catalog row 9265
LRG-09266,Bulk SKU 9266,Lighting & Fixtures,pcs,276,INR,Bosch,10k catalog row 9266
LRG-09267,Bulk SKU 9267,Timber & Wood,pcs,277,INR,3M,10k catalog row 9267
LRG-09268,Bulk SKU 9268,Glass & Aluminium,pcs,278,INR,Jindal,10k catalog row 9268
LRG-09269,Bulk SKU 9269,Sanitary Ware,pcs,279,INR,Saint-Gobain,10k catalog row 9269
LRG-09270,Bulk SKU 9270,Steel & Metal,pcs,280,INR,UltraTech,10k catalog row 9270
LRG-09271,Bulk SKU 9271,Tiles & Flooring,pcs,281,INR,Tata,10k catalog row 9271
LRG-09272,Bulk SKU 9272,Electrical Supplies,pcs,282,INR,Kajaria,10k catalog row 9272
LRG-09273,Bulk SKU 9273,Plumbing & HVAC,pcs,283,INR,Havells,10k catalog row 9273
LRG-09274,Bulk SKU 9274,Paint & Finishes,pcs,284,INR,Jaquar,10k catalog row 9274
LRG-09275,Bulk SKU 9275,Building Materials,pcs,285,INR,Asian Paints,10k catalog row 9275
LRG-09276,Bulk SKU 9276,Lighting & Fixtures,pcs,286,INR,Bosch,10k catalog row 9276
LRG-09277,Bulk SKU 9277,Timber & Wood,pcs,287,INR,3M,10k catalog row 9277
LRG-09278,Bulk SKU 9278,Glass & Aluminium,pcs,288,INR,Jindal,10k catalog row 9278
LRG-09279,Bulk SKU 9279,Sanitary Ware,pcs,289,INR,Saint-Gobain,10k catalog row 9279
LRG-09280,Bulk SKU 9280,Steel & Metal,pcs,290,INR,UltraTech,10k catalog row 9280
LRG-09281,Bulk SKU 9281,Tiles & Flooring,pcs,291,INR,Tata,10k catalog row 9281
LRG-09282,Bulk SKU 9282,Electrical Supplies,pcs,292,INR,Kajaria,10k catalog row 9282
LRG-09283,Bulk SKU 9283,Plumbing & HVAC,pcs,293,INR,Havells,10k catalog row 9283
LRG-09284,Bulk SKU 9284,Paint & Finishes,pcs,294,INR,Jaquar,10k catalog row 9284
LRG-09285,Bulk SKU 9285,Building Materials,pcs,295,INR,Asian Paints,10k catalog row 9285
LRG-09286,Bulk SKU 9286,Lighting & Fixtures,pcs,296,INR,Bosch,10k catalog row 9286
LRG-09287,Bulk SKU 9287,Timber & Wood,pcs,297,INR,3M,10k catalog row 9287
LRG-09288,Bulk SKU 9288,Glass & Aluminium,pcs,298,INR,Jindal,10k catalog row 9288
LRG-09289,Bulk SKU 9289,Sanitary Ware,pcs,299,INR,Saint-Gobain,10k catalog row 9289
LRG-09290,Bulk SKU 9290,Steel & Metal,pcs,300,INR,UltraTech,10k catalog row 9290
LRG-09291,Bulk SKU 9291,Tiles & Flooring,pcs,301,INR,Tata,10k catalog row 9291
LRG-09292,Bulk SKU 9292,Electrical Supplies,pcs,302,INR,Kajaria,10k catalog row 9292
LRG-09293,Bulk SKU 9293,Plumbing & HVAC,pcs,303,INR,Havells,10k catalog row 9293
LRG-09294,Bulk SKU 9294,Paint & Finishes,pcs,304,INR,Jaquar,10k catalog row 9294
LRG-09295,Bulk SKU 9295,Building Materials,pcs,305,INR,Asian Paints,10k catalog row 9295
LRG-09296,Bulk SKU 9296,Lighting & Fixtures,pcs,306,INR,Bosch,10k catalog row 9296
LRG-09297,Bulk SKU 9297,Timber & Wood,pcs,307,INR,3M,10k catalog row 9297
LRG-09298,Bulk SKU 9298,Glass & Aluminium,pcs,308,INR,Jindal,10k catalog row 9298
LRG-09299,Bulk SKU 9299,Sanitary Ware,pcs,309,INR,Saint-Gobain,10k catalog row 9299
LRG-09300,Bulk SKU 9300,Steel & Metal,pcs,310,INR,UltraTech,10k catalog row 9300
LRG-09301,Bulk SKU 9301,Tiles & Flooring,pcs,311,INR,Tata,10k catalog row 9301
LRG-09302,Bulk SKU 9302,Electrical Supplies,pcs,312,INR,Kajaria,10k catalog row 9302
LRG-09303,Bulk SKU 9303,Plumbing & HVAC,pcs,313,INR,Havells,10k catalog row 9303
LRG-09304,Bulk SKU 9304,Paint & Finishes,pcs,314,INR,Jaquar,10k catalog row 9304
LRG-09305,Bulk SKU 9305,Building Materials,pcs,315,INR,Asian Paints,10k catalog row 9305
LRG-09306,Bulk SKU 9306,Lighting & Fixtures,pcs,316,INR,Bosch,10k catalog row 9306
LRG-09307,Bulk SKU 9307,Timber & Wood,pcs,317,INR,3M,10k catalog row 9307
LRG-09308,Bulk SKU 9308,Glass & Aluminium,pcs,318,INR,Jindal,10k catalog row 9308
LRG-09309,Bulk SKU 9309,Sanitary Ware,pcs,319,INR,Saint-Gobain,10k catalog row 9309
LRG-09310,Bulk SKU 9310,Steel & Metal,pcs,320,INR,UltraTech,10k catalog row 9310
LRG-09311,Bulk SKU 9311,Tiles & Flooring,pcs,321,INR,Tata,10k catalog row 9311
LRG-09312,Bulk SKU 9312,Electrical Supplies,pcs,322,INR,Kajaria,10k catalog row 9312
LRG-09313,Bulk SKU 9313,Plumbing & HVAC,pcs,323,INR,Havells,10k catalog row 9313
LRG-09314,Bulk SKU 9314,Paint & Finishes,pcs,324,INR,Jaquar,10k catalog row 9314
LRG-09315,Bulk SKU 9315,Building Materials,pcs,325,INR,Asian Paints,10k catalog row 9315
LRG-09316,Bulk SKU 9316,Lighting & Fixtures,pcs,326,INR,Bosch,10k catalog row 9316
LRG-09317,Bulk SKU 9317,Timber & Wood,pcs,327,INR,3M,10k catalog row 9317
LRG-09318,Bulk SKU 9318,Glass & Aluminium,pcs,328,INR,Jindal,10k catalog row 9318
LRG-09319,Bulk SKU 9319,Sanitary Ware,pcs,329,INR,Saint-Gobain,10k catalog row 9319
LRG-09320,Bulk SKU 9320,Steel & Metal,pcs,330,INR,UltraTech,10k catalog row 9320
LRG-09321,Bulk SKU 9321,Tiles & Flooring,pcs,331,INR,Tata,10k catalog row 9321
LRG-09322,Bulk SKU 9322,Electrical Supplies,pcs,332,INR,Kajaria,10k catalog row 9322
LRG-09323,Bulk SKU 9323,Plumbing & HVAC,pcs,333,INR,Havells,10k catalog row 9323
LRG-09324,Bulk SKU 9324,Paint & Finishes,pcs,334,INR,Jaquar,10k catalog row 9324
LRG-09325,Bulk SKU 9325,Building Materials,pcs,335,INR,Asian Paints,10k catalog row 9325
LRG-09326,Bulk SKU 9326,Lighting & Fixtures,pcs,336,INR,Bosch,10k catalog row 9326
LRG-09327,Bulk SKU 9327,Timber & Wood,pcs,337,INR,3M,10k catalog row 9327
LRG-09328,Bulk SKU 9328,Glass & Aluminium,pcs,338,INR,Jindal,10k catalog row 9328
LRG-09329,Bulk SKU 9329,Sanitary Ware,pcs,339,INR,Saint-Gobain,10k catalog row 9329
LRG-09330,Bulk SKU 9330,Steel & Metal,pcs,340,INR,UltraTech,10k catalog row 9330
LRG-09331,Bulk SKU 9331,Tiles & Flooring,pcs,341,INR,Tata,10k catalog row 9331
LRG-09332,Bulk SKU 9332,Electrical Supplies,pcs,342,INR,Kajaria,10k catalog row 9332
LRG-09333,Bulk SKU 9333,Plumbing & HVAC,pcs,343,INR,Havells,10k catalog row 9333
LRG-09334,Bulk SKU 9334,Paint & Finishes,pcs,344,INR,Jaquar,10k catalog row 9334
LRG-09335,Bulk SKU 9335,Building Materials,pcs,345,INR,Asian Paints,10k catalog row 9335
LRG-09336,Bulk SKU 9336,Lighting & Fixtures,pcs,346,INR,Bosch,10k catalog row 9336
LRG-09337,Bulk SKU 9337,Timber & Wood,pcs,347,INR,3M,10k catalog row 9337
LRG-09338,Bulk SKU 9338,Glass & Aluminium,pcs,348,INR,Jindal,10k catalog row 9338
LRG-09339,Bulk SKU 9339,Sanitary Ware,pcs,349,INR,Saint-Gobain,10k catalog row 9339
LRG-09340,Bulk SKU 9340,Steel & Metal,pcs,350,INR,UltraTech,10k catalog row 9340
LRG-09341,Bulk SKU 9341,Tiles & Flooring,pcs,351,INR,Tata,10k catalog row 9341
LRG-09342,Bulk SKU 9342,Electrical Supplies,pcs,352,INR,Kajaria,10k catalog row 9342
LRG-09343,Bulk SKU 9343,Plumbing & HVAC,pcs,353,INR,Havells,10k catalog row 9343
LRG-09344,Bulk SKU 9344,Paint & Finishes,pcs,354,INR,Jaquar,10k catalog row 9344
LRG-09345,Bulk SKU 9345,Building Materials,pcs,355,INR,Asian Paints,10k catalog row 9345
LRG-09346,Bulk SKU 9346,Lighting & Fixtures,pcs,356,INR,Bosch,10k catalog row 9346
LRG-09347,Bulk SKU 9347,Timber & Wood,pcs,357,INR,3M,10k catalog row 9347
LRG-09348,Bulk SKU 9348,Glass & Aluminium,pcs,358,INR,Jindal,10k catalog row 9348
LRG-09349,Bulk SKU 9349,Sanitary Ware,pcs,359,INR,Saint-Gobain,10k catalog row 9349
LRG-09350,Bulk SKU 9350,Steel & Metal,pcs,360,INR,UltraTech,10k catalog row 9350
LRG-09351,Bulk SKU 9351,Tiles & Flooring,pcs,361,INR,Tata,10k catalog row 9351
LRG-09352,Bulk SKU 9352,Electrical Supplies,pcs,362,INR,Kajaria,10k catalog row 9352
LRG-09353,Bulk SKU 9353,Plumbing & HVAC,pcs,363,INR,Havells,10k catalog row 9353
LRG-09354,Bulk SKU 9354,Paint & Finishes,pcs,364,INR,Jaquar,10k catalog row 9354
LRG-09355,Bulk SKU 9355,Building Materials,pcs,365,INR,Asian Paints,10k catalog row 9355
LRG-09356,Bulk SKU 9356,Lighting & Fixtures,pcs,366,INR,Bosch,10k catalog row 9356
LRG-09357,Bulk SKU 9357,Timber & Wood,pcs,367,INR,3M,10k catalog row 9357
LRG-09358,Bulk SKU 9358,Glass & Aluminium,pcs,368,INR,Jindal,10k catalog row 9358
LRG-09359,Bulk SKU 9359,Sanitary Ware,pcs,369,INR,Saint-Gobain,10k catalog row 9359
LRG-09360,Bulk SKU 9360,Steel & Metal,pcs,370,INR,UltraTech,10k catalog row 9360
LRG-09361,Bulk SKU 9361,Tiles & Flooring,pcs,371,INR,Tata,10k catalog row 9361
LRG-09362,Bulk SKU 9362,Electrical Supplies,pcs,372,INR,Kajaria,10k catalog row 9362
LRG-09363,Bulk SKU 9363,Plumbing & HVAC,pcs,373,INR,Havells,10k catalog row 9363
LRG-09364,Bulk SKU 9364,Paint & Finishes,pcs,374,INR,Jaquar,10k catalog row 9364
LRG-09365,Bulk SKU 9365,Building Materials,pcs,375,INR,Asian Paints,10k catalog row 9365
LRG-09366,Bulk SKU 9366,Lighting & Fixtures,pcs,376,INR,Bosch,10k catalog row 9366
LRG-09367,Bulk SKU 9367,Timber & Wood,pcs,377,INR,3M,10k catalog row 9367
LRG-09368,Bulk SKU 9368,Glass & Aluminium,pcs,378,INR,Jindal,10k catalog row 9368
LRG-09369,Bulk SKU 9369,Sanitary Ware,pcs,379,INR,Saint-Gobain,10k catalog row 9369
LRG-09370,Bulk SKU 9370,Steel & Metal,pcs,380,INR,UltraTech,10k catalog row 9370
LRG-09371,Bulk SKU 9371,Tiles & Flooring,pcs,381,INR,Tata,10k catalog row 9371
LRG-09372,Bulk SKU 9372,Electrical Supplies,pcs,382,INR,Kajaria,10k catalog row 9372
LRG-09373,Bulk SKU 9373,Plumbing & HVAC,pcs,383,INR,Havells,10k catalog row 9373
LRG-09374,Bulk SKU 9374,Paint & Finishes,pcs,384,INR,Jaquar,10k catalog row 9374
LRG-09375,Bulk SKU 9375,Building Materials,pcs,385,INR,Asian Paints,10k catalog row 9375
LRG-09376,Bulk SKU 9376,Lighting & Fixtures,pcs,386,INR,Bosch,10k catalog row 9376
LRG-09377,Bulk SKU 9377,Timber & Wood,pcs,387,INR,3M,10k catalog row 9377
LRG-09378,Bulk SKU 9378,Glass & Aluminium,pcs,388,INR,Jindal,10k catalog row 9378
LRG-09379,Bulk SKU 9379,Sanitary Ware,pcs,389,INR,Saint-Gobain,10k catalog row 9379
LRG-09380,Bulk SKU 9380,Steel & Metal,pcs,390,INR,UltraTech,10k catalog row 9380
LRG-09381,Bulk SKU 9381,Tiles & Flooring,pcs,391,INR,Tata,10k catalog row 9381
LRG-09382,Bulk SKU 9382,Electrical Supplies,pcs,392,INR,Kajaria,10k catalog row 9382
LRG-09383,Bulk SKU 9383,Plumbing & HVAC,pcs,393,INR,Havells,10k catalog row 9383
LRG-09384,Bulk SKU 9384,Paint & Finishes,pcs,394,INR,Jaquar,10k catalog row 9384
LRG-09385,Bulk SKU 9385,Building Materials,pcs,395,INR,Asian Paints,10k catalog row 9385
LRG-09386,Bulk SKU 9386,Lighting & Fixtures,pcs,396,INR,Bosch,10k catalog row 9386
LRG-09387,Bulk SKU 9387,Timber & Wood,pcs,397,INR,3M,10k catalog row 9387
LRG-09388,Bulk SKU 9388,Glass & Aluminium,pcs,398,INR,Jindal,10k catalog row 9388
LRG-09389,Bulk SKU 9389,Sanitary Ware,pcs,399,INR,Saint-Gobain,10k catalog row 9389
LRG-09390,Bulk SKU 9390,Steel & Metal,pcs,400,INR,UltraTech,10k catalog row 9390
LRG-09391,Bulk SKU 9391,Tiles & Flooring,pcs,401,INR,Tata,10k catalog row 9391
LRG-09392,Bulk SKU 9392,Electrical Supplies,pcs,402,INR,Kajaria,10k catalog row 9392
LRG-09393,Bulk SKU 9393,Plumbing & HVAC,pcs,403,INR,Havells,10k catalog row 9393
LRG-09394,Bulk SKU 9394,Paint & Finishes,pcs,404,INR,Jaquar,10k catalog row 9394
LRG-09395,Bulk SKU 9395,Building Materials,pcs,405,INR,Asian Paints,10k catalog row 9395
LRG-09396,Bulk SKU 9396,Lighting & Fixtures,pcs,406,INR,Bosch,10k catalog row 9396
LRG-09397,Bulk SKU 9397,Timber & Wood,pcs,407,INR,3M,10k catalog row 9397
LRG-09398,Bulk SKU 9398,Glass & Aluminium,pcs,408,INR,Jindal,10k catalog row 9398
LRG-09399,Bulk SKU 9399,Sanitary Ware,pcs,409,INR,Saint-Gobain,10k catalog row 9399
LRG-09400,Bulk SKU 9400,Steel & Metal,pcs,410,INR,UltraTech,10k catalog row 9400
LRG-09401,Bulk SKU 9401,Tiles & Flooring,pcs,411,INR,Tata,10k catalog row 9401
LRG-09402,Bulk SKU 9402,Electrical Supplies,pcs,412,INR,Kajaria,10k catalog row 9402
LRG-09403,Bulk SKU 9403,Plumbing & HVAC,pcs,413,INR,Havells,10k catalog row 9403
LRG-09404,Bulk SKU 9404,Paint & Finishes,pcs,414,INR,Jaquar,10k catalog row 9404
LRG-09405,Bulk SKU 9405,Building Materials,pcs,415,INR,Asian Paints,10k catalog row 9405
LRG-09406,Bulk SKU 9406,Lighting & Fixtures,pcs,416,INR,Bosch,10k catalog row 9406
LRG-09407,Bulk SKU 9407,Timber & Wood,pcs,417,INR,3M,10k catalog row 9407
LRG-09408,Bulk SKU 9408,Glass & Aluminium,pcs,418,INR,Jindal,10k catalog row 9408
LRG-09409,Bulk SKU 9409,Sanitary Ware,pcs,419,INR,Saint-Gobain,10k catalog row 9409
LRG-09410,Bulk SKU 9410,Steel & Metal,pcs,420,INR,UltraTech,10k catalog row 9410
LRG-09411,Bulk SKU 9411,Tiles & Flooring,pcs,421,INR,Tata,10k catalog row 9411
LRG-09412,Bulk SKU 9412,Electrical Supplies,pcs,422,INR,Kajaria,10k catalog row 9412
LRG-09413,Bulk SKU 9413,Plumbing & HVAC,pcs,423,INR,Havells,10k catalog row 9413
LRG-09414,Bulk SKU 9414,Paint & Finishes,pcs,424,INR,Jaquar,10k catalog row 9414
LRG-09415,Bulk SKU 9415,Building Materials,pcs,425,INR,Asian Paints,10k catalog row 9415
LRG-09416,Bulk SKU 9416,Lighting & Fixtures,pcs,426,INR,Bosch,10k catalog row 9416
LRG-09417,Bulk SKU 9417,Timber & Wood,pcs,427,INR,3M,10k catalog row 9417
LRG-09418,Bulk SKU 9418,Glass & Aluminium,pcs,428,INR,Jindal,10k catalog row 9418
LRG-09419,Bulk SKU 9419,Sanitary Ware,pcs,429,INR,Saint-Gobain,10k catalog row 9419
LRG-09420,Bulk SKU 9420,Steel & Metal,pcs,430,INR,UltraTech,10k catalog row 9420
LRG-09421,Bulk SKU 9421,Tiles & Flooring,pcs,431,INR,Tata,10k catalog row 9421
LRG-09422,Bulk SKU 9422,Electrical Supplies,pcs,432,INR,Kajaria,10k catalog row 9422
LRG-09423,Bulk SKU 9423,Plumbing & HVAC,pcs,433,INR,Havells,10k catalog row 9423
LRG-09424,Bulk SKU 9424,Paint & Finishes,pcs,434,INR,Jaquar,10k catalog row 9424
LRG-09425,Bulk SKU 9425,Building Materials,pcs,435,INR,Asian Paints,10k catalog row 9425
LRG-09426,Bulk SKU 9426,Lighting & Fixtures,pcs,436,INR,Bosch,10k catalog row 9426
LRG-09427,Bulk SKU 9427,Timber & Wood,pcs,437,INR,3M,10k catalog row 9427
LRG-09428,Bulk SKU 9428,Glass & Aluminium,pcs,438,INR,Jindal,10k catalog row 9428
LRG-09429,Bulk SKU 9429,Sanitary Ware,pcs,439,INR,Saint-Gobain,10k catalog row 9429
LRG-09430,Bulk SKU 9430,Steel & Metal,pcs,440,INR,UltraTech,10k catalog row 9430
LRG-09431,Bulk SKU 9431,Tiles & Flooring,pcs,441,INR,Tata,10k catalog row 9431
LRG-09432,Bulk SKU 9432,Electrical Supplies,pcs,442,INR,Kajaria,10k catalog row 9432
LRG-09433,Bulk SKU 9433,Plumbing & HVAC,pcs,443,INR,Havells,10k catalog row 9433
LRG-09434,Bulk SKU 9434,Paint & Finishes,pcs,444,INR,Jaquar,10k catalog row 9434
LRG-09435,Bulk SKU 9435,Building Materials,pcs,445,INR,Asian Paints,10k catalog row 9435
LRG-09436,Bulk SKU 9436,Lighting & Fixtures,pcs,446,INR,Bosch,10k catalog row 9436
LRG-09437,Bulk SKU 9437,Timber & Wood,pcs,447,INR,3M,10k catalog row 9437
LRG-09438,Bulk SKU 9438,Glass & Aluminium,pcs,448,INR,Jindal,10k catalog row 9438
LRG-09439,Bulk SKU 9439,Sanitary Ware,pcs,449,INR,Saint-Gobain,10k catalog row 9439
LRG-09440,Bulk SKU 9440,Steel & Metal,pcs,450,INR,UltraTech,10k catalog row 9440
LRG-09441,Bulk SKU 9441,Tiles & Flooring,pcs,451,INR,Tata,10k catalog row 9441
LRG-09442,Bulk SKU 9442,Electrical Supplies,pcs,452,INR,Kajaria,10k catalog row 9442
LRG-09443,Bulk SKU 9443,Plumbing & HVAC,pcs,453,INR,Havells,10k catalog row 9443
LRG-09444,Bulk SKU 9444,Paint & Finishes,pcs,454,INR,Jaquar,10k catalog row 9444
LRG-09445,Bulk SKU 9445,Building Materials,pcs,455,INR,Asian Paints,10k catalog row 9445
LRG-09446,Bulk SKU 9446,Lighting & Fixtures,pcs,456,INR,Bosch,10k catalog row 9446
LRG-09447,Bulk SKU 9447,Timber & Wood,pcs,457,INR,3M,10k catalog row 9447
LRG-09448,Bulk SKU 9448,Glass & Aluminium,pcs,458,INR,Jindal,10k catalog row 9448
LRG-09449,Bulk SKU 9449,Sanitary Ware,pcs,459,INR,Saint-Gobain,10k catalog row 9449
LRG-09450,Bulk SKU 9450,Steel & Metal,pcs,460,INR,UltraTech,10k catalog row 9450
LRG-09451,Bulk SKU 9451,Tiles & Flooring,pcs,461,INR,Tata,10k catalog row 9451
LRG-09452,Bulk SKU 9452,Electrical Supplies,pcs,462,INR,Kajaria,10k catalog row 9452
LRG-09453,Bulk SKU 9453,Plumbing & HVAC,pcs,463,INR,Havells,10k catalog row 9453
LRG-09454,Bulk SKU 9454,Paint & Finishes,pcs,464,INR,Jaquar,10k catalog row 9454
LRG-09455,Bulk SKU 9455,Building Materials,pcs,465,INR,Asian Paints,10k catalog row 9455
LRG-09456,Bulk SKU 9456,Lighting & Fixtures,pcs,466,INR,Bosch,10k catalog row 9456
LRG-09457,Bulk SKU 9457,Timber & Wood,pcs,467,INR,3M,10k catalog row 9457
LRG-09458,Bulk SKU 9458,Glass & Aluminium,pcs,468,INR,Jindal,10k catalog row 9458
LRG-09459,Bulk SKU 9459,Sanitary Ware,pcs,469,INR,Saint-Gobain,10k catalog row 9459
LRG-09460,Bulk SKU 9460,Steel & Metal,pcs,470,INR,UltraTech,10k catalog row 9460
LRG-09461,Bulk SKU 9461,Tiles & Flooring,pcs,471,INR,Tata,10k catalog row 9461
LRG-09462,Bulk SKU 9462,Electrical Supplies,pcs,472,INR,Kajaria,10k catalog row 9462
LRG-09463,Bulk SKU 9463,Plumbing & HVAC,pcs,473,INR,Havells,10k catalog row 9463
LRG-09464,Bulk SKU 9464,Paint & Finishes,pcs,474,INR,Jaquar,10k catalog row 9464
LRG-09465,Bulk SKU 9465,Building Materials,pcs,475,INR,Asian Paints,10k catalog row 9465
LRG-09466,Bulk SKU 9466,Lighting & Fixtures,pcs,476,INR,Bosch,10k catalog row 9466
LRG-09467,Bulk SKU 9467,Timber & Wood,pcs,477,INR,3M,10k catalog row 9467
LRG-09468,Bulk SKU 9468,Glass & Aluminium,pcs,478,INR,Jindal,10k catalog row 9468
LRG-09469,Bulk SKU 9469,Sanitary Ware,pcs,479,INR,Saint-Gobain,10k catalog row 9469
LRG-09470,Bulk SKU 9470,Steel & Metal,pcs,480,INR,UltraTech,10k catalog row 9470
LRG-09471,Bulk SKU 9471,Tiles & Flooring,pcs,481,INR,Tata,10k catalog row 9471
LRG-09472,Bulk SKU 9472,Electrical Supplies,pcs,482,INR,Kajaria,10k catalog row 9472
LRG-09473,Bulk SKU 9473,Plumbing & HVAC,pcs,483,INR,Havells,10k catalog row 9473
LRG-09474,Bulk SKU 9474,Paint & Finishes,pcs,484,INR,Jaquar,10k catalog row 9474
LRG-09475,Bulk SKU 9475,Building Materials,pcs,485,INR,Asian Paints,10k catalog row 9475
LRG-09476,Bulk SKU 9476,Lighting & Fixtures,pcs,486,INR,Bosch,10k catalog row 9476
LRG-09477,Bulk SKU 9477,Timber & Wood,pcs,487,INR,3M,10k catalog row 9477
LRG-09478,Bulk SKU 9478,Glass & Aluminium,pcs,488,INR,Jindal,10k catalog row 9478
LRG-09479,Bulk SKU 9479,Sanitary Ware,pcs,489,INR,Saint-Gobain,10k catalog row 9479
LRG-09480,Bulk SKU 9480,Steel & Metal,pcs,490,INR,UltraTech,10k catalog row 9480
LRG-09481,Bulk SKU 9481,Tiles & Flooring,pcs,491,INR,Tata,10k catalog row 9481
LRG-09482,Bulk SKU 9482,Electrical Supplies,pcs,492,INR,Kajaria,10k catalog row 9482
LRG-09483,Bulk SKU 9483,Plumbing & HVAC,pcs,493,INR,Havells,10k catalog row 9483
LRG-09484,Bulk SKU 9484,Paint & Finishes,pcs,494,INR,Jaquar,10k catalog row 9484
LRG-09485,Bulk SKU 9485,Building Materials,pcs,495,INR,Asian Paints,10k catalog row 9485
LRG-09486,Bulk SKU 9486,Lighting & Fixtures,pcs,496,INR,Bosch,10k catalog row 9486
LRG-09487,Bulk SKU 9487,Timber & Wood,pcs,497,INR,3M,10k catalog row 9487
LRG-09488,Bulk SKU 9488,Glass & Aluminium,pcs,498,INR,Jindal,10k catalog row 9488
LRG-09489,Bulk SKU 9489,Sanitary Ware,pcs,499,INR,Saint-Gobain,10k catalog row 9489
LRG-09490,Bulk SKU 9490,Steel & Metal,pcs,500,INR,UltraTech,10k catalog row 9490
LRG-09491,Bulk SKU 9491,Tiles & Flooring,pcs,501,INR,Tata,10k catalog row 9491
LRG-09492,Bulk SKU 9492,Electrical Supplies,pcs,502,INR,Kajaria,10k catalog row 9492
LRG-09493,Bulk SKU 9493,Plumbing & HVAC,pcs,503,INR,Havells,10k catalog row 9493
LRG-09494,Bulk SKU 9494,Paint & Finishes,pcs,504,INR,Jaquar,10k catalog row 9494
LRG-09495,Bulk SKU 9495,Building Materials,pcs,505,INR,Asian Paints,10k catalog row 9495
LRG-09496,Bulk SKU 9496,Lighting & Fixtures,pcs,506,INR,Bosch,10k catalog row 9496
LRG-09497,Bulk SKU 9497,Timber & Wood,pcs,507,INR,3M,10k catalog row 9497
LRG-09498,Bulk SKU 9498,Glass & Aluminium,pcs,508,INR,Jindal,10k catalog row 9498
LRG-09499,Bulk SKU 9499,Sanitary Ware,pcs,509,INR,Saint-Gobain,10k catalog row 9499
LRG-09500,Bulk SKU 9500,Steel & Metal,pcs,510,INR,UltraTech,10k catalog row 9500
LRG-09501,Bulk SKU 9501,Tiles & Flooring,pcs,511,INR,Tata,10k catalog row 9501
LRG-09502,Bulk SKU 9502,Electrical Supplies,pcs,512,INR,Kajaria,10k catalog row 9502
LRG-09503,Bulk SKU 9503,Plumbing & HVAC,pcs,513,INR,Havells,10k catalog row 9503
LRG-09504,Bulk SKU 9504,Paint & Finishes,pcs,514,INR,Jaquar,10k catalog row 9504
LRG-09505,Bulk SKU 9505,Building Materials,pcs,515,INR,Asian Paints,10k catalog row 9505
LRG-09506,Bulk SKU 9506,Lighting & Fixtures,pcs,516,INR,Bosch,10k catalog row 9506
LRG-09507,Bulk SKU 9507,Timber & Wood,pcs,517,INR,3M,10k catalog row 9507
LRG-09508,Bulk SKU 9508,Glass & Aluminium,pcs,518,INR,Jindal,10k catalog row 9508
LRG-09509,Bulk SKU 9509,Sanitary Ware,pcs,519,INR,Saint-Gobain,10k catalog row 9509
LRG-09510,Bulk SKU 9510,Steel & Metal,pcs,520,INR,UltraTech,10k catalog row 9510
LRG-09511,Bulk SKU 9511,Tiles & Flooring,pcs,521,INR,Tata,10k catalog row 9511
LRG-09512,Bulk SKU 9512,Electrical Supplies,pcs,522,INR,Kajaria,10k catalog row 9512
LRG-09513,Bulk SKU 9513,Plumbing & HVAC,pcs,523,INR,Havells,10k catalog row 9513
LRG-09514,Bulk SKU 9514,Paint & Finishes,pcs,524,INR,Jaquar,10k catalog row 9514
LRG-09515,Bulk SKU 9515,Building Materials,pcs,525,INR,Asian Paints,10k catalog row 9515
LRG-09516,Bulk SKU 9516,Lighting & Fixtures,pcs,526,INR,Bosch,10k catalog row 9516
LRG-09517,Bulk SKU 9517,Timber & Wood,pcs,527,INR,3M,10k catalog row 9517
LRG-09518,Bulk SKU 9518,Glass & Aluminium,pcs,528,INR,Jindal,10k catalog row 9518
LRG-09519,Bulk SKU 9519,Sanitary Ware,pcs,529,INR,Saint-Gobain,10k catalog row 9519
LRG-09520,Bulk SKU 9520,Steel & Metal,pcs,530,INR,UltraTech,10k catalog row 9520
LRG-09521,Bulk SKU 9521,Tiles & Flooring,pcs,531,INR,Tata,10k catalog row 9521
LRG-09522,Bulk SKU 9522,Electrical Supplies,pcs,532,INR,Kajaria,10k catalog row 9522
LRG-09523,Bulk SKU 9523,Plumbing & HVAC,pcs,533,INR,Havells,10k catalog row 9523
LRG-09524,Bulk SKU 9524,Paint & Finishes,pcs,534,INR,Jaquar,10k catalog row 9524
LRG-09525,Bulk SKU 9525,Building Materials,pcs,535,INR,Asian Paints,10k catalog row 9525
LRG-09526,Bulk SKU 9526,Lighting & Fixtures,pcs,536,INR,Bosch,10k catalog row 9526
LRG-09527,Bulk SKU 9527,Timber & Wood,pcs,537,INR,3M,10k catalog row 9527
LRG-09528,Bulk SKU 9528,Glass & Aluminium,pcs,538,INR,Jindal,10k catalog row 9528
LRG-09529,Bulk SKU 9529,Sanitary Ware,pcs,539,INR,Saint-Gobain,10k catalog row 9529
LRG-09530,Bulk SKU 9530,Steel & Metal,pcs,540,INR,UltraTech,10k catalog row 9530
LRG-09531,Bulk SKU 9531,Tiles & Flooring,pcs,541,INR,Tata,10k catalog row 9531
LRG-09532,Bulk SKU 9532,Electrical Supplies,pcs,542,INR,Kajaria,10k catalog row 9532
LRG-09533,Bulk SKU 9533,Plumbing & HVAC,pcs,543,INR,Havells,10k catalog row 9533
LRG-09534,Bulk SKU 9534,Paint & Finishes,pcs,544,INR,Jaquar,10k catalog row 9534
LRG-09535,Bulk SKU 9535,Building Materials,pcs,545,INR,Asian Paints,10k catalog row 9535
LRG-09536,Bulk SKU 9536,Lighting & Fixtures,pcs,546,INR,Bosch,10k catalog row 9536
LRG-09537,Bulk SKU 9537,Timber & Wood,pcs,547,INR,3M,10k catalog row 9537
LRG-09538,Bulk SKU 9538,Glass & Aluminium,pcs,548,INR,Jindal,10k catalog row 9538
LRG-09539,Bulk SKU 9539,Sanitary Ware,pcs,549,INR,Saint-Gobain,10k catalog row 9539
LRG-09540,Bulk SKU 9540,Steel & Metal,pcs,550,INR,UltraTech,10k catalog row 9540
LRG-09541,Bulk SKU 9541,Tiles & Flooring,pcs,551,INR,Tata,10k catalog row 9541
LRG-09542,Bulk SKU 9542,Electrical Supplies,pcs,552,INR,Kajaria,10k catalog row 9542
LRG-09543,Bulk SKU 9543,Plumbing & HVAC,pcs,553,INR,Havells,10k catalog row 9543
LRG-09544,Bulk SKU 9544,Paint & Finishes,pcs,554,INR,Jaquar,10k catalog row 9544
LRG-09545,Bulk SKU 9545,Building Materials,pcs,555,INR,Asian Paints,10k catalog row 9545
LRG-09546,Bulk SKU 9546,Lighting & Fixtures,pcs,556,INR,Bosch,10k catalog row 9546
LRG-09547,Bulk SKU 9547,Timber & Wood,pcs,557,INR,3M,10k catalog row 9547
LRG-09548,Bulk SKU 9548,Glass & Aluminium,pcs,558,INR,Jindal,10k catalog row 9548
LRG-09549,Bulk SKU 9549,Sanitary Ware,pcs,559,INR,Saint-Gobain,10k catalog row 9549
LRG-09550,Bulk SKU 9550,Steel & Metal,pcs,560,INR,UltraTech,10k catalog row 9550
LRG-09551,Bulk SKU 9551,Tiles & Flooring,pcs,561,INR,Tata,10k catalog row 9551
LRG-09552,Bulk SKU 9552,Electrical Supplies,pcs,562,INR,Kajaria,10k catalog row 9552
LRG-09553,Bulk SKU 9553,Plumbing & HVAC,pcs,563,INR,Havells,10k catalog row 9553
LRG-09554,Bulk SKU 9554,Paint & Finishes,pcs,564,INR,Jaquar,10k catalog row 9554
LRG-09555,Bulk SKU 9555,Building Materials,pcs,565,INR,Asian Paints,10k catalog row 9555
LRG-09556,Bulk SKU 9556,Lighting & Fixtures,pcs,566,INR,Bosch,10k catalog row 9556
LRG-09557,Bulk SKU 9557,Timber & Wood,pcs,567,INR,3M,10k catalog row 9557
LRG-09558,Bulk SKU 9558,Glass & Aluminium,pcs,568,INR,Jindal,10k catalog row 9558
LRG-09559,Bulk SKU 9559,Sanitary Ware,pcs,569,INR,Saint-Gobain,10k catalog row 9559
LRG-09560,Bulk SKU 9560,Steel & Metal,pcs,570,INR,UltraTech,10k catalog row 9560
LRG-09561,Bulk SKU 9561,Tiles & Flooring,pcs,571,INR,Tata,10k catalog row 9561
LRG-09562,Bulk SKU 9562,Electrical Supplies,pcs,572,INR,Kajaria,10k catalog row 9562
LRG-09563,Bulk SKU 9563,Plumbing & HVAC,pcs,573,INR,Havells,10k catalog row 9563
LRG-09564,Bulk SKU 9564,Paint & Finishes,pcs,574,INR,Jaquar,10k catalog row 9564
LRG-09565,Bulk SKU 9565,Building Materials,pcs,575,INR,Asian Paints,10k catalog row 9565
LRG-09566,Bulk SKU 9566,Lighting & Fixtures,pcs,576,INR,Bosch,10k catalog row 9566
LRG-09567,Bulk SKU 9567,Timber & Wood,pcs,577,INR,3M,10k catalog row 9567
LRG-09568,Bulk SKU 9568,Glass & Aluminium,pcs,578,INR,Jindal,10k catalog row 9568
LRG-09569,Bulk SKU 9569,Sanitary Ware,pcs,579,INR,Saint-Gobain,10k catalog row 9569
LRG-09570,Bulk SKU 9570,Steel & Metal,pcs,580,INR,UltraTech,10k catalog row 9570
LRG-09571,Bulk SKU 9571,Tiles & Flooring,pcs,581,INR,Tata,10k catalog row 9571
LRG-09572,Bulk SKU 9572,Electrical Supplies,pcs,582,INR,Kajaria,10k catalog row 9572
LRG-09573,Bulk SKU 9573,Plumbing & HVAC,pcs,583,INR,Havells,10k catalog row 9573
LRG-09574,Bulk SKU 9574,Paint & Finishes,pcs,584,INR,Jaquar,10k catalog row 9574
LRG-09575,Bulk SKU 9575,Building Materials,pcs,585,INR,Asian Paints,10k catalog row 9575
LRG-09576,Bulk SKU 9576,Lighting & Fixtures,pcs,586,INR,Bosch,10k catalog row 9576
LRG-09577,Bulk SKU 9577,Timber & Wood,pcs,587,INR,3M,10k catalog row 9577
LRG-09578,Bulk SKU 9578,Glass & Aluminium,pcs,588,INR,Jindal,10k catalog row 9578
LRG-09579,Bulk SKU 9579,Sanitary Ware,pcs,589,INR,Saint-Gobain,10k catalog row 9579
LRG-09580,Bulk SKU 9580,Steel & Metal,pcs,590,INR,UltraTech,10k catalog row 9580
LRG-09581,Bulk SKU 9581,Tiles & Flooring,pcs,591,INR,Tata,10k catalog row 9581
LRG-09582,Bulk SKU 9582,Electrical Supplies,pcs,592,INR,Kajaria,10k catalog row 9582
LRG-09583,Bulk SKU 9583,Plumbing & HVAC,pcs,593,INR,Havells,10k catalog row 9583
LRG-09584,Bulk SKU 9584,Paint & Finishes,pcs,594,INR,Jaquar,10k catalog row 9584
LRG-09585,Bulk SKU 9585,Building Materials,pcs,595,INR,Asian Paints,10k catalog row 9585
LRG-09586,Bulk SKU 9586,Lighting & Fixtures,pcs,596,INR,Bosch,10k catalog row 9586
LRG-09587,Bulk SKU 9587,Timber & Wood,pcs,597,INR,3M,10k catalog row 9587
LRG-09588,Bulk SKU 9588,Glass & Aluminium,pcs,598,INR,Jindal,10k catalog row 9588
LRG-09589,Bulk SKU 9589,Sanitary Ware,pcs,599,INR,Saint-Gobain,10k catalog row 9589
LRG-09590,Bulk SKU 9590,Steel & Metal,pcs,600,INR,UltraTech,10k catalog row 9590
LRG-09591,Bulk SKU 9591,Tiles & Flooring,pcs,601,INR,Tata,10k catalog row 9591
LRG-09592,Bulk SKU 9592,Electrical Supplies,pcs,602,INR,Kajaria,10k catalog row 9592
LRG-09593,Bulk SKU 9593,Plumbing & HVAC,pcs,603,INR,Havells,10k catalog row 9593
LRG-09594,Bulk SKU 9594,Paint & Finishes,pcs,604,INR,Jaquar,10k catalog row 9594
LRG-09595,Bulk SKU 9595,Building Materials,pcs,605,INR,Asian Paints,10k catalog row 9595
LRG-09596,Bulk SKU 9596,Lighting & Fixtures,pcs,606,INR,Bosch,10k catalog row 9596
LRG-09597,Bulk SKU 9597,Timber & Wood,pcs,607,INR,3M,10k catalog row 9597
LRG-09598,Bulk SKU 9598,Glass & Aluminium,pcs,608,INR,Jindal,10k catalog row 9598
LRG-09599,Bulk SKU 9599,Sanitary Ware,pcs,609,INR,Saint-Gobain,10k catalog row 9599
LRG-09600,Bulk SKU 9600,Steel & Metal,pcs,610,INR,UltraTech,10k catalog row 9600
LRG-09601,Bulk SKU 9601,Tiles & Flooring,pcs,611,INR,Tata,10k catalog row 9601
LRG-09602,Bulk SKU 9602,Electrical Supplies,pcs,612,INR,Kajaria,10k catalog row 9602
LRG-09603,Bulk SKU 9603,Plumbing & HVAC,pcs,613,INR,Havells,10k catalog row 9603
LRG-09604,Bulk SKU 9604,Paint & Finishes,pcs,614,INR,Jaquar,10k catalog row 9604
LRG-09605,Bulk SKU 9605,Building Materials,pcs,615,INR,Asian Paints,10k catalog row 9605
LRG-09606,Bulk SKU 9606,Lighting & Fixtures,pcs,616,INR,Bosch,10k catalog row 9606
LRG-09607,Bulk SKU 9607,Timber & Wood,pcs,617,INR,3M,10k catalog row 9607
LRG-09608,Bulk SKU 9608,Glass & Aluminium,pcs,618,INR,Jindal,10k catalog row 9608
LRG-09609,Bulk SKU 9609,Sanitary Ware,pcs,619,INR,Saint-Gobain,10k catalog row 9609
LRG-09610,Bulk SKU 9610,Steel & Metal,pcs,620,INR,UltraTech,10k catalog row 9610
LRG-09611,Bulk SKU 9611,Tiles & Flooring,pcs,621,INR,Tata,10k catalog row 9611
LRG-09612,Bulk SKU 9612,Electrical Supplies,pcs,622,INR,Kajaria,10k catalog row 9612
LRG-09613,Bulk SKU 9613,Plumbing & HVAC,pcs,623,INR,Havells,10k catalog row 9613
LRG-09614,Bulk SKU 9614,Paint & Finishes,pcs,624,INR,Jaquar,10k catalog row 9614
LRG-09615,Bulk SKU 9615,Building Materials,pcs,625,INR,Asian Paints,10k catalog row 9615
LRG-09616,Bulk SKU 9616,Lighting & Fixtures,pcs,626,INR,Bosch,10k catalog row 9616
LRG-09617,Bulk SKU 9617,Timber & Wood,pcs,627,INR,3M,10k catalog row 9617
LRG-09618,Bulk SKU 9618,Glass & Aluminium,pcs,628,INR,Jindal,10k catalog row 9618
LRG-09619,Bulk SKU 9619,Sanitary Ware,pcs,629,INR,Saint-Gobain,10k catalog row 9619
LRG-09620,Bulk SKU 9620,Steel & Metal,pcs,630,INR,UltraTech,10k catalog row 9620
LRG-09621,Bulk SKU 9621,Tiles & Flooring,pcs,631,INR,Tata,10k catalog row 9621
LRG-09622,Bulk SKU 9622,Electrical Supplies,pcs,632,INR,Kajaria,10k catalog row 9622
LRG-09623,Bulk SKU 9623,Plumbing & HVAC,pcs,633,INR,Havells,10k catalog row 9623
LRG-09624,Bulk SKU 9624,Paint & Finishes,pcs,634,INR,Jaquar,10k catalog row 9624
LRG-09625,Bulk SKU 9625,Building Materials,pcs,635,INR,Asian Paints,10k catalog row 9625
LRG-09626,Bulk SKU 9626,Lighting & Fixtures,pcs,636,INR,Bosch,10k catalog row 9626
LRG-09627,Bulk SKU 9627,Timber & Wood,pcs,637,INR,3M,10k catalog row 9627
LRG-09628,Bulk SKU 9628,Glass & Aluminium,pcs,638,INR,Jindal,10k catalog row 9628
LRG-09629,Bulk SKU 9629,Sanitary Ware,pcs,639,INR,Saint-Gobain,10k catalog row 9629
LRG-09630,Bulk SKU 9630,Steel & Metal,pcs,640,INR,UltraTech,10k catalog row 9630
LRG-09631,Bulk SKU 9631,Tiles & Flooring,pcs,641,INR,Tata,10k catalog row 9631
LRG-09632,Bulk SKU 9632,Electrical Supplies,pcs,642,INR,Kajaria,10k catalog row 9632
LRG-09633,Bulk SKU 9633,Plumbing & HVAC,pcs,643,INR,Havells,10k catalog row 9633
LRG-09634,Bulk SKU 9634,Paint & Finishes,pcs,644,INR,Jaquar,10k catalog row 9634
LRG-09635,Bulk SKU 9635,Building Materials,pcs,645,INR,Asian Paints,10k catalog row 9635
LRG-09636,Bulk SKU 9636,Lighting & Fixtures,pcs,646,INR,Bosch,10k catalog row 9636
LRG-09637,Bulk SKU 9637,Timber & Wood,pcs,647,INR,3M,10k catalog row 9637
LRG-09638,Bulk SKU 9638,Glass & Aluminium,pcs,648,INR,Jindal,10k catalog row 9638
LRG-09639,Bulk SKU 9639,Sanitary Ware,pcs,649,INR,Saint-Gobain,10k catalog row 9639
LRG-09640,Bulk SKU 9640,Steel & Metal,pcs,650,INR,UltraTech,10k catalog row 9640
LRG-09641,Bulk SKU 9641,Tiles & Flooring,pcs,651,INR,Tata,10k catalog row 9641
LRG-09642,Bulk SKU 9642,Electrical Supplies,pcs,652,INR,Kajaria,10k catalog row 9642
LRG-09643,Bulk SKU 9643,Plumbing & HVAC,pcs,653,INR,Havells,10k catalog row 9643
LRG-09644,Bulk SKU 9644,Paint & Finishes,pcs,654,INR,Jaquar,10k catalog row 9644
LRG-09645,Bulk SKU 9645,Building Materials,pcs,655,INR,Asian Paints,10k catalog row 9645
LRG-09646,Bulk SKU 9646,Lighting & Fixtures,pcs,656,INR,Bosch,10k catalog row 9646
LRG-09647,Bulk SKU 9647,Timber & Wood,pcs,657,INR,3M,10k catalog row 9647
LRG-09648,Bulk SKU 9648,Glass & Aluminium,pcs,658,INR,Jindal,10k catalog row 9648
LRG-09649,Bulk SKU 9649,Sanitary Ware,pcs,659,INR,Saint-Gobain,10k catalog row 9649
LRG-09650,Bulk SKU 9650,Steel & Metal,pcs,660,INR,UltraTech,10k catalog row 9650
LRG-09651,Bulk SKU 9651,Tiles & Flooring,pcs,661,INR,Tata,10k catalog row 9651
LRG-09652,Bulk SKU 9652,Electrical Supplies,pcs,662,INR,Kajaria,10k catalog row 9652
LRG-09653,Bulk SKU 9653,Plumbing & HVAC,pcs,663,INR,Havells,10k catalog row 9653
LRG-09654,Bulk SKU 9654,Paint & Finishes,pcs,664,INR,Jaquar,10k catalog row 9654
LRG-09655,Bulk SKU 9655,Building Materials,pcs,665,INR,Asian Paints,10k catalog row 9655
LRG-09656,Bulk SKU 9656,Lighting & Fixtures,pcs,666,INR,Bosch,10k catalog row 9656
LRG-09657,Bulk SKU 9657,Timber & Wood,pcs,667,INR,3M,10k catalog row 9657
LRG-09658,Bulk SKU 9658,Glass & Aluminium,pcs,668,INR,Jindal,10k catalog row 9658
LRG-09659,Bulk SKU 9659,Sanitary Ware,pcs,669,INR,Saint-Gobain,10k catalog row 9659
LRG-09660,Bulk SKU 9660,Steel & Metal,pcs,670,INR,UltraTech,10k catalog row 9660
LRG-09661,Bulk SKU 9661,Tiles & Flooring,pcs,671,INR,Tata,10k catalog row 9661
LRG-09662,Bulk SKU 9662,Electrical Supplies,pcs,672,INR,Kajaria,10k catalog row 9662
LRG-09663,Bulk SKU 9663,Plumbing & HVAC,pcs,673,INR,Havells,10k catalog row 9663
LRG-09664,Bulk SKU 9664,Paint & Finishes,pcs,674,INR,Jaquar,10k catalog row 9664
LRG-09665,Bulk SKU 9665,Building Materials,pcs,675,INR,Asian Paints,10k catalog row 9665
LRG-09666,Bulk SKU 9666,Lighting & Fixtures,pcs,676,INR,Bosch,10k catalog row 9666
LRG-09667,Bulk SKU 9667,Timber & Wood,pcs,677,INR,3M,10k catalog row 9667
LRG-09668,Bulk SKU 9668,Glass & Aluminium,pcs,678,INR,Jindal,10k catalog row 9668
LRG-09669,Bulk SKU 9669,Sanitary Ware,pcs,679,INR,Saint-Gobain,10k catalog row 9669
LRG-09670,Bulk SKU 9670,Steel & Metal,pcs,680,INR,UltraTech,10k catalog row 9670
LRG-09671,Bulk SKU 9671,Tiles & Flooring,pcs,681,INR,Tata,10k catalog row 9671
LRG-09672,Bulk SKU 9672,Electrical Supplies,pcs,682,INR,Kajaria,10k catalog row 9672
LRG-09673,Bulk SKU 9673,Plumbing & HVAC,pcs,683,INR,Havells,10k catalog row 9673
LRG-09674,Bulk SKU 9674,Paint & Finishes,pcs,684,INR,Jaquar,10k catalog row 9674
LRG-09675,Bulk SKU 9675,Building Materials,pcs,685,INR,Asian Paints,10k catalog row 9675
LRG-09676,Bulk SKU 9676,Lighting & Fixtures,pcs,686,INR,Bosch,10k catalog row 9676
LRG-09677,Bulk SKU 9677,Timber & Wood,pcs,687,INR,3M,10k catalog row 9677
LRG-09678,Bulk SKU 9678,Glass & Aluminium,pcs,688,INR,Jindal,10k catalog row 9678
LRG-09679,Bulk SKU 9679,Sanitary Ware,pcs,689,INR,Saint-Gobain,10k catalog row 9679
LRG-09680,Bulk SKU 9680,Steel & Metal,pcs,690,INR,UltraTech,10k catalog row 9680
LRG-09681,Bulk SKU 9681,Tiles & Flooring,pcs,691,INR,Tata,10k catalog row 9681
LRG-09682,Bulk SKU 9682,Electrical Supplies,pcs,692,INR,Kajaria,10k catalog row 9682
LRG-09683,Bulk SKU 9683,Plumbing & HVAC,pcs,693,INR,Havells,10k catalog row 9683
LRG-09684,Bulk SKU 9684,Paint & Finishes,pcs,694,INR,Jaquar,10k catalog row 9684
LRG-09685,Bulk SKU 9685,Building Materials,pcs,695,INR,Asian Paints,10k catalog row 9685
LRG-09686,Bulk SKU 9686,Lighting & Fixtures,pcs,696,INR,Bosch,10k catalog row 9686
LRG-09687,Bulk SKU 9687,Timber & Wood,pcs,697,INR,3M,10k catalog row 9687
LRG-09688,Bulk SKU 9688,Glass & Aluminium,pcs,698,INR,Jindal,10k catalog row 9688
LRG-09689,Bulk SKU 9689,Sanitary Ware,pcs,699,INR,Saint-Gobain,10k catalog row 9689
LRG-09690,Bulk SKU 9690,Steel & Metal,pcs,700,INR,UltraTech,10k catalog row 9690
LRG-09691,Bulk SKU 9691,Tiles & Flooring,pcs,701,INR,Tata,10k catalog row 9691
LRG-09692,Bulk SKU 9692,Electrical Supplies,pcs,702,INR,Kajaria,10k catalog row 9692
LRG-09693,Bulk SKU 9693,Plumbing & HVAC,pcs,703,INR,Havells,10k catalog row 9693
LRG-09694,Bulk SKU 9694,Paint & Finishes,pcs,704,INR,Jaquar,10k catalog row 9694
LRG-09695,Bulk SKU 9695,Building Materials,pcs,705,INR,Asian Paints,10k catalog row 9695
LRG-09696,Bulk SKU 9696,Lighting & Fixtures,pcs,706,INR,Bosch,10k catalog row 9696
LRG-09697,Bulk SKU 9697,Timber & Wood,pcs,707,INR,3M,10k catalog row 9697
LRG-09698,Bulk SKU 9698,Glass & Aluminium,pcs,708,INR,Jindal,10k catalog row 9698
LRG-09699,Bulk SKU 9699,Sanitary Ware,pcs,709,INR,Saint-Gobain,10k catalog row 9699
LRG-09700,Bulk SKU 9700,Steel & Metal,pcs,710,INR,UltraTech,10k catalog row 9700
LRG-09701,Bulk SKU 9701,Tiles & Flooring,pcs,711,INR,Tata,10k catalog row 9701
LRG-09702,Bulk SKU 9702,Electrical Supplies,pcs,712,INR,Kajaria,10k catalog row 9702
LRG-09703,Bulk SKU 9703,Plumbing & HVAC,pcs,713,INR,Havells,10k catalog row 9703
LRG-09704,Bulk SKU 9704,Paint & Finishes,pcs,714,INR,Jaquar,10k catalog row 9704
LRG-09705,Bulk SKU 9705,Building Materials,pcs,715,INR,Asian Paints,10k catalog row 9705
LRG-09706,Bulk SKU 9706,Lighting & Fixtures,pcs,716,INR,Bosch,10k catalog row 9706
LRG-09707,Bulk SKU 9707,Timber & Wood,pcs,717,INR,3M,10k catalog row 9707
LRG-09708,Bulk SKU 9708,Glass & Aluminium,pcs,718,INR,Jindal,10k catalog row 9708
LRG-09709,Bulk SKU 9709,Sanitary Ware,pcs,719,INR,Saint-Gobain,10k catalog row 9709
LRG-09710,Bulk SKU 9710,Steel & Metal,pcs,720,INR,UltraTech,10k catalog row 9710
LRG-09711,Bulk SKU 9711,Tiles & Flooring,pcs,721,INR,Tata,10k catalog row 9711
LRG-09712,Bulk SKU 9712,Electrical Supplies,pcs,722,INR,Kajaria,10k catalog row 9712
LRG-09713,Bulk SKU 9713,Plumbing & HVAC,pcs,723,INR,Havells,10k catalog row 9713
LRG-09714,Bulk SKU 9714,Paint & Finishes,pcs,724,INR,Jaquar,10k catalog row 9714
LRG-09715,Bulk SKU 9715,Building Materials,pcs,725,INR,Asian Paints,10k catalog row 9715
LRG-09716,Bulk SKU 9716,Lighting & Fixtures,pcs,726,INR,Bosch,10k catalog row 9716
LRG-09717,Bulk SKU 9717,Timber & Wood,pcs,727,INR,3M,10k catalog row 9717
LRG-09718,Bulk SKU 9718,Glass & Aluminium,pcs,728,INR,Jindal,10k catalog row 9718
LRG-09719,Bulk SKU 9719,Sanitary Ware,pcs,729,INR,Saint-Gobain,10k catalog row 9719
LRG-09720,Bulk SKU 9720,Steel & Metal,pcs,730,INR,UltraTech,10k catalog row 9720
LRG-09721,Bulk SKU 9721,Tiles & Flooring,pcs,731,INR,Tata,10k catalog row 9721
LRG-09722,Bulk SKU 9722,Electrical Supplies,pcs,732,INR,Kajaria,10k catalog row 9722
LRG-09723,Bulk SKU 9723,Plumbing & HVAC,pcs,733,INR,Havells,10k catalog row 9723
LRG-09724,Bulk SKU 9724,Paint & Finishes,pcs,734,INR,Jaquar,10k catalog row 9724
LRG-09725,Bulk SKU 9725,Building Materials,pcs,735,INR,Asian Paints,10k catalog row 9725
LRG-09726,Bulk SKU 9726,Lighting & Fixtures,pcs,736,INR,Bosch,10k catalog row 9726
LRG-09727,Bulk SKU 9727,Timber & Wood,pcs,737,INR,3M,10k catalog row 9727
LRG-09728,Bulk SKU 9728,Glass & Aluminium,pcs,738,INR,Jindal,10k catalog row 9728
LRG-09729,Bulk SKU 9729,Sanitary Ware,pcs,739,INR,Saint-Gobain,10k catalog row 9729
LRG-09730,Bulk SKU 9730,Steel & Metal,pcs,740,INR,UltraTech,10k catalog row 9730
LRG-09731,Bulk SKU 9731,Tiles & Flooring,pcs,741,INR,Tata,10k catalog row 9731
LRG-09732,Bulk SKU 9732,Electrical Supplies,pcs,742,INR,Kajaria,10k catalog row 9732
LRG-09733,Bulk SKU 9733,Plumbing & HVAC,pcs,743,INR,Havells,10k catalog row 9733
LRG-09734,Bulk SKU 9734,Paint & Finishes,pcs,744,INR,Jaquar,10k catalog row 9734
LRG-09735,Bulk SKU 9735,Building Materials,pcs,745,INR,Asian Paints,10k catalog row 9735
LRG-09736,Bulk SKU 9736,Lighting & Fixtures,pcs,746,INR,Bosch,10k catalog row 9736
LRG-09737,Bulk SKU 9737,Timber & Wood,pcs,747,INR,3M,10k catalog row 9737
LRG-09738,Bulk SKU 9738,Glass & Aluminium,pcs,748,INR,Jindal,10k catalog row 9738
LRG-09739,Bulk SKU 9739,Sanitary Ware,pcs,749,INR,Saint-Gobain,10k catalog row 9739
LRG-09740,Bulk SKU 9740,Steel & Metal,pcs,750,INR,UltraTech,10k catalog row 9740
LRG-09741,Bulk SKU 9741,Tiles & Flooring,pcs,751,INR,Tata,10k catalog row 9741
LRG-09742,Bulk SKU 9742,Electrical Supplies,pcs,752,INR,Kajaria,10k catalog row 9742
LRG-09743,Bulk SKU 9743,Plumbing & HVAC,pcs,753,INR,Havells,10k catalog row 9743
LRG-09744,Bulk SKU 9744,Paint & Finishes,pcs,754,INR,Jaquar,10k catalog row 9744
LRG-09745,Bulk SKU 9745,Building Materials,pcs,755,INR,Asian Paints,10k catalog row 9745
LRG-09746,Bulk SKU 9746,Lighting & Fixtures,pcs,756,INR,Bosch,10k catalog row 9746
LRG-09747,Bulk SKU 9747,Timber & Wood,pcs,757,INR,3M,10k catalog row 9747
LRG-09748,Bulk SKU 9748,Glass & Aluminium,pcs,758,INR,Jindal,10k catalog row 9748
LRG-09749,Bulk SKU 9749,Sanitary Ware,pcs,759,INR,Saint-Gobain,10k catalog row 9749
LRG-09750,Bulk SKU 9750,Steel & Metal,pcs,760,INR,UltraTech,10k catalog row 9750
LRG-09751,Bulk SKU 9751,Tiles & Flooring,pcs,761,INR,Tata,10k catalog row 9751
LRG-09752,Bulk SKU 9752,Electrical Supplies,pcs,762,INR,Kajaria,10k catalog row 9752
LRG-09753,Bulk SKU 9753,Plumbing & HVAC,pcs,763,INR,Havells,10k catalog row 9753
LRG-09754,Bulk SKU 9754,Paint & Finishes,pcs,764,INR,Jaquar,10k catalog row 9754
LRG-09755,Bulk SKU 9755,Building Materials,pcs,765,INR,Asian Paints,10k catalog row 9755
LRG-09756,Bulk SKU 9756,Lighting & Fixtures,pcs,766,INR,Bosch,10k catalog row 9756
LRG-09757,Bulk SKU 9757,Timber & Wood,pcs,767,INR,3M,10k catalog row 9757
LRG-09758,Bulk SKU 9758,Glass & Aluminium,pcs,768,INR,Jindal,10k catalog row 9758
LRG-09759,Bulk SKU 9759,Sanitary Ware,pcs,769,INR,Saint-Gobain,10k catalog row 9759
LRG-09760,Bulk SKU 9760,Steel & Metal,pcs,770,INR,UltraTech,10k catalog row 9760
LRG-09761,Bulk SKU 9761,Tiles & Flooring,pcs,771,INR,Tata,10k catalog row 9761
LRG-09762,Bulk SKU 9762,Electrical Supplies,pcs,772,INR,Kajaria,10k catalog row 9762
LRG-09763,Bulk SKU 9763,Plumbing & HVAC,pcs,773,INR,Havells,10k catalog row 9763
LRG-09764,Bulk SKU 9764,Paint & Finishes,pcs,774,INR,Jaquar,10k catalog row 9764
LRG-09765,Bulk SKU 9765,Building Materials,pcs,775,INR,Asian Paints,10k catalog row 9765
LRG-09766,Bulk SKU 9766,Lighting & Fixtures,pcs,776,INR,Bosch,10k catalog row 9766
LRG-09767,Bulk SKU 9767,Timber & Wood,pcs,777,INR,3M,10k catalog row 9767
LRG-09768,Bulk SKU 9768,Glass & Aluminium,pcs,778,INR,Jindal,10k catalog row 9768
LRG-09769,Bulk SKU 9769,Sanitary Ware,pcs,779,INR,Saint-Gobain,10k catalog row 9769
LRG-09770,Bulk SKU 9770,Steel & Metal,pcs,780,INR,UltraTech,10k catalog row 9770
LRG-09771,Bulk SKU 9771,Tiles & Flooring,pcs,781,INR,Tata,10k catalog row 9771
LRG-09772,Bulk SKU 9772,Electrical Supplies,pcs,782,INR,Kajaria,10k catalog row 9772
LRG-09773,Bulk SKU 9773,Plumbing & HVAC,pcs,783,INR,Havells,10k catalog row 9773
LRG-09774,Bulk SKU 9774,Paint & Finishes,pcs,784,INR,Jaquar,10k catalog row 9774
LRG-09775,Bulk SKU 9775,Building Materials,pcs,785,INR,Asian Paints,10k catalog row 9775
LRG-09776,Bulk SKU 9776,Lighting & Fixtures,pcs,786,INR,Bosch,10k catalog row 9776
LRG-09777,Bulk SKU 9777,Timber & Wood,pcs,787,INR,3M,10k catalog row 9777
LRG-09778,Bulk SKU 9778,Glass & Aluminium,pcs,788,INR,Jindal,10k catalog row 9778
LRG-09779,Bulk SKU 9779,Sanitary Ware,pcs,789,INR,Saint-Gobain,10k catalog row 9779
LRG-09780,Bulk SKU 9780,Steel & Metal,pcs,790,INR,UltraTech,10k catalog row 9780
LRG-09781,Bulk SKU 9781,Tiles & Flooring,pcs,791,INR,Tata,10k catalog row 9781
LRG-09782,Bulk SKU 9782,Electrical Supplies,pcs,792,INR,Kajaria,10k catalog row 9782
LRG-09783,Bulk SKU 9783,Plumbing & HVAC,pcs,793,INR,Havells,10k catalog row 9783
LRG-09784,Bulk SKU 9784,Paint & Finishes,pcs,794,INR,Jaquar,10k catalog row 9784
LRG-09785,Bulk SKU 9785,Building Materials,pcs,795,INR,Asian Paints,10k catalog row 9785
LRG-09786,Bulk SKU 9786,Lighting & Fixtures,pcs,796,INR,Bosch,10k catalog row 9786
LRG-09787,Bulk SKU 9787,Timber & Wood,pcs,797,INR,3M,10k catalog row 9787
LRG-09788,Bulk SKU 9788,Glass & Aluminium,pcs,798,INR,Jindal,10k catalog row 9788
LRG-09789,Bulk SKU 9789,Sanitary Ware,pcs,799,INR,Saint-Gobain,10k catalog row 9789
LRG-09790,Bulk SKU 9790,Steel & Metal,pcs,800,INR,UltraTech,10k catalog row 9790
LRG-09791,Bulk SKU 9791,Tiles & Flooring,pcs,801,INR,Tata,10k catalog row 9791
LRG-09792,Bulk SKU 9792,Electrical Supplies,pcs,802,INR,Kajaria,10k catalog row 9792
LRG-09793,Bulk SKU 9793,Plumbing & HVAC,pcs,803,INR,Havells,10k catalog row 9793
LRG-09794,Bulk SKU 9794,Paint & Finishes,pcs,804,INR,Jaquar,10k catalog row 9794
LRG-09795,Bulk SKU 9795,Building Materials,pcs,805,INR,Asian Paints,10k catalog row 9795
LRG-09796,Bulk SKU 9796,Lighting & Fixtures,pcs,806,INR,Bosch,10k catalog row 9796
LRG-09797,Bulk SKU 9797,Timber & Wood,pcs,807,INR,3M,10k catalog row 9797
LRG-09798,Bulk SKU 9798,Glass & Aluminium,pcs,808,INR,Jindal,10k catalog row 9798
LRG-09799,Bulk SKU 9799,Sanitary Ware,pcs,809,INR,Saint-Gobain,10k catalog row 9799
LRG-09800,Bulk SKU 9800,Steel & Metal,pcs,810,INR,UltraTech,10k catalog row 9800
LRG-09801,Bulk SKU 9801,Tiles & Flooring,pcs,811,INR,Tata,10k catalog row 9801
LRG-09802,Bulk SKU 9802,Electrical Supplies,pcs,812,INR,Kajaria,10k catalog row 9802
LRG-09803,Bulk SKU 9803,Plumbing & HVAC,pcs,813,INR,Havells,10k catalog row 9803
LRG-09804,Bulk SKU 9804,Paint & Finishes,pcs,814,INR,Jaquar,10k catalog row 9804
LRG-09805,Bulk SKU 9805,Building Materials,pcs,815,INR,Asian Paints,10k catalog row 9805
LRG-09806,Bulk SKU 9806,Lighting & Fixtures,pcs,816,INR,Bosch,10k catalog row 9806
LRG-09807,Bulk SKU 9807,Timber & Wood,pcs,817,INR,3M,10k catalog row 9807
LRG-09808,Bulk SKU 9808,Glass & Aluminium,pcs,818,INR,Jindal,10k catalog row 9808
LRG-09809,Bulk SKU 9809,Sanitary Ware,pcs,819,INR,Saint-Gobain,10k catalog row 9809
LRG-09810,Bulk SKU 9810,Steel & Metal,pcs,820,INR,UltraTech,10k catalog row 9810
LRG-09811,Bulk SKU 9811,Tiles & Flooring,pcs,821,INR,Tata,10k catalog row 9811
LRG-09812,Bulk SKU 9812,Electrical Supplies,pcs,822,INR,Kajaria,10k catalog row 9812
LRG-09813,Bulk SKU 9813,Plumbing & HVAC,pcs,823,INR,Havells,10k catalog row 9813
LRG-09814,Bulk SKU 9814,Paint & Finishes,pcs,824,INR,Jaquar,10k catalog row 9814
LRG-09815,Bulk SKU 9815,Building Materials,pcs,825,INR,Asian Paints,10k catalog row 9815
LRG-09816,Bulk SKU 9816,Lighting & Fixtures,pcs,826,INR,Bosch,10k catalog row 9816
LRG-09817,Bulk SKU 9817,Timber & Wood,pcs,827,INR,3M,10k catalog row 9817
LRG-09818,Bulk SKU 9818,Glass & Aluminium,pcs,828,INR,Jindal,10k catalog row 9818
LRG-09819,Bulk SKU 9819,Sanitary Ware,pcs,829,INR,Saint-Gobain,10k catalog row 9819
LRG-09820,Bulk SKU 9820,Steel & Metal,pcs,830,INR,UltraTech,10k catalog row 9820
LRG-09821,Bulk SKU 9821,Tiles & Flooring,pcs,831,INR,Tata,10k catalog row 9821
LRG-09822,Bulk SKU 9822,Electrical Supplies,pcs,832,INR,Kajaria,10k catalog row 9822
LRG-09823,Bulk SKU 9823,Plumbing & HVAC,pcs,833,INR,Havells,10k catalog row 9823
LRG-09824,Bulk SKU 9824,Paint & Finishes,pcs,834,INR,Jaquar,10k catalog row 9824
LRG-09825,Bulk SKU 9825,Building Materials,pcs,835,INR,Asian Paints,10k catalog row 9825
LRG-09826,Bulk SKU 9826,Lighting & Fixtures,pcs,836,INR,Bosch,10k catalog row 9826
LRG-09827,Bulk SKU 9827,Timber & Wood,pcs,837,INR,3M,10k catalog row 9827
LRG-09828,Bulk SKU 9828,Glass & Aluminium,pcs,838,INR,Jindal,10k catalog row 9828
LRG-09829,Bulk SKU 9829,Sanitary Ware,pcs,839,INR,Saint-Gobain,10k catalog row 9829
LRG-09830,Bulk SKU 9830,Steel & Metal,pcs,840,INR,UltraTech,10k catalog row 9830
LRG-09831,Bulk SKU 9831,Tiles & Flooring,pcs,841,INR,Tata,10k catalog row 9831
LRG-09832,Bulk SKU 9832,Electrical Supplies,pcs,842,INR,Kajaria,10k catalog row 9832
LRG-09833,Bulk SKU 9833,Plumbing & HVAC,pcs,843,INR,Havells,10k catalog row 9833
LRG-09834,Bulk SKU 9834,Paint & Finishes,pcs,844,INR,Jaquar,10k catalog row 9834
LRG-09835,Bulk SKU 9835,Building Materials,pcs,845,INR,Asian Paints,10k catalog row 9835
LRG-09836,Bulk SKU 9836,Lighting & Fixtures,pcs,846,INR,Bosch,10k catalog row 9836
LRG-09837,Bulk SKU 9837,Timber & Wood,pcs,847,INR,3M,10k catalog row 9837
LRG-09838,Bulk SKU 9838,Glass & Aluminium,pcs,848,INR,Jindal,10k catalog row 9838
LRG-09839,Bulk SKU 9839,Sanitary Ware,pcs,849,INR,Saint-Gobain,10k catalog row 9839
LRG-09840,Bulk SKU 9840,Steel & Metal,pcs,850,INR,UltraTech,10k catalog row 9840
LRG-09841,Bulk SKU 9841,Tiles & Flooring,pcs,851,INR,Tata,10k catalog row 9841
LRG-09842,Bulk SKU 9842,Electrical Supplies,pcs,852,INR,Kajaria,10k catalog row 9842
LRG-09843,Bulk SKU 9843,Plumbing & HVAC,pcs,853,INR,Havells,10k catalog row 9843
LRG-09844,Bulk SKU 9844,Paint & Finishes,pcs,854,INR,Jaquar,10k catalog row 9844
LRG-09845,Bulk SKU 9845,Building Materials,pcs,855,INR,Asian Paints,10k catalog row 9845
LRG-09846,Bulk SKU 9846,Lighting & Fixtures,pcs,856,INR,Bosch,10k catalog row 9846
LRG-09847,Bulk SKU 9847,Timber & Wood,pcs,857,INR,3M,10k catalog row 9847
LRG-09848,Bulk SKU 9848,Glass & Aluminium,pcs,858,INR,Jindal,10k catalog row 9848
LRG-09849,Bulk SKU 9849,Sanitary Ware,pcs,859,INR,Saint-Gobain,10k catalog row 9849
LRG-09850,Bulk SKU 9850,Steel & Metal,pcs,860,INR,UltraTech,10k catalog row 9850
LRG-09851,Bulk SKU 9851,Tiles & Flooring,pcs,861,INR,Tata,10k catalog row 9851
LRG-09852,Bulk SKU 9852,Electrical Supplies,pcs,862,INR,Kajaria,10k catalog row 9852
LRG-09853,Bulk SKU 9853,Plumbing & HVAC,pcs,863,INR,Havells,10k catalog row 9853
LRG-09854,Bulk SKU 9854,Paint & Finishes,pcs,864,INR,Jaquar,10k catalog row 9854
LRG-09855,Bulk SKU 9855,Building Materials,pcs,865,INR,Asian Paints,10k catalog row 9855
LRG-09856,Bulk SKU 9856,Lighting & Fixtures,pcs,866,INR,Bosch,10k catalog row 9856
LRG-09857,Bulk SKU 9857,Timber & Wood,pcs,867,INR,3M,10k catalog row 9857
LRG-09858,Bulk SKU 9858,Glass & Aluminium,pcs,868,INR,Jindal,10k catalog row 9858
LRG-09859,Bulk SKU 9859,Sanitary Ware,pcs,869,INR,Saint-Gobain,10k catalog row 9859
LRG-09860,Bulk SKU 9860,Steel & Metal,pcs,870,INR,UltraTech,10k catalog row 9860
LRG-09861,Bulk SKU 9861,Tiles & Flooring,pcs,871,INR,Tata,10k catalog row 9861
LRG-09862,Bulk SKU 9862,Electrical Supplies,pcs,872,INR,Kajaria,10k catalog row 9862
LRG-09863,Bulk SKU 9863,Plumbing & HVAC,pcs,873,INR,Havells,10k catalog row 9863
LRG-09864,Bulk SKU 9864,Paint & Finishes,pcs,874,INR,Jaquar,10k catalog row 9864
LRG-09865,Bulk SKU 9865,Building Materials,pcs,875,INR,Asian Paints,10k catalog row 9865
LRG-09866,Bulk SKU 9866,Lighting & Fixtures,pcs,876,INR,Bosch,10k catalog row 9866
LRG-09867,Bulk SKU 9867,Timber & Wood,pcs,877,INR,3M,10k catalog row 9867
LRG-09868,Bulk SKU 9868,Glass & Aluminium,pcs,878,INR,Jindal,10k catalog row 9868
LRG-09869,Bulk SKU 9869,Sanitary Ware,pcs,879,INR,Saint-Gobain,10k catalog row 9869
LRG-09870,Bulk SKU 9870,Steel & Metal,pcs,880,INR,UltraTech,10k catalog row 9870
LRG-09871,Bulk SKU 9871,Tiles & Flooring,pcs,881,INR,Tata,10k catalog row 9871
LRG-09872,Bulk SKU 9872,Electrical Supplies,pcs,882,INR,Kajaria,10k catalog row 9872
LRG-09873,Bulk SKU 9873,Plumbing & HVAC,pcs,883,INR,Havells,10k catalog row 9873
LRG-09874,Bulk SKU 9874,Paint & Finishes,pcs,884,INR,Jaquar,10k catalog row 9874
LRG-09875,Bulk SKU 9875,Building Materials,pcs,885,INR,Asian Paints,10k catalog row 9875
LRG-09876,Bulk SKU 9876,Lighting & Fixtures,pcs,886,INR,Bosch,10k catalog row 9876
LRG-09877,Bulk SKU 9877,Timber & Wood,pcs,887,INR,3M,10k catalog row 9877
LRG-09878,Bulk SKU 9878,Glass & Aluminium,pcs,888,INR,Jindal,10k catalog row 9878
LRG-09879,Bulk SKU 9879,Sanitary Ware,pcs,889,INR,Saint-Gobain,10k catalog row 9879
LRG-09880,Bulk SKU 9880,Steel & Metal,pcs,890,INR,UltraTech,10k catalog row 9880
LRG-09881,Bulk SKU 9881,Tiles & Flooring,pcs,891,INR,Tata,10k catalog row 9881
LRG-09882,Bulk SKU 9882,Electrical Supplies,pcs,892,INR,Kajaria,10k catalog row 9882
LRG-09883,Bulk SKU 9883,Plumbing & HVAC,pcs,893,INR,Havells,10k catalog row 9883
LRG-09884,Bulk SKU 9884,Paint & Finishes,pcs,894,INR,Jaquar,10k catalog row 9884
LRG-09885,Bulk SKU 9885,Building Materials,pcs,895,INR,Asian Paints,10k catalog row 9885
LRG-09886,Bulk SKU 9886,Lighting & Fixtures,pcs,896,INR,Bosch,10k catalog row 9886
LRG-09887,Bulk SKU 9887,Timber & Wood,pcs,897,INR,3M,10k catalog row 9887
LRG-09888,Bulk SKU 9888,Glass & Aluminium,pcs,898,INR,Jindal,10k catalog row 9888
LRG-09889,Bulk SKU 9889,Sanitary Ware,pcs,899,INR,Saint-Gobain,10k catalog row 9889
LRG-09890,Bulk SKU 9890,Steel & Metal,pcs,900,INR,UltraTech,10k catalog row 9890
LRG-09891,Bulk SKU 9891,Tiles & Flooring,pcs,901,INR,Tata,10k catalog row 9891
LRG-09892,Bulk SKU 9892,Electrical Supplies,pcs,902,INR,Kajaria,10k catalog row 9892
LRG-09893,Bulk SKU 9893,Plumbing & HVAC,pcs,903,INR,Havells,10k catalog row 9893
LRG-09894,Bulk SKU 9894,Paint & Finishes,pcs,904,INR,Jaquar,10k catalog row 9894
LRG-09895,Bulk SKU 9895,Building Materials,pcs,905,INR,Asian Paints,10k catalog row 9895
LRG-09896,Bulk SKU 9896,Lighting & Fixtures,pcs,906,INR,Bosch,10k catalog row 9896
LRG-09897,Bulk SKU 9897,Timber & Wood,pcs,907,INR,3M,10k catalog row 9897
LRG-09898,Bulk SKU 9898,Glass & Aluminium,pcs,908,INR,Jindal,10k catalog row 9898
LRG-09899,Bulk SKU 9899,Sanitary Ware,pcs,909,INR,Saint-Gobain,10k catalog row 9899
LRG-09900,Bulk SKU 9900,Steel & Metal,pcs,10,INR,UltraTech,10k catalog row 9900
LRG-09901,Bulk SKU 9901,Tiles & Flooring,pcs,11,INR,Tata,10k catalog row 9901
LRG-09902,Bulk SKU 9902,Electrical Supplies,pcs,12,INR,Kajaria,10k catalog row 9902
LRG-09903,Bulk SKU 9903,Plumbing & HVAC,pcs,13,INR,Havells,10k catalog row 9903
LRG-09904,Bulk SKU 9904,Paint & Finishes,pcs,14,INR,Jaquar,10k catalog row 9904
LRG-09905,Bulk SKU 9905,Building Materials,pcs,15,INR,Asian Paints,10k catalog row 9905
LRG-09906,Bulk SKU 9906,Lighting & Fixtures,pcs,16,INR,Bosch,10k catalog row 9906
LRG-09907,Bulk SKU 9907,Timber & Wood,pcs,17,INR,3M,10k catalog row 9907
LRG-09908,Bulk SKU 9908,Glass & Aluminium,pcs,18,INR,Jindal,10k catalog row 9908
LRG-09909,Bulk SKU 9909,Sanitary Ware,pcs,19,INR,Saint-Gobain,10k catalog row 9909
LRG-09910,Bulk SKU 9910,Steel & Metal,pcs,20,INR,UltraTech,10k catalog row 9910
LRG-09911,Bulk SKU 9911,Tiles & Flooring,pcs,21,INR,Tata,10k catalog row 9911
LRG-09912,Bulk SKU 9912,Electrical Supplies,pcs,22,INR,Kajaria,10k catalog row 9912
LRG-09913,Bulk SKU 9913,Plumbing & HVAC,pcs,23,INR,Havells,10k catalog row 9913
LRG-09914,Bulk SKU 9914,Paint & Finishes,pcs,24,INR,Jaquar,10k catalog row 9914
LRG-09915,Bulk SKU 9915,Building Materials,pcs,25,INR,Asian Paints,10k catalog row 9915
LRG-09916,Bulk SKU 9916,Lighting & Fixtures,pcs,26,INR,Bosch,10k catalog row 9916
LRG-09917,Bulk SKU 9917,Timber & Wood,pcs,27,INR,3M,10k catalog row 9917
LRG-09918,Bulk SKU 9918,Glass & Aluminium,pcs,28,INR,Jindal,10k catalog row 9918
LRG-09919,Bulk SKU 9919,Sanitary Ware,pcs,29,INR,Saint-Gobain,10k catalog row 9919
LRG-09920,Bulk SKU 9920,Steel & Metal,pcs,30,INR,UltraTech,10k catalog row 9920
LRG-09921,Bulk SKU 9921,Tiles & Flooring,pcs,31,INR,Tata,10k catalog row 9921
LRG-09922,Bulk SKU 9922,Electrical Supplies,pcs,32,INR,Kajaria,10k catalog row 9922
LRG-09923,Bulk SKU 9923,Plumbing & HVAC,pcs,33,INR,Havells,10k catalog row 9923
LRG-09924,Bulk SKU 9924,Paint & Finishes,pcs,34,INR,Jaquar,10k catalog row 9924
LRG-09925,Bulk SKU 9925,Building Materials,pcs,35,INR,Asian Paints,10k catalog row 9925
LRG-09926,Bulk SKU 9926,Lighting & Fixtures,pcs,36,INR,Bosch,10k catalog row 9926
LRG-09927,Bulk SKU 9927,Timber & Wood,pcs,37,INR,3M,10k catalog row 9927
LRG-09928,Bulk SKU 9928,Glass & Aluminium,pcs,38,INR,Jindal,10k catalog row 9928
LRG-09929,Bulk SKU 9929,Sanitary Ware,pcs,39,INR,Saint-Gobain,10k catalog row 9929
LRG-09930,Bulk SKU 9930,Steel & Metal,pcs,40,INR,UltraTech,10k catalog row 9930
LRG-09931,Bulk SKU 9931,Tiles & Flooring,pcs,41,INR,Tata,10k catalog row 9931
LRG-09932,Bulk SKU 9932,Electrical Supplies,pcs,42,INR,Kajaria,10k catalog row 9932
LRG-09933,Bulk SKU 9933,Plumbing & HVAC,pcs,43,INR,Havells,10k catalog row 9933
LRG-09934,Bulk SKU 9934,Paint & Finishes,pcs,44,INR,Jaquar,10k catalog row 9934
LRG-09935,Bulk SKU 9935,Building Materials,pcs,45,INR,Asian Paints,10k catalog row 9935
LRG-09936,Bulk SKU 9936,Lighting & Fixtures,pcs,46,INR,Bosch,10k catalog row 9936
LRG-09937,Bulk SKU 9937,Timber & Wood,pcs,47,INR,3M,10k catalog row 9937
LRG-09938,Bulk SKU 9938,Glass & Aluminium,pcs,48,INR,Jindal,10k catalog row 9938
LRG-09939,Bulk SKU 9939,Sanitary Ware,pcs,49,INR,Saint-Gobain,10k catalog row 9939
LRG-09940,Bulk SKU 9940,Steel & Metal,pcs,50,INR,UltraTech,10k catalog row 9940
LRG-09941,Bulk SKU 9941,Tiles & Flooring,pcs,51,INR,Tata,10k catalog row 9941
LRG-09942,Bulk SKU 9942,Electrical Supplies,pcs,52,INR,Kajaria,10k catalog row 9942
LRG-09943,Bulk SKU 9943,Plumbing & HVAC,pcs,53,INR,Havells,10k catalog row 9943
LRG-09944,Bulk SKU 9944,Paint & Finishes,pcs,54,INR,Jaquar,10k catalog row 9944
LRG-09945,Bulk SKU 9945,Building Materials,pcs,55,INR,Asian Paints,10k catalog row 9945
LRG-09946,Bulk SKU 9946,Lighting & Fixtures,pcs,56,INR,Bosch,10k catalog row 9946
LRG-09947,Bulk SKU 9947,Timber & Wood,pcs,57,INR,3M,10k catalog row 9947
LRG-09948,Bulk SKU 9948,Glass & Aluminium,pcs,58,INR,Jindal,10k catalog row 9948
LRG-09949,Bulk SKU 9949,Sanitary Ware,pcs,59,INR,Saint-Gobain,10k catalog row 9949
LRG-09950,Bulk SKU 9950,Steel & Metal,pcs,60,INR,UltraTech,10k catalog row 9950
LRG-09951,Bulk SKU 9951,Tiles & Flooring,pcs,61,INR,Tata,10k catalog row 9951
LRG-09952,Bulk SKU 9952,Electrical Supplies,pcs,62,INR,Kajaria,10k catalog row 9952
LRG-09953,Bulk SKU 9953,Plumbing & HVAC,pcs,63,INR,Havells,10k catalog row 9953
LRG-09954,Bulk SKU 9954,Paint & Finishes,pcs,64,INR,Jaquar,10k catalog row 9954
LRG-09955,Bulk SKU 9955,Building Materials,pcs,65,INR,Asian Paints,10k catalog row 9955
LRG-09956,Bulk SKU 9956,Lighting & Fixtures,pcs,66,INR,Bosch,10k catalog row 9956
LRG-09957,Bulk SKU 9957,Timber & Wood,pcs,67,INR,3M,10k catalog row 9957
LRG-09958,Bulk SKU 9958,Glass & Aluminium,pcs,68,INR,Jindal,10k catalog row 9958
LRG-09959,Bulk SKU 9959,Sanitary Ware,pcs,69,INR,Saint-Gobain,10k catalog row 9959
LRG-09960,Bulk SKU 9960,Steel & Metal,pcs,70,INR,UltraTech,10k catalog row 9960
LRG-09961,Bulk SKU 9961,Tiles & Flooring,pcs,71,INR,Tata,10k catalog row 9961
LRG-09962,Bulk SKU 9962,Electrical Supplies,pcs,72,INR,Kajaria,10k catalog row 9962
LRG-09963,Bulk SKU 9963,Plumbing & HVAC,pcs,73,INR,Havells,10k catalog row 9963
LRG-09964,Bulk SKU 9964,Paint & Finishes,pcs,74,INR,Jaquar,10k catalog row 9964
LRG-09965,Bulk SKU 9965,Building Materials,pcs,75,INR,Asian Paints,10k catalog row 9965
LRG-09966,Bulk SKU 9966,Lighting & Fixtures,pcs,76,INR,Bosch,10k catalog row 9966
LRG-09967,Bulk SKU 9967,Timber & Wood,pcs,77,INR,3M,10k catalog row 9967
LRG-09968,Bulk SKU 9968,Glass & Aluminium,pcs,78,INR,Jindal,10k catalog row 9968
LRG-09969,Bulk SKU 9969,Sanitary Ware,pcs,79,INR,Saint-Gobain,10k catalog row 9969
LRG-09970,Bulk SKU 9970,Steel & Metal,pcs,80,INR,UltraTech,10k catalog row 9970
LRG-09971,Bulk SKU 9971,Tiles & Flooring,pcs,81,INR,Tata,10k catalog row 9971
LRG-09972,Bulk SKU 9972,Electrical Supplies,pcs,82,INR,Kajaria,10k catalog row 9972
LRG-09973,Bulk SKU 9973,Plumbing & HVAC,pcs,83,INR,Havells,10k catalog row 9973
LRG-09974,Bulk SKU 9974,Paint & Finishes,pcs,84,INR,Jaquar,10k catalog row 9974
LRG-09975,Bulk SKU 9975,Building Materials,pcs,85,INR,Asian Paints,10k catalog row 9975
LRG-09976,Bulk SKU 9976,Lighting & Fixtures,pcs,86,INR,Bosch,10k catalog row 9976
LRG-09977,Bulk SKU 9977,Timber & Wood,pcs,87,INR,3M,10k catalog row 9977
LRG-09978,Bulk SKU 9978,Glass & Aluminium,pcs,88,INR,Jindal,10k catalog row 9978
LRG-09979,Bulk SKU 9979,Sanitary Ware,pcs,89,INR,Saint-Gobain,10k catalog row 9979
LRG-09980,Bulk SKU 9980,Steel & Metal,pcs,90,INR,UltraTech,10k catalog row 9980
LRG-09981,Bulk SKU 9981,Tiles & Flooring,pcs,91,INR,Tata,10k catalog row 9981
LRG-09982,Bulk SKU 9982,Electrical Supplies,pcs,92,INR,Kajaria,10k catalog row 9982
LRG-09983,Bulk SKU 9983,Plumbing & HVAC,pcs,93,INR,Havells,10k catalog row 9983
LRG-09984,Bulk SKU 9984,Paint & Finishes,pcs,94,INR,Jaquar,10k catalog row 9984
LRG-09985,Bulk SKU 9985,Building Materials,pcs,95,INR,Asian Paints,10k catalog row 9985
LRG-09986,Bulk SKU 9986,Lighting & Fixtures,pcs,96,INR,Bosch,10k catalog row 9986
LRG-09987,Bulk SKU 9987,Timber & Wood,pcs,97,INR,3M,10k catalog row 9987
LRG-09988,Bulk SKU 9988,Glass & Aluminium,pcs,98,INR,Jindal,10k catalog row 9988
LRG-09989,Bulk SKU 9989,Sanitary Ware,pcs,99,INR,Saint-Gobain,10k catalog row 9989
LRG-09990,Bulk SKU 9990,Steel & Metal,pcs,100,INR,UltraTech,10k catalog row 9990
LRG-09991,Bulk SKU 9991,Tiles & Flooring,pcs,101,INR,Tata,10k catalog row 9991
LRG-09992,Bulk SKU 9992,Electrical Supplies,pcs,102,INR,Kajaria,10k catalog row 9992
LRG-09993,Bulk SKU 9993,Plumbing & HVAC,pcs,103,INR,Havells,10k catalog row 9993
LRG-09994,Bulk SKU 9994,Paint & Finishes,pcs,104,INR,Jaquar,10k catalog row 9994
LRG-09995,Bulk SKU 9995,Building Materials,pcs,105,INR,Asian Paints,10k catalog row 9995
LRG-09996,Bulk SKU 9996,Lighting & Fixtures,pcs,106,INR,Bosch,10k catalog row 9996
LRG-09997,Bulk SKU 9997,Timber & Wood,pcs,107,INR,3M,10k catalog row 9997
LRG-09998,Bulk SKU 9998,Glass & Aluminium,pcs,108,INR,Jindal,10k catalog row 9998
LRG-09999,Bulk SKU 9999,Sanitary Ware,pcs,109,INR,Saint-Gobain,10k catalog row 9999
LRG-10000,Bulk SKU 10000,Steel & Metal,pcs,110,INR,UltraTech,10k catalog row 10000
